10:24:53 DEBUG : Logs will be stored at '/tmp/Project_aktuell/IDE.log'.
10:24:55 INFO  : Launching XSCT server: xsct -n  -interactive /tmp/Project_aktuell/temp_xsdb_launch_script.tcl
10:24:56 INFO  : Registering command handlers for Vitis TCF services
10:24:57 INFO  : Platform repository initialization has completed.
10:24:59 INFO  : XSCT server has started successfully.
10:25:01 INFO  : plnx-install-location is set to ''
10:25:01 INFO  : Successfully done setting XSCT server connection channel  
10:25:01 INFO  : Successfully done query RDI_DATADIR 
10:25:01 INFO  : Successfully done setting workspace for the tool. 
10:34:16 INFO  : Result from executing command 'getProjects': design_1_wrapper
10:34:16 INFO  : Result from executing command 'getPlatforms': xilinx_vck190_base_202220_1|/Software/xilinx/Vitis/2022.2/base_platforms/xilinx_vck190_base_202220_1/xilinx_vck190_base_202220_1.xpfm;xilinx_vck190_base_dfx_202220_1|/Software/xilinx/Vitis/2022.2/base_platforms/xilinx_vck190_base_dfx_202220_1/xilinx_vck190_base_dfx_202220_1.xpfm;xilinx_vmk180_base_202220_1|/Software/xilinx/Vitis/2022.2/base_platforms/xilinx_vmk180_base_202220_1/xilinx_vmk180_base_202220_1.xpfm;xilinx_zcu102_base_202220_1|/Software/xilinx/Vitis/2022.2/base_platforms/xilinx_zcu102_base_202220_1/xilinx_zcu102_base_202220_1.xpfm;xilinx_zcu102_base_dfx_202220_1|/Software/xilinx/Vitis/2022.2/base_platforms/xilinx_zcu102_base_dfx_202220_1/xilinx_zcu102_base_dfx_202220_1.xpfm;xilinx_zcu104_base_202220_1|/Software/xilinx/Vitis/2022.2/base_platforms/xilinx_zcu104_base_202220_1/xilinx_zcu104_base_202220_1.xpfm
10:34:16 WARN  : An unexpected exception occurred in the module 'platform project logging'
10:34:17 INFO  : Platform 'design_1_wrapper' is added to custom repositories.
10:34:24 INFO  : Platform 'design_1_wrapper' is added to custom repositories.
10:37:03 INFO  : Example project xgpio_example_1 has been created successfully.
10:38:19 INFO  : Example project xbram_example_1 has been created successfully.
10:45:40 INFO  : Result from executing command 'getProjects': design_1_wrapper
10:45:40 INFO  : Result from executing command 'getPlatforms': design_1_wrapper|/tmp/Project_aktuell/design_1_wrapper/export/design_1_wrapper/design_1_wrapper.xpfm;xilinx_vck190_base_202220_1|/Software/xilinx/Vitis/2022.2/base_platforms/xilinx_vck190_base_202220_1/xilinx_vck190_base_202220_1.xpfm;xilinx_vck190_base_dfx_202220_1|/Software/xilinx/Vitis/2022.2/base_platforms/xilinx_vck190_base_dfx_202220_1/xilinx_vck190_base_dfx_202220_1.xpfm;xilinx_vmk180_base_202220_1|/Software/xilinx/Vitis/2022.2/base_platforms/xilinx_vmk180_base_202220_1/xilinx_vmk180_base_202220_1.xpfm;xilinx_zcu102_base_202220_1|/Software/xilinx/Vitis/2022.2/base_platforms/xilinx_zcu102_base_202220_1/xilinx_zcu102_base_202220_1.xpfm;xilinx_zcu102_base_dfx_202220_1|/Software/xilinx/Vitis/2022.2/base_platforms/xilinx_zcu102_base_dfx_202220_1/xilinx_zcu102_base_dfx_202220_1.xpfm;xilinx_zcu104_base_202220_1|/Software/xilinx/Vitis/2022.2/base_platforms/xilinx_zcu104_base_202220_1/xilinx_zcu104_base_202220_1.xpfm
10:45:44 INFO  : Checking for BSP changes to sync application flags for project 'bildschirmschoner'...
10:47:55 INFO  : Connected to target on host '127.0.0.1' and port '3121'.
10:48:11 INFO  : 'targets -set -filter {jtag_cable_name =~ "RealDigital Bla 887100000307A" && level==0 && jtag_device_ctx=="jsn1-13723093-0"}' command is executed.
10:48:11 INFO  : 'fpga -state' command is executed.
10:48:11 INFO  : Connected to target on host '127.0.0.1' and port '3121'.
10:48:11 INFO  : Jtag cable 'RealDigital Bla 887100000307A' is selected.
10:48:11 INFO  : 'jtag frequency' command is executed.
10:48:11 INFO  : Context for 'APU' is selected.
10:48:11 INFO  : System reset is completed.
10:48:14 INFO  : 'after 3000' command is executed.
10:48:14 INFO  : Context for 'APU' is selected.
10:48:14 INFO  : Hardware design and registers information is loaded from '/tmp/Project_aktuell/design_1_wrapper/export/design_1_wrapper/hw/design_1_wrapper.xsa'.
10:48:14 INFO  : 'configparams force-mem-access 1' command is executed.
10:48:14 INFO  : Context for 'APU' is selected.
10:48:14 INFO  : Sourcing of '/tmp/Project_aktuell/bildschirmschoner/_ide/psinit/ps7_init.tcl' is done.
10:48:14 INFO  : 'ps7_init' command is executed.
10:48:14 INFO  : 'ps7_post_config' command is executed.
10:48:14 INFO  : Context for processor 'ps7_cortexa9_0' is selected.
10:48:16 ERROR : Memory write error at 0x100000. Cannot read clidr. APB AP transaction error, DAP status 0xF0000021
10:48:16 INFO  : ----------------XSDB Script----------------
connect -url tcp:127.0.0.1:3121
targets -set -nocase -filter {name =~"APU*"}
rst -system
after 3000
targets -set -nocase -filter {name =~"APU*"}
loadhw -hw /tmp/Project_aktuell/design_1_wrapper/export/design_1_wrapper/hw/design_1_wrapper.xsa -mem-ranges [list {0x40000000 0xbfffffff}] -regs
configparams force-mem-access 1
targets -set -nocase -filter {name =~"APU*"}
source /tmp/Project_aktuell/bildschirmschoner/_ide/psinit/ps7_init.tcl
ps7_init
ps7_post_config
targets -set -nocase -filter {name =~ "*A9*#0"}
dow /tmp/Project_aktuell/bildschirmschoner/Debug/bildschirmschoner.elf
----------------End of Script----------------

10:48:16 ERROR : Memory write error at 0x100000. Cannot read clidr. APB AP transaction error, DAP status 0xF0000021
10:49:48 INFO  : Checking for BSP changes to sync application flags for project 'bildschirmschoner'...
10:50:08 INFO  : 'targets -set -filter {jtag_cable_name =~ "RealDigital Bla 887100000307A" && level==0 && jtag_device_ctx=="jsn1-13723093-0"}' command is executed.
10:50:08 INFO  : 'fpga -state' command is executed.
10:50:08 INFO  : Connected to target on host '127.0.0.1' and port '3121'.
10:50:09 INFO  : Jtag cable 'RealDigital Bla 887100000307A' is selected.
10:50:09 INFO  : 'jtag frequency' command is executed.
10:50:09 INFO  : Context for 'APU' is selected.
10:50:09 ERROR : Cannot reset APU. APB AP transaction error, DAP status 0xF0000021
10:50:09 INFO  : ----------------XSDB Script----------------
connect -url tcp:127.0.0.1:3121
targets -set -nocase -filter {name =~"APU*"}
rst -system
after 3000
----------------End of Script----------------

10:50:09 ERROR : Cannot reset APU. APB AP transaction error, DAP status 0xF0000021
10:50:30 INFO  : Checking for BSP changes to sync application flags for project 'bildschirmschoner'...
10:50:46 INFO  : 'targets -set -filter {jtag_cable_name =~ "RealDigital Bla 887100000307A" && level==0 && jtag_device_ctx=="jsn1-13723093-0"}' command is executed.
10:50:46 INFO  : 'fpga -state' command is executed.
10:50:46 INFO  : Connected to target on host '127.0.0.1' and port '3121'.
10:50:46 INFO  : Jtag cable 'RealDigital Bla 887100000307A' is selected.
10:50:46 INFO  : 'jtag frequency' command is executed.
10:50:46 INFO  : Context for 'APU' is selected.
10:50:46 ERROR : Cannot reset APU. APB AP transaction error, DAP status 0xF0000021
10:50:46 INFO  : ----------------XSDB Script----------------
connect -url tcp:127.0.0.1:3121
targets -set -nocase -filter {name =~"APU*"}
rst -system
after 3000
----------------End of Script----------------

10:50:46 ERROR : Cannot reset APU. APB AP transaction error, DAP status 0xF0000021
10:51:01 INFO  : 'targets -set -filter {jtag_cable_name =~ "RealDigital Bla 887100000307A" && level==0 && jtag_device_ctx=="jsn1-13723093-0"}' command is executed.
10:51:01 INFO  : 'fpga -state' command is executed.
10:51:01 INFO  : Connected to target on host '127.0.0.1' and port '3121'.
10:51:01 INFO  : Jtag cable 'RealDigital Bla 887100000307A' is selected.
10:51:01 INFO  : 'jtag frequency' command is executed.
10:51:01 INFO  : Context for 'APU' is selected.
10:51:01 ERROR : Cannot reset APU. APB AP transaction error, DAP status 0xF0000021
10:51:01 INFO  : ----------------XSDB Script----------------
connect -url tcp:127.0.0.1:3121
targets -set -nocase -filter {name =~"APU*"}
rst -system
after 3000
----------------End of Script----------------

10:51:01 ERROR : Cannot reset APU. APB AP transaction error, DAP status 0xF0000021
10:51:15 INFO  : 'targets -set -filter {jtag_cable_name =~ "RealDigital Bla 887100000307A" && level==0 && jtag_device_ctx=="jsn1-13723093-0"}' command is executed.
10:51:15 INFO  : 'fpga -state' command is executed.
10:51:15 INFO  : Connected to target on host '127.0.0.1' and port '3121'.
10:51:15 INFO  : Jtag cable 'RealDigital Bla 887100000307A' is selected.
10:51:15 INFO  : 'jtag frequency' command is executed.
10:51:15 INFO  : Context for 'APU' is selected.
10:51:15 ERROR : Cannot reset APU. APB AP transaction error, DAP status 0xF0000021
10:51:15 INFO  : ----------------XSDB Script----------------
connect -url tcp:127.0.0.1:3121
targets -set -nocase -filter {name =~"APU*"}
rst -system
after 3000
----------------End of Script----------------

10:51:15 ERROR : Cannot reset APU. APB AP transaction error, DAP status 0xF0000021
10:53:18 INFO  : Checking for BSP changes to sync application flags for project 'bildschirmschoner'...
10:54:03 INFO  : 'targets -set -filter {jtag_cable_name =~ "RealDigital Bla 887100000307A" && level==0 && jtag_device_ctx=="jsn1-13723093-0"}' command is executed.
10:54:03 INFO  : 'fpga -state' command is executed.
10:54:10 INFO  : Connected to target on host '127.0.0.1' and port '3121'.
10:54:10 INFO  : Jtag cable 'RealDigital Bla 887100000307A' is selected.
10:54:10 INFO  : 'jtag frequency' command is executed.
10:54:10 INFO  : Context for 'APU' is selected.
10:54:10 INFO  : System reset is completed.
10:54:13 INFO  : 'after 3000' command is executed.
10:54:13 INFO  : Context for 'APU' is selected.
10:54:13 ERROR : can't read "map": no such variable
10:54:13 INFO  : ----------------XSDB Script----------------
connect -url tcp:127.0.0.1:3121
targets -set -nocase -filter {name =~"APU*"}
rst -system
after 3000
targets -set -nocase -filter {name =~"APU*"}
loadhw -hw /tmp/Project_aktuell/design_1_wrapper/export/design_1_wrapper/hw/design_1_wrapper.xsa -mem-ranges [list {0x40000000 0xbfffffff}] -regs
----------------End of Script----------------

10:54:13 ERROR : can't read "map": no such variable
10:54:29 INFO  : Checking for BSP changes to sync application flags for project 'bildschirmschoner'...
10:54:50 INFO  : 'targets -set -filter {jtag_cable_name =~ "RealDigital Bla 887100000307A" && level==0 && jtag_device_ctx=="jsn1-13723093-0"}' command is executed.
10:54:50 INFO  : 'fpga -state' command is executed.
10:54:52 INFO  : Connected to target on host '127.0.0.1' and port '3121'.
10:54:52 INFO  : Jtag cable 'RealDigital Bla 887100000307A' is selected.
10:54:52 INFO  : 'jtag frequency' command is executed.
10:54:52 INFO  : Context for 'APU' is selected.
10:54:52 INFO  : System reset is completed.
10:54:55 INFO  : 'after 3000' command is executed.
10:54:55 INFO  : Context for 'APU' is selected.
10:54:55 ERROR : can't read "map": no such variable
10:54:55 INFO  : ----------------XSDB Script----------------
connect -url tcp:127.0.0.1:3121
targets -set -nocase -filter {name =~"APU*"}
rst -system
after 3000
targets -set -nocase -filter {name =~"APU*"}
loadhw -hw /tmp/Project_aktuell/design_1_wrapper/export/design_1_wrapper/hw/design_1_wrapper.xsa -mem-ranges [list {0x40000000 0xbfffffff}] -regs
----------------End of Script----------------

10:54:55 ERROR : can't read "map": no such variable
09:42:28 DEBUG : Logs will be stored at '/tmp/Project_aktuell/IDE.log'.
09:42:29 INFO  : Launching XSCT server: xsct -n  -interactive /tmp/Project_aktuell/temp_xsdb_launch_script.tcl
09:42:31 INFO  : Registering command handlers for Vitis TCF services
09:42:32 INFO  : XSCT server has started successfully.
09:42:32 INFO  : plnx-install-location is set to ''
09:42:32 INFO  : Successfully done setting XSCT server connection channel  
09:42:32 INFO  : Platform repository initialization has completed.
09:42:33 INFO  : Successfully done setting workspace for the tool. 
09:42:33 INFO  : Successfully done query RDI_DATADIR 
09:43:21 INFO  : Checking for BSP changes to sync application flags for project 'bildschirmschoner'...
09:43:25 ERROR : (XSDB Server)ERROR: [Hsi 55-1571] The design file /tmp/Project_aktuell/design_1_wrapper/export/design_1_wrapper/hw/design_1_wrapper.xsa is already opened

09:45:54 INFO  : Connected to target on host '127.0.0.1' and port '3121'.
09:46:52 INFO  : Connected to target on host '127.0.0.1' and port '3121'.
09:46:52 INFO  : 'targets -set -filter {jtag_cable_name =~ "RealDigital Bla 887100000307A" && level==0 && jtag_device_ctx=="jsn1-13723093-0"}' command is executed.
09:46:53 ERROR : fpga configuration failed. DONE PIN is not HIGH
09:47:09 INFO  : Connected to target on host '127.0.0.1' and port '3121'.
09:47:09 INFO  : 'targets -set -filter {jtag_cable_name =~ "RealDigital Bla 887100000307A" && level==0 && jtag_device_ctx=="jsn1-13723093-0"}' command is executed.
09:47:11 ERROR : fpga configuration failed. DONE PIN is not HIGH
09:48:10 DEBUG : Logs will be stored at '/tmp/Project_aktuell/IDE.log'.
09:48:11 INFO  : Launching XSCT server: xsct -n  -interactive /tmp/Project_aktuell/temp_xsdb_launch_script.tcl
09:48:13 INFO  : Registering command handlers for Vitis TCF services
09:48:13 INFO  : XSCT server has started successfully.
09:48:13 INFO  : Platform repository initialization has completed.
09:48:13 INFO  : Successfully done setting XSCT server connection channel  
09:48:13 INFO  : plnx-install-location is set to ''
09:48:13 INFO  : Successfully done query RDI_DATADIR 
09:48:13 INFO  : Successfully done setting workspace for the tool. 
09:48:57 DEBUG : Logs will be stored at '/tmp/Project_aktuell/IDE.log'.
09:48:57 INFO  : Launching XSCT server: xsct -n  -interactive /tmp/Project_aktuell/temp_xsdb_launch_script.tcl
09:48:59 INFO  : Registering command handlers for Vitis TCF services
09:48:59 INFO  : XSCT server has started successfully.
09:49:00 INFO  : Platform repository initialization has completed.
09:49:00 INFO  : Successfully done setting XSCT server connection channel  
09:49:00 INFO  : plnx-install-location is set to ''
09:49:00 INFO  : Successfully done query RDI_DATADIR 
09:49:00 INFO  : Successfully done setting workspace for the tool. 
09:51:37 DEBUG : Logs will be stored at '/tmp/Project_aktuell/IDE.log'.
09:51:38 INFO  : Launching XSCT server: xsct -n  -interactive /tmp/Project_aktuell/temp_xsdb_launch_script.tcl
09:51:39 INFO  : Registering command handlers for Vitis TCF services
09:51:40 INFO  : XSCT server has started successfully.
09:51:40 INFO  : Platform repository initialization has completed.
09:51:40 INFO  : Successfully done setting XSCT server connection channel  
09:51:40 INFO  : plnx-install-location is set to ''
09:51:40 INFO  : Successfully done query RDI_DATADIR 
09:51:40 INFO  : Successfully done setting workspace for the tool. 
09:57:03 INFO  : Result from executing command 'getProjects': design_1_wrapper;platform_project_test
09:57:03 INFO  : Result from executing command 'getPlatforms': design_1_wrapper|/tmp/Project_aktuell/design_1_wrapper/export/design_1_wrapper/design_1_wrapper.xpfm;xilinx_vck190_base_202220_1|/Software/xilinx/Vitis/2022.2/base_platforms/xilinx_vck190_base_202220_1/xilinx_vck190_base_202220_1.xpfm;xilinx_vck190_base_dfx_202220_1|/Software/xilinx/Vitis/2022.2/base_platforms/xilinx_vck190_base_dfx_202220_1/xilinx_vck190_base_dfx_202220_1.xpfm;xilinx_vmk180_base_202220_1|/Software/xilinx/Vitis/2022.2/base_platforms/xilinx_vmk180_base_202220_1/xilinx_vmk180_base_202220_1.xpfm;xilinx_zcu102_base_202220_1|/Software/xilinx/Vitis/2022.2/base_platforms/xilinx_zcu102_base_202220_1/xilinx_zcu102_base_202220_1.xpfm;xilinx_zcu102_base_dfx_202220_1|/Software/xilinx/Vitis/2022.2/base_platforms/xilinx_zcu102_base_dfx_202220_1/xilinx_zcu102_base_dfx_202220_1.xpfm;xilinx_zcu104_base_202220_1|/Software/xilinx/Vitis/2022.2/base_platforms/xilinx_zcu104_base_202220_1/xilinx_zcu104_base_202220_1.xpfm
09:58:41 INFO  : Result from executing command 'getProjects': platform_project_test
09:58:41 INFO  : Result from executing command 'getPlatforms': design_1_wrapper|/tmp/Project_aktuell/design_1_wrapper/export/design_1_wrapper/design_1_wrapper.xpfm;platform_project_test|/tmp/Project_aktuell/platform_project_test/export/platform_project_test/platform_project_test.xpfm;xilinx_vck190_base_202220_1|/Software/xilinx/Vitis/2022.2/base_platforms/xilinx_vck190_base_202220_1/xilinx_vck190_base_202220_1.xpfm;xilinx_vck190_base_dfx_202220_1|/Software/xilinx/Vitis/2022.2/base_platforms/xilinx_vck190_base_dfx_202220_1/xilinx_vck190_base_dfx_202220_1.xpfm;xilinx_vmk180_base_202220_1|/Software/xilinx/Vitis/2022.2/base_platforms/xilinx_vmk180_base_202220_1/xilinx_vmk180_base_202220_1.xpfm;xilinx_zcu102_base_202220_1|/Software/xilinx/Vitis/2022.2/base_platforms/xilinx_zcu102_base_202220_1/xilinx_zcu102_base_202220_1.xpfm;xilinx_zcu102_base_dfx_202220_1|/Software/xilinx/Vitis/2022.2/base_platforms/xilinx_zcu102_base_dfx_202220_1/xilinx_zcu102_base_dfx_202220_1.xpfm;xilinx_zcu104_base_202220_1|/Software/xilinx/Vitis/2022.2/base_platforms/xilinx_zcu104_base_202220_1/xilinx_zcu104_base_202220_1.xpfm
09:59:53 INFO  : Checking for BSP changes to sync application flags for project 'bildschirmschoner_app'...
10:00:27 INFO  : Connected to target on host '127.0.0.1' and port '3121'.
10:00:27 INFO  : 'targets -set -filter {jtag_cable_name =~ "RealDigital Bla 887100000307A" && level==0 && jtag_device_ctx=="jsn1-13723093-0"}' command is executed.
10:00:29 INFO  : Device configured successfully with "/tmp/Project_aktuell/bildschirmschoner_app/_ide/bitstream/design_1_wrapper.bit"
10:00:42 INFO  : Connected to target on host '127.0.0.1' and port '3121'.
10:00:42 INFO  : Jtag cable 'RealDigital Bla 887100000307A' is selected.
10:00:42 INFO  : 'jtag frequency' command is executed.
10:00:42 INFO  : Context for 'APU' is selected.
10:00:42 INFO  : System reset is completed.
10:00:45 INFO  : 'after 3000' command is executed.
10:00:45 INFO  : 'targets -set -filter {jtag_cable_name =~ "RealDigital Bla 887100000307A" && level==0 && jtag_device_ctx=="jsn1-13723093-0"}' command is executed.
10:00:46 INFO  : Device configured successfully with "/tmp/Project_aktuell/bildschirmschoner_app/_ide/bitstream/design_1_wrapper.bit"
10:00:46 INFO  : Context for 'APU' is selected.
10:00:46 INFO  : Hardware design and registers information is loaded from '/tmp/Project_aktuell/platform_project_test/export/platform_project_test/hw/design_1_wrapper.xsa'.
10:00:46 INFO  : 'configparams force-mem-access 1' command is executed.
10:00:46 INFO  : Context for 'APU' is selected.
10:00:46 INFO  : Sourcing of '/tmp/Project_aktuell/bildschirmschoner_app/_ide/psinit/ps7_init.tcl' is done.
10:00:47 INFO  : 'ps7_init' command is executed.
10:00:47 INFO  : 'ps7_post_config' command is executed.
10:00:47 INFO  : Context for processor 'ps7_cortexa9_0' is selected.
10:00:49 ERROR : Memory write error at 0x100000. APB AP transaction error, DAP status 0xF0000021
10:00:49 INFO  : ----------------XSDB Script----------------
connect -url tcp:127.0.0.1:3121
targets -set -nocase -filter {name =~"APU*"}
rst -system
after 3000
targets -set -filter {jtag_cable_name =~ "RealDigital Bla 887100000307A" && level==0 && jtag_device_ctx=="jsn1-13723093-0"}
fpga -file /tmp/Project_aktuell/bildschirmschoner_app/_ide/bitstream/design_1_wrapper.bit
targets -set -nocase -filter {name =~"APU*"}
loadhw -hw /tmp/Project_aktuell/platform_project_test/export/platform_project_test/hw/design_1_wrapper.xsa -mem-ranges [list {0x40000000 0xbfffffff}] -regs
configparams force-mem-access 1
targets -set -nocase -filter {name =~"APU*"}
source /tmp/Project_aktuell/bildschirmschoner_app/_ide/psinit/ps7_init.tcl
ps7_init
ps7_post_config
targets -set -nocase -filter {name =~ "*A9*#0"}
dow /tmp/Project_aktuell/bildschirmschoner_app/Debug/bildschirmschoner_app.elf
----------------End of Script----------------

10:00:49 ERROR : Memory write error at 0x100000. APB AP transaction error, DAP status 0xF0000021
10:03:41 INFO  : Connected to target on host '127.0.0.1' and port '3121'.
10:03:41 INFO  : Jtag cable 'RealDigital Bla 887100000307A' is selected.
10:03:41 INFO  : 'jtag frequency' command is executed.
10:03:41 INFO  : Context for 'APU' is selected.
10:03:41 INFO  : System reset is completed.
10:03:44 INFO  : 'after 3000' command is executed.
10:03:44 INFO  : 'targets -set -filter {jtag_cable_name =~ "RealDigital Bla 887100000307A" && level==0 && jtag_device_ctx=="jsn1-13723093-0"}' command is executed.
10:03:45 INFO  : Device configured successfully with "/tmp/Project_aktuell/bildschirmschoner_app/_ide/bitstream/design_1_wrapper.bit"
10:03:45 INFO  : Context for 'APU' is selected.
10:03:45 ERROR : can't read "map": no such variable
10:03:45 INFO  : ----------------XSDB Script----------------
connect -url tcp:127.0.0.1:3121
targets -set -nocase -filter {name =~"APU*"}
rst -system
after 3000
targets -set -filter {jtag_cable_name =~ "RealDigital Bla 887100000307A" && level==0 && jtag_device_ctx=="jsn1-13723093-0"}
fpga -file /tmp/Project_aktuell/bildschirmschoner_app/_ide/bitstream/design_1_wrapper.bit
targets -set -nocase -filter {name =~"APU*"}
loadhw -hw /tmp/Project_aktuell/platform_project_test/export/platform_project_test/hw/design_1_wrapper.xsa -mem-ranges [list {0x40000000 0xbfffffff}] -regs
----------------End of Script----------------

10:03:45 ERROR : can't read "map": no such variable
10:10:35 INFO  : Connected to target on host '127.0.0.1' and port '3121'.
10:10:35 INFO  : Jtag cable 'RealDigital Bla 887100000307A' is selected.
10:10:35 INFO  : 'jtag frequency' command is executed.
10:10:35 INFO  : Context for 'APU' is selected.
10:10:35 INFO  : System reset is completed.
10:10:38 INFO  : 'after 3000' command is executed.
10:10:39 INFO  : 'targets -set -filter {jtag_cable_name =~ "RealDigital Bla 887100000307A" && level==0 && jtag_device_ctx=="jsn1-13723093-0"}' command is executed.
10:10:40 INFO  : Device configured successfully with "/tmp/Project_aktuell/bildschirmschoner_app/_ide/bitstream/design_1_wrapper.bit"
10:10:40 INFO  : Context for 'APU' is selected.
10:10:40 ERROR : can't read "map": no such variable
10:10:40 INFO  : ----------------XSDB Script----------------
connect -url tcp:127.0.0.1:3121
targets -set -nocase -filter {name =~"APU*"}
rst -system
after 3000
targets -set -filter {jtag_cable_name =~ "RealDigital Bla 887100000307A" && level==0 && jtag_device_ctx=="jsn1-13723093-0"}
fpga -file /tmp/Project_aktuell/bildschirmschoner_app/_ide/bitstream/design_1_wrapper.bit
targets -set -nocase -filter {name =~"APU*"}
loadhw -hw /tmp/Project_aktuell/platform_project_test/export/platform_project_test/hw/design_1_wrapper.xsa -mem-ranges [list {0x40000000 0xbfffffff}] -regs
----------------End of Script----------------

10:10:40 ERROR : can't read "map": no such variable
10:14:22 INFO  : Result from executing command 'removePlatformRepo': 
10:14:32 INFO  : Result from executing command 'getProjects': platform_project_test
10:14:32 INFO  : Result from executing command 'getPlatforms': design_1_wrapper|/tmp/Project_aktuell/design_1_wrapper/export/design_1_wrapper/design_1_wrapper.xpfm;xilinx_vck190_base_202220_1|/Software/xilinx/Vitis/2022.2/base_platforms/xilinx_vck190_base_202220_1/xilinx_vck190_base_202220_1.xpfm;xilinx_vck190_base_dfx_202220_1|/Software/xilinx/Vitis/2022.2/base_platforms/xilinx_vck190_base_dfx_202220_1/xilinx_vck190_base_dfx_202220_1.xpfm;xilinx_vmk180_base_202220_1|/Software/xilinx/Vitis/2022.2/base_platforms/xilinx_vmk180_base_202220_1/xilinx_vmk180_base_202220_1.xpfm;xilinx_zcu102_base_202220_1|/Software/xilinx/Vitis/2022.2/base_platforms/xilinx_zcu102_base_202220_1/xilinx_zcu102_base_202220_1.xpfm;xilinx_zcu102_base_dfx_202220_1|/Software/xilinx/Vitis/2022.2/base_platforms/xilinx_zcu102_base_dfx_202220_1/xilinx_zcu102_base_dfx_202220_1.xpfm;xilinx_zcu104_base_202220_1|/Software/xilinx/Vitis/2022.2/base_platforms/xilinx_zcu104_base_202220_1/xilinx_zcu104_base_202220_1.xpfm
10:14:36 INFO  : Checking for BSP changes to sync application flags for project 'bildschirmschoner_app'...
10:14:57 INFO  : Connected to target on host '127.0.0.1' and port '3121'.
10:14:57 INFO  : Jtag cable 'RealDigital Bla 887100000307A' is selected.
10:14:57 INFO  : 'jtag frequency' command is executed.
10:14:57 INFO  : Context for 'APU' is selected.
10:14:57 INFO  : System reset is completed.
10:15:00 INFO  : 'after 3000' command is executed.
10:15:01 INFO  : 'targets -set -filter {jtag_cable_name =~ "RealDigital Bla 887100000307A" && level==0 && jtag_device_ctx=="jsn1-13723093-0"}' command is executed.
10:15:02 INFO  : Device configured successfully with "/tmp/Project_aktuell/bildschirmschoner_app/_ide/bitstream/design_1_wrapper.bit"
10:15:02 INFO  : Context for 'APU' is selected.
10:15:02 ERROR : can't read "map": no such variable
10:15:02 INFO  : ----------------XSDB Script----------------
connect -url tcp:127.0.0.1:3121
targets -set -nocase -filter {name =~"APU*"}
rst -system
after 3000
targets -set -filter {jtag_cable_name =~ "RealDigital Bla 887100000307A" && level==0 && jtag_device_ctx=="jsn1-13723093-0"}
fpga -file /tmp/Project_aktuell/bildschirmschoner_app/_ide/bitstream/design_1_wrapper.bit
targets -set -nocase -filter {name =~"APU*"}
loadhw -hw /tmp/Project_aktuell/platform_project_test/export/platform_project_test/hw/design_1_wrapper.xsa -mem-ranges [list {0x40000000 0xbfffffff}] -regs
----------------End of Script----------------

10:15:02 ERROR : can't read "map": no such variable
10:25:10 INFO  : Connected to target on host '127.0.0.1' and port '3121'.
10:25:10 INFO  : Jtag cable 'RealDigital Bla 887100000307A' is selected.
10:25:10 INFO  : 'jtag frequency' command is executed.
10:25:10 INFO  : Context for 'APU' is selected.
10:25:10 INFO  : System reset is completed.
10:25:13 INFO  : 'after 3000' command is executed.
10:25:13 INFO  : 'targets -set -filter {jtag_cable_name =~ "RealDigital Bla 887100000307A" && level==0 && jtag_device_ctx=="jsn1-13723093-0"}' command is executed.
10:25:14 INFO  : Device configured successfully with "/tmp/Project_aktuell/bildschirmschoner_app/_ide/bitstream/design_1_wrapper.bit"
10:25:14 INFO  : Context for 'APU' is selected.
10:25:14 ERROR : can't read "map": no such variable
10:25:14 INFO  : ----------------XSDB Script----------------
connect -url tcp:127.0.0.1:3121
targets -set -nocase -filter {name =~"APU*"}
rst -system
after 3000
targets -set -filter {jtag_cable_name =~ "RealDigital Bla 887100000307A" && level==0 && jtag_device_ctx=="jsn1-13723093-0"}
fpga -file /tmp/Project_aktuell/bildschirmschoner_app/_ide/bitstream/design_1_wrapper.bit
targets -set -nocase -filter {name =~"APU*"}
loadhw -hw /tmp/Project_aktuell/platform_project_test/export/platform_project_test/hw/design_1_wrapper.xsa -mem-ranges [list {0x40000000 0xbfffffff}] -regs
----------------End of Script----------------

10:25:14 ERROR : can't read "map": no such variable
10:32:02 DEBUG : Logs will be stored at '/tmp/Project_aktuell/IDE.log'.
10:32:03 INFO  : Launching XSCT server: xsct -n  -interactive /tmp/Project_aktuell/temp_xsdb_launch_script.tcl
10:32:04 INFO  : Platform repository initialization has completed.
10:32:05 INFO  : XSCT server has started successfully.
10:32:05 INFO  : Successfully done setting XSCT server connection channel  
10:32:05 INFO  : Registering command handlers for Vitis TCF services
10:32:05 INFO  : plnx-install-location is set to ''
10:32:05 INFO  : Successfully done setting workspace for the tool. 
10:32:05 INFO  : Successfully done query RDI_DATADIR 
10:32:55 INFO  : Result from executing command 'getProjects': platform_test
10:32:55 INFO  : Result from executing command 'getPlatforms': design_1_wrapper|/tmp/Project_aktuell/design_1_wrapper/export/design_1_wrapper/design_1_wrapper.xpfm;platform_project_test|/tmp/Project_aktuell/platform_project_test/export/platform_project_test/platform_project_test.xpfm;xilinx_vck190_base_202220_1|/Software/xilinx/Vitis/2022.2/base_platforms/xilinx_vck190_base_202220_1/xilinx_vck190_base_202220_1.xpfm;xilinx_vck190_base_dfx_202220_1|/Software/xilinx/Vitis/2022.2/base_platforms/xilinx_vck190_base_dfx_202220_1/xilinx_vck190_base_dfx_202220_1.xpfm;xilinx_vmk180_base_202220_1|/Software/xilinx/Vitis/2022.2/base_platforms/xilinx_vmk180_base_202220_1/xilinx_vmk180_base_202220_1.xpfm;xilinx_zcu102_base_202220_1|/Software/xilinx/Vitis/2022.2/base_platforms/xilinx_zcu102_base_202220_1/xilinx_zcu102_base_202220_1.xpfm;xilinx_zcu102_base_dfx_202220_1|/Software/xilinx/Vitis/2022.2/base_platforms/xilinx_zcu102_base_dfx_202220_1/xilinx_zcu102_base_dfx_202220_1.xpfm;xilinx_zcu104_base_202220_1|/Software/xilinx/Vitis/2022.2/base_platforms/xilinx_zcu104_base_202220_1/xilinx_zcu104_base_202220_1.xpfm
10:33:07 INFO  : Result from executing command 'getProjects': platform_test
10:33:07 INFO  : Result from executing command 'getPlatforms': design_1_wrapper|/tmp/Project_aktuell/design_1_wrapper/export/design_1_wrapper/design_1_wrapper.xpfm;platform_project_test|/tmp/Project_aktuell/platform_project_test/export/platform_project_test/platform_project_test.xpfm;platform_test|/tmp/Project_aktuell/platform_test/export/platform_test/platform_test.xpfm;xilinx_vck190_base_202220_1|/Software/xilinx/Vitis/2022.2/base_platforms/xilinx_vck190_base_202220_1/xilinx_vck190_base_202220_1.xpfm;xilinx_vck190_base_dfx_202220_1|/Software/xilinx/Vitis/2022.2/base_platforms/xilinx_vck190_base_dfx_202220_1/xilinx_vck190_base_dfx_202220_1.xpfm;xilinx_vmk180_base_202220_1|/Software/xilinx/Vitis/2022.2/base_platforms/xilinx_vmk180_base_202220_1/xilinx_vmk180_base_202220_1.xpfm;xilinx_zcu102_base_202220_1|/Software/xilinx/Vitis/2022.2/base_platforms/xilinx_zcu102_base_202220_1/xilinx_zcu102_base_202220_1.xpfm;xilinx_zcu102_base_dfx_202220_1|/Software/xilinx/Vitis/2022.2/base_platforms/xilinx_zcu102_base_dfx_202220_1/xilinx_zcu102_base_dfx_202220_1.xpfm;xilinx_zcu104_base_202220_1|/Software/xilinx/Vitis/2022.2/base_platforms/xilinx_zcu104_base_202220_1/xilinx_zcu104_base_202220_1.xpfm
10:34:04 INFO  : Checking for BSP changes to sync application flags for project 'test_application'...
10:34:24 INFO  : Connected to target on host '127.0.0.1' and port '3121'.
10:34:24 INFO  : 'targets -set -filter {jtag_cable_name =~ "RealDigital Bla 887100000307A" && level==0 && jtag_device_ctx=="jsn1-13723093-0"}' command is executed.
10:34:25 INFO  : Device configured successfully with "/tmp/Project_aktuell/test_application/_ide/bitstream/design_1_wrapper.bit"
10:34:33 INFO  : Connected to target on host '127.0.0.1' and port '3121'.
10:34:33 INFO  : Jtag cable 'RealDigital Bla 887100000307A' is selected.
10:34:33 INFO  : 'jtag frequency' command is executed.
10:34:33 INFO  : Context for 'APU' is selected.
10:34:33 INFO  : System reset is completed.
10:34:37 INFO  : 'after 3000' command is executed.
10:34:37 INFO  : 'targets -set -filter {jtag_cable_name =~ "RealDigital Bla 887100000307A" && level==0 && jtag_device_ctx=="jsn1-13723093-0"}' command is executed.
10:34:38 INFO  : Device configured successfully with "/tmp/Project_aktuell/test_application/_ide/bitstream/design_1_wrapper.bit"
10:34:38 INFO  : Context for 'APU' is selected.
10:34:38 INFO  : Hardware design and registers information is loaded from '/tmp/Project_aktuell/platform_test/export/platform_test/hw/design_1_wrapper.xsa'.
10:34:38 INFO  : 'configparams force-mem-access 1' command is executed.
10:34:38 INFO  : Context for 'APU' is selected.
10:34:38 INFO  : Sourcing of '/tmp/Project_aktuell/test_application/_ide/psinit/ps7_init.tcl' is done.
10:34:38 INFO  : 'ps7_init' command is executed.
10:34:38 INFO  : 'ps7_post_config' command is executed.
10:34:38 INFO  : Context for processor 'ps7_cortexa9_0' is selected.
10:34:40 ERROR : Memory write error at 0x100000. APB AP transaction error, DAP status 0xF0000021
10:34:40 INFO  : ----------------XSDB Script----------------
connect -url tcp:127.0.0.1:3121
targets -set -nocase -filter {name =~"APU*"}
rst -system
after 3000
targets -set -filter {jtag_cable_name =~ "RealDigital Bla 887100000307A" && level==0 && jtag_device_ctx=="jsn1-13723093-0"}
fpga -file /tmp/Project_aktuell/test_application/_ide/bitstream/design_1_wrapper.bit
targets -set -nocase -filter {name =~"APU*"}
loadhw -hw /tmp/Project_aktuell/platform_test/export/platform_test/hw/design_1_wrapper.xsa -mem-ranges [list {0x40000000 0xbfffffff}] -regs
configparams force-mem-access 1
targets -set -nocase -filter {name =~"APU*"}
source /tmp/Project_aktuell/test_application/_ide/psinit/ps7_init.tcl
ps7_init
ps7_post_config
targets -set -nocase -filter {name =~ "*A9*#0"}
dow /tmp/Project_aktuell/test_application/Debug/test_application.elf
----------------End of Script----------------

10:34:40 ERROR : Memory write error at 0x100000. APB AP transaction error, DAP status 0xF0000021
10:35:09 INFO  : Connected to target on host '127.0.0.1' and port '3121'.
10:35:09 INFO  : Jtag cable 'RealDigital Bla 887100000307A' is selected.
10:35:09 INFO  : 'jtag frequency' command is executed.
10:35:09 INFO  : Context for 'APU' is selected.
10:35:09 ERROR : Cannot reset APU. APB AP transaction error, DAP status 0xF0000021
10:35:09 INFO  : ----------------XSDB Script----------------
connect -url tcp:127.0.0.1:3121
targets -set -nocase -filter {name =~"APU*"}
rst -system
after 3000
----------------End of Script----------------

10:35:09 ERROR : Cannot reset APU. APB AP transaction error, DAP status 0xF0000021
10:35:29 INFO  : Connected to target on host '127.0.0.1' and port '3121'.
10:35:30 INFO  : Jtag cable 'RealDigital Bla 887100000307A' is selected.
10:35:30 INFO  : 'jtag frequency' command is executed.
10:35:30 INFO  : Context for 'APU' is selected.
10:35:30 ERROR : Cannot reset APU. APB AP transaction error, DAP status 0xF0000021
10:35:30 INFO  : ----------------XSDB Script----------------
connect -url tcp:127.0.0.1:3121
targets -set -nocase -filter {name =~"APU*"}
rst -system
after 3000
----------------End of Script----------------

10:35:30 ERROR : Cannot reset APU. APB AP transaction error, DAP status 0xF0000021
10:36:14 INFO  : XRT server has started successfully on port '4351'
10:36:14 INFO  : Connected to target on host '127.0.0.1' and port '3121'.
10:36:15 INFO  : Jtag cable 'RealDigital Bla 887100000307A' is selected.
10:36:15 INFO  : 'jtag frequency' command is executed.
10:36:15 INFO  : Context for 'APU' is selected.
10:36:15 INFO  : System reset is completed.
10:36:18 INFO  : 'after 3000' command is executed.
10:36:18 INFO  : 'targets -set -filter {jtag_cable_name =~ "RealDigital Bla 887100000307A" && level==0 && jtag_device_ctx=="jsn1-13723093-0"}' command is executed.
10:36:19 INFO  : Device configured successfully with "/tmp/Project_aktuell/test_application/_ide/bitstream/design_1_wrapper.bit"
10:36:19 INFO  : Context for 'APU' is selected.
10:36:19 ERROR : can't read "map": no such variable
10:36:19 INFO  : ----------------XSDB Script----------------
connect -url tcp:127.0.0.1:3121
targets -set -nocase -filter {name =~"APU*"}
rst -system
after 3000
targets -set -filter {jtag_cable_name =~ "RealDigital Bla 887100000307A" && level==0 && jtag_device_ctx=="jsn1-13723093-0"}
fpga -file /tmp/Project_aktuell/test_application/_ide/bitstream/design_1_wrapper.bit
targets -set -nocase -filter {name =~"APU*"}
loadhw -hw /tmp/Project_aktuell/platform_test/export/platform_test/hw/design_1_wrapper.xsa -mem-ranges [list {0x40000000 0xbfffffff}] -regs
----------------End of Script----------------

10:36:19 ERROR : can't read "map": no such variable
10:44:42 INFO  : Connected to target on host '127.0.0.1' and port '3121'.
10:44:42 INFO  : Jtag cable 'RealDigital Bla 887100000307A' is selected.
10:44:42 INFO  : 'jtag frequency' command is executed.
10:44:42 INFO  : Context for 'APU' is selected.
10:44:42 INFO  : System reset is completed.
10:44:45 INFO  : 'after 3000' command is executed.
10:44:45 INFO  : 'targets -set -filter {jtag_cable_name =~ "RealDigital Bla 887100000307A" && level==0 && jtag_device_ctx=="jsn1-13723093-0"}' command is executed.
10:44:46 INFO  : Device configured successfully with "/tmp/Project_aktuell/test_application/_ide/bitstream/design_1_wrapper.bit"
10:44:46 INFO  : Context for 'APU' is selected.
10:44:46 ERROR : can't read "map": no such variable
10:44:46 INFO  : ----------------XSDB Script----------------
connect -url tcp:127.0.0.1:3121
targets -set -nocase -filter {name =~"APU*"}
rst -system
after 3000
targets -set -filter {jtag_cable_name =~ "RealDigital Bla 887100000307A" && level==0 && jtag_device_ctx=="jsn1-13723093-0"}
fpga -file /tmp/Project_aktuell/test_application/_ide/bitstream/design_1_wrapper.bit
targets -set -nocase -filter {name =~"APU*"}
loadhw -hw /tmp/Project_aktuell/platform_test/export/platform_test/hw/design_1_wrapper.xsa -mem-ranges [list {0x40000000 0xbfffffff}] -regs
----------------End of Script----------------

10:44:46 ERROR : can't read "map": no such variable
10:43:45 DEBUG : Logs will be stored at '/home/timon/Documents/vivado_snake/IDE.log'.
10:43:50 INFO  : Launching XSCT server: xsct -n  -interactive /home/timon/Documents/vivado_snake/temp_xsdb_launch_script.tcl
10:43:50 INFO  : Registering command handlers for Vitis TCF services
10:43:51 INFO  : Platform repository initialization has completed.
10:43:52 INFO  : XSCT server has started successfully.
10:43:53 INFO  : Successfully done setting XSCT server connection channel  
10:43:53 INFO  : plnx-install-location is set to ''
10:43:53 INFO  : Successfully done query RDI_DATADIR 
10:43:53 INFO  : Successfully done setting workspace for the tool. 
10:44:23 ERROR : (XSDB Server)ERROR: [Hsi 55-1403] /home/timon/Documents/vivado_snake/design_1_wrapper/zynq_fsbl/zynq_fsbl_bsp/system.mss line 21 - No IP instance named axi_bram_ctrl_0 present in hardware design
ERROR: [Hsi 55-1403] /home/timon/Documents/vivado_snake/design_1_wrapper/zynq_fsbl/zynq_fsbl_bsp/system.mss line 27 - No IP instance named axi_gpio_0 present in hardware design

10:44:23 ERROR : (XSDB Server)ERROR: [Hsi 55-1592] Current Software Design is not set

10:44:23 ERROR : Failed to create platform for application project
Reason: Failed to create platform.
10:44:23 WARN  : An unexpected exception occurred in the module 'platform project logging'
10:44:23 INFO  : Platform creation cancelled by the user.
10:45:26 INFO  : Result from executing command 'getProjects': design_1_wrapper
10:45:26 INFO  : Result from executing command 'getPlatforms': xilinx_zcu102_base_202310_1|/tools/Xilinx/Vitis/2023.1/base_platforms/xilinx_zcu102_base_202310_1/xilinx_zcu102_base_202310_1.xpfm;xilinx_zcu102_base_dfx_202310_1|/tools/Xilinx/Vitis/2023.1/base_platforms/xilinx_zcu102_base_dfx_202310_1/xilinx_zcu102_base_dfx_202310_1.xpfm;xilinx_zcu104_base_202310_1|/tools/Xilinx/Vitis/2023.1/base_platforms/xilinx_zcu104_base_202310_1/xilinx_zcu104_base_202310_1.xpfm
10:45:26 WARN  : An unexpected exception occurred in the module 'platform project logging'
10:45:26 INFO  : Platform 'design_1_wrapper' is added to custom repositories.
10:45:31 INFO  : Platform 'design_1_wrapper' is added to custom repositories.
10:45:48 INFO  : Result from executing command 'getProjects': design_1_wrapper
10:45:48 INFO  : Result from executing command 'getPlatforms': design_1_wrapper|/home/timon/Documents/vivado_snake/design_1_wrapper/export/design_1_wrapper/design_1_wrapper.xpfm;xilinx_zcu102_base_202310_1|/tools/Xilinx/Vitis/2023.1/base_platforms/xilinx_zcu102_base_202310_1/xilinx_zcu102_base_202310_1.xpfm;xilinx_zcu102_base_dfx_202310_1|/tools/Xilinx/Vitis/2023.1/base_platforms/xilinx_zcu102_base_dfx_202310_1/xilinx_zcu102_base_dfx_202310_1.xpfm;xilinx_zcu104_base_202310_1|/tools/Xilinx/Vitis/2023.1/base_platforms/xilinx_zcu104_base_202310_1/xilinx_zcu104_base_202310_1.xpfm
10:46:00 INFO  : Checking for BSP changes to sync application flags for project 'testApp'...
10:46:19 INFO  : Connected to target on host '127.0.0.1' and port '3121'.
10:46:19 INFO  : 'targets -set -filter {jtag_cable_name =~ "RealDigital Bla 887100000305A" && level==0 && jtag_device_ctx=="jsn1-13723093-0"}' command is executed.
10:46:20 INFO  : Device configured successfully with "/home/timon/Documents/vivado_snake/testApp/_ide/bitstream/design_1_wrapper.bit"
10:46:32 INFO  : Connected to target on host '127.0.0.1' and port '3121'.
10:46:32 INFO  : Jtag cable 'RealDigital Bla 887100000305A' is selected.
10:46:32 INFO  : 'jtag frequency' command is executed.
10:46:32 INFO  : Context for 'APU' is selected.
10:46:33 INFO  : System reset is completed.
10:46:36 INFO  : 'after 3000' command is executed.
10:46:36 INFO  : 'targets -set -filter {jtag_cable_name =~ "RealDigital Bla 887100000305A" && level==0 && jtag_device_ctx=="jsn1-13723093-0"}' command is executed.
10:46:37 INFO  : Device configured successfully with "/home/timon/Documents/vivado_snake/testApp/_ide/bitstream/design_1_wrapper.bit"
10:46:37 INFO  : Context for 'APU' is selected.
10:46:37 INFO  : Hardware design and registers information is loaded from '/home/timon/Documents/vivado_snake/design_1_wrapper/export/design_1_wrapper/hw/design_1_wrapper.xsa'.
10:46:37 INFO  : 'configparams force-mem-access 1' command is executed.
10:46:37 INFO  : Context for 'APU' is selected.
10:46:37 INFO  : Sourcing of '/home/timon/Documents/vivado_snake/testApp/_ide/psinit/ps7_init.tcl' is done.
10:46:37 INFO  : 'ps7_init' command is executed.
10:46:37 INFO  : 'ps7_post_config' command is executed.
10:46:37 INFO  : Context for processor 'ps7_cortexa9_0' is selected.
10:46:37 INFO  : The application '/home/timon/Documents/vivado_snake/testApp/Debug/testApp.elf' is downloaded to processor 'ps7_cortexa9_0'.
10:46:37 INFO  : 'configparams force-mem-access 0' command is executed.
10:46:37 INFO  : ----------------XSDB Script----------------
connect -url tcp:127.0.0.1:3121
targets -set -nocase -filter {name =~"APU*"}
rst -system
after 3000
targets -set -filter {jtag_cable_name =~ "RealDigital Bla 887100000305A" && level==0 && jtag_device_ctx=="jsn1-13723093-0"}
fpga -file /home/timon/Documents/vivado_snake/testApp/_ide/bitstream/design_1_wrapper.bit
targets -set -nocase -filter {name =~"APU*"}
loadhw -hw /home/timon/Documents/vivado_snake/design_1_wrapper/export/design_1_wrapper/hw/design_1_wrapper.xsa -mem-ranges [list {0x40000000 0xbfffffff}] -regs
configparams force-mem-access 1
targets -set -nocase -filter {name =~"APU*"}
source /home/timon/Documents/vivado_snake/testApp/_ide/psinit/ps7_init.tcl
ps7_init
ps7_post_config
targets -set -nocase -filter {name =~ "*A9*#0"}
dow /home/timon/Documents/vivado_snake/testApp/Debug/testApp.elf
configparams force-mem-access 0
----------------End of Script----------------

10:46:37 INFO  : Context for processor 'ps7_cortexa9_0' is selected.
10:46:37 INFO  : 'con' command is executed.
10:46:37 INFO  : ----------------XSDB Script (After Launch)----------------
targets -set -nocase -filter {name =~ "*A9*#0"}
con
----------------End of Script----------------

10:46:37 INFO  : Launch script is exported to file '/home/timon/Documents/vivado_snake/testApp_system/_ide/scripts/debugger_testapp-default.tcl'
10:48:42 INFO  : Disconnected from the channel tcfchan#3.
11:00:56 DEBUG : Logs will be stored at '/home/timon/Documents/vivado_snake/IDE.log'.
11:00:56 INFO  : Launching XSCT server: xsct -n  -interactive /home/timon/Documents/vivado_snake/temp_xsdb_launch_script.tcl
11:00:57 INFO  : Platform repository initialization has completed.
11:00:57 INFO  : XSCT server has started successfully.
11:00:57 INFO  : Successfully done setting XSCT server connection channel  
11:00:57 INFO  : plnx-install-location is set to ''
11:00:57 INFO  : Successfully done setting workspace for the tool. 
11:00:59 INFO  : Successfully done query RDI_DATADIR 
11:00:59 INFO  : Registering command handlers for Vitis TCF services
11:02:01 INFO  : Result from executing command 'getProjects': design_1_wrapper
11:02:01 INFO  : Result from executing command 'getPlatforms': design_1_wrapper|/home/timon/Documents/vivado_snake/design_1_wrapper/export/design_1_wrapper/design_1_wrapper.xpfm;xilinx_zcu102_base_202310_1|/tools/Xilinx/Vitis/2023.1/base_platforms/xilinx_zcu102_base_202310_1/xilinx_zcu102_base_202310_1.xpfm;xilinx_zcu102_base_dfx_202310_1|/tools/Xilinx/Vitis/2023.1/base_platforms/xilinx_zcu102_base_dfx_202310_1/xilinx_zcu102_base_dfx_202310_1.xpfm;xilinx_zcu104_base_202310_1|/tools/Xilinx/Vitis/2023.1/base_platforms/xilinx_zcu104_base_202310_1/xilinx_zcu104_base_202310_1.xpfm
11:02:01 WARN  : An unexpected exception occurred in the module 'platform project logging'
11:02:01 INFO  : Platform 'design_1_wrapper' is added to custom repositories.
11:02:06 INFO  : Platform 'design_1_wrapper' is added to custom repositories.
11:08:56 INFO  : Result from executing command 'getProjects': design_1_wrapper
11:08:56 INFO  : Result from executing command 'getPlatforms': design_1_wrapper|/home/timon/Documents/vivado_snake/design_1_wrapper/export/design_1_wrapper/design_1_wrapper.xpfm;xilinx_zcu102_base_202310_1|/tools/Xilinx/Vitis/2023.1/base_platforms/xilinx_zcu102_base_202310_1/xilinx_zcu102_base_202310_1.xpfm;xilinx_zcu102_base_dfx_202310_1|/tools/Xilinx/Vitis/2023.1/base_platforms/xilinx_zcu102_base_dfx_202310_1/xilinx_zcu102_base_dfx_202310_1.xpfm;xilinx_zcu104_base_202310_1|/tools/Xilinx/Vitis/2023.1/base_platforms/xilinx_zcu104_base_202310_1/xilinx_zcu104_base_202310_1.xpfm
11:11:03 INFO  : Checking for BSP changes to sync application flags for project 'test'...
11:11:47 INFO  : Checking for BSP changes to sync application flags for project 'test'...
11:17:35 INFO  : Checking for BSP changes to sync application flags for project 'test'...
11:18:32 INFO  : Checking for BSP changes to sync application flags for project 'test'...
11:23:31 INFO  : Checking for BSP changes to sync application flags for project 'test'...
11:28:14 INFO  : Checking for BSP changes to sync application flags for project 'test'...
11:29:48 INFO  : Checking for BSP changes to sync application flags for project 'test'...
11:30:23 INFO  : Checking for BSP changes to sync application flags for project 'test'...
11:31:38 INFO  : Checking for BSP changes to sync application flags for project 'test'...
11:31:53 INFO  : Connected to target on host '127.0.0.1' and port '3121'.
11:31:53 INFO  : 'targets -set -filter {jtag_cable_name =~ "RealDigital Bla 887100000305A" && level==0 && jtag_device_ctx=="jsn1-13723093-0"}' command is executed.
11:31:54 INFO  : Device configured successfully with "/home/timon/Documents/vivado_snake/test/_ide/bitstream/design_1_wrapper.bit"
11:32:07 INFO  : Connected to target on host '127.0.0.1' and port '3121'.
11:32:07 INFO  : Jtag cable 'RealDigital Bla 887100000305A' is selected.
11:32:07 INFO  : 'jtag frequency' command is executed.
11:32:07 INFO  : Context for 'APU' is selected.
11:32:07 INFO  : System reset is completed.
11:32:10 INFO  : 'after 3000' command is executed.
11:32:11 INFO  : 'targets -set -filter {jtag_cable_name =~ "RealDigital Bla 887100000305A" && level==0 && jtag_device_ctx=="jsn1-13723093-0"}' command is executed.
11:32:12 INFO  : Device configured successfully with "/home/timon/Documents/vivado_snake/test/_ide/bitstream/design_1_wrapper.bit"
11:32:12 INFO  : Context for 'APU' is selected.
11:32:12 INFO  : Hardware design and registers information is loaded from '/home/timon/Documents/vivado_snake/design_1_wrapper/export/design_1_wrapper/hw/design_1_wrapper.xsa'.
11:32:12 INFO  : 'configparams force-mem-access 1' command is executed.
11:32:12 INFO  : Context for 'APU' is selected.
11:32:12 INFO  : Sourcing of '/home/timon/Documents/vivado_snake/test/_ide/psinit/ps7_init.tcl' is done.
11:32:12 INFO  : 'ps7_init' command is executed.
11:32:12 INFO  : 'ps7_post_config' command is executed.
11:32:12 INFO  : Context for processor 'ps7_cortexa9_0' is selected.
11:32:12 INFO  : The application '/home/timon/Documents/vivado_snake/test/Debug/test.elf' is downloaded to processor 'ps7_cortexa9_0'.
11:32:12 INFO  : 'configparams force-mem-access 0' command is executed.
11:32:12 INFO  : ----------------XSDB Script----------------
connect -url tcp:127.0.0.1:3121
targets -set -nocase -filter {name =~"APU*"}
rst -system
after 3000
targets -set -filter {jtag_cable_name =~ "RealDigital Bla 887100000305A" && level==0 && jtag_device_ctx=="jsn1-13723093-0"}
fpga -file /home/timon/Documents/vivado_snake/test/_ide/bitstream/design_1_wrapper.bit
targets -set -nocase -filter {name =~"APU*"}
loadhw -hw /home/timon/Documents/vivado_snake/design_1_wrapper/export/design_1_wrapper/hw/design_1_wrapper.xsa -mem-ranges [list {0x40000000 0xbfffffff}] -regs
configparams force-mem-access 1
targets -set -nocase -filter {name =~"APU*"}
source /home/timon/Documents/vivado_snake/test/_ide/psinit/ps7_init.tcl
ps7_init
ps7_post_config
targets -set -nocase -filter {name =~ "*A9*#0"}
dow /home/timon/Documents/vivado_snake/test/Debug/test.elf
configparams force-mem-access 0
----------------End of Script----------------

11:32:12 INFO  : Context for processor 'ps7_cortexa9_0' is selected.
11:32:12 INFO  : 'con' command is executed.
11:32:12 INFO  : ----------------XSDB Script (After Launch)----------------
targets -set -nocase -filter {name =~ "*A9*#0"}
con
----------------End of Script----------------

11:32:12 INFO  : Launch script is exported to file '/home/timon/Documents/vivado_snake/test_system/_ide/scripts/debugger_test-default.tcl'
11:34:41 INFO  : Checking for BSP changes to sync application flags for project 'test'...
11:35:08 INFO  : Disconnected from the channel tcfchan#4.
11:35:09 INFO  : Connected to target on host '127.0.0.1' and port '3121'.
11:35:10 INFO  : Jtag cable 'RealDigital Bla 887100000305A' is selected.
11:35:10 INFO  : 'jtag frequency' command is executed.
11:35:10 INFO  : Context for 'APU' is selected.
11:35:10 INFO  : System reset is completed.
11:35:13 INFO  : 'after 3000' command is executed.
11:35:13 INFO  : 'targets -set -filter {jtag_cable_name =~ "RealDigital Bla 887100000305A" && level==0 && jtag_device_ctx=="jsn1-13723093-0"}' command is executed.
11:35:14 INFO  : Device configured successfully with "/home/timon/Documents/vivado_snake/test/_ide/bitstream/design_1_wrapper.bit"
11:35:14 INFO  : Context for 'APU' is selected.
11:35:14 INFO  : Hardware design and registers information is loaded from '/home/timon/Documents/vivado_snake/design_1_wrapper/export/design_1_wrapper/hw/design_1_wrapper.xsa'.
11:35:14 INFO  : 'configparams force-mem-access 1' command is executed.
11:35:14 INFO  : Context for 'APU' is selected.
11:35:14 INFO  : Sourcing of '/home/timon/Documents/vivado_snake/test/_ide/psinit/ps7_init.tcl' is done.
11:35:14 INFO  : 'ps7_init' command is executed.
11:35:14 INFO  : 'ps7_post_config' command is executed.
11:35:14 INFO  : Context for processor 'ps7_cortexa9_0' is selected.
11:35:14 INFO  : The application '/home/timon/Documents/vivado_snake/test/Debug/test.elf' is downloaded to processor 'ps7_cortexa9_0'.
11:35:14 INFO  : 'configparams force-mem-access 0' command is executed.
11:35:14 INFO  : ----------------XSDB Script----------------
connect -url tcp:127.0.0.1:3121
targets -set -nocase -filter {name =~"APU*"}
rst -system
after 3000
targets -set -filter {jtag_cable_name =~ "RealDigital Bla 887100000305A" && level==0 && jtag_device_ctx=="jsn1-13723093-0"}
fpga -file /home/timon/Documents/vivado_snake/test/_ide/bitstream/design_1_wrapper.bit
targets -set -nocase -filter {name =~"APU*"}
loadhw -hw /home/timon/Documents/vivado_snake/design_1_wrapper/export/design_1_wrapper/hw/design_1_wrapper.xsa -mem-ranges [list {0x40000000 0xbfffffff}] -regs
configparams force-mem-access 1
targets -set -nocase -filter {name =~"APU*"}
source /home/timon/Documents/vivado_snake/test/_ide/psinit/ps7_init.tcl
ps7_init
ps7_post_config
targets -set -nocase -filter {name =~ "*A9*#0"}
dow /home/timon/Documents/vivado_snake/test/Debug/test.elf
configparams force-mem-access 0
----------------End of Script----------------

11:35:14 INFO  : Context for processor 'ps7_cortexa9_0' is selected.
11:35:14 INFO  : 'con' command is executed.
11:35:14 INFO  : ----------------XSDB Script (After Launch)----------------
targets -set -nocase -filter {name =~ "*A9*#0"}
con
----------------End of Script----------------

11:35:14 INFO  : Launch script is exported to file '/home/timon/Documents/vivado_snake/test_system/_ide/scripts/debugger_test-default.tcl'
11:37:49 INFO  : Checking for BSP changes to sync application flags for project 'test'...
11:38:02 INFO  : Disconnected from the channel tcfchan#6.
11:38:03 INFO  : Connected to target on host '127.0.0.1' and port '3121'.
11:38:03 INFO  : Jtag cable 'RealDigital Bla 887100000305A' is selected.
11:38:03 INFO  : 'jtag frequency' command is executed.
11:38:03 INFO  : Context for 'APU' is selected.
11:38:03 INFO  : System reset is completed.
11:38:06 INFO  : 'after 3000' command is executed.
11:38:06 INFO  : 'targets -set -filter {jtag_cable_name =~ "RealDigital Bla 887100000305A" && level==0 && jtag_device_ctx=="jsn1-13723093-0"}' command is executed.
11:38:07 INFO  : Device configured successfully with "/home/timon/Documents/vivado_snake/test/_ide/bitstream/design_1_wrapper.bit"
11:38:07 INFO  : Context for 'APU' is selected.
11:38:07 INFO  : Hardware design and registers information is loaded from '/home/timon/Documents/vivado_snake/design_1_wrapper/export/design_1_wrapper/hw/design_1_wrapper.xsa'.
11:38:07 INFO  : 'configparams force-mem-access 1' command is executed.
11:38:07 INFO  : Context for 'APU' is selected.
11:38:07 INFO  : Sourcing of '/home/timon/Documents/vivado_snake/test/_ide/psinit/ps7_init.tcl' is done.
11:38:07 INFO  : 'ps7_init' command is executed.
11:38:07 INFO  : 'ps7_post_config' command is executed.
11:38:07 INFO  : Context for processor 'ps7_cortexa9_0' is selected.
11:38:08 INFO  : The application '/home/timon/Documents/vivado_snake/test/Debug/test.elf' is downloaded to processor 'ps7_cortexa9_0'.
11:38:08 INFO  : 'configparams force-mem-access 0' command is executed.
11:38:08 INFO  : ----------------XSDB Script----------------
connect -url tcp:127.0.0.1:3121
targets -set -nocase -filter {name =~"APU*"}
rst -system
after 3000
targets -set -filter {jtag_cable_name =~ "RealDigital Bla 887100000305A" && level==0 && jtag_device_ctx=="jsn1-13723093-0"}
fpga -file /home/timon/Documents/vivado_snake/test/_ide/bitstream/design_1_wrapper.bit
targets -set -nocase -filter {name =~"APU*"}
loadhw -hw /home/timon/Documents/vivado_snake/design_1_wrapper/export/design_1_wrapper/hw/design_1_wrapper.xsa -mem-ranges [list {0x40000000 0xbfffffff}] -regs
configparams force-mem-access 1
targets -set -nocase -filter {name =~"APU*"}
source /home/timon/Documents/vivado_snake/test/_ide/psinit/ps7_init.tcl
ps7_init
ps7_post_config
targets -set -nocase -filter {name =~ "*A9*#0"}
dow /home/timon/Documents/vivado_snake/test/Debug/test.elf
configparams force-mem-access 0
----------------End of Script----------------

11:38:08 INFO  : Context for processor 'ps7_cortexa9_0' is selected.
11:38:08 INFO  : 'con' command is executed.
11:38:08 INFO  : ----------------XSDB Script (After Launch)----------------
targets -set -nocase -filter {name =~ "*A9*#0"}
con
----------------End of Script----------------

11:38:08 INFO  : Launch script is exported to file '/home/timon/Documents/vivado_snake/test_system/_ide/scripts/debugger_test-default.tcl'
11:39:36 INFO  : Checking for BSP changes to sync application flags for project 'test'...
11:40:13 INFO  : Disconnected from the channel tcfchan#7.
11:40:14 INFO  : Connected to target on host '127.0.0.1' and port '3121'.
11:40:14 INFO  : Jtag cable 'RealDigital Bla 887100000305A' is selected.
11:40:14 INFO  : 'jtag frequency' command is executed.
11:40:14 INFO  : Context for 'APU' is selected.
11:40:14 INFO  : System reset is completed.
11:40:17 INFO  : 'after 3000' command is executed.
11:40:17 INFO  : 'targets -set -filter {jtag_cable_name =~ "RealDigital Bla 887100000305A" && level==0 && jtag_device_ctx=="jsn1-13723093-0"}' command is executed.
11:40:18 INFO  : Device configured successfully with "/home/timon/Documents/vivado_snake/test/_ide/bitstream/design_1_wrapper.bit"
11:40:18 INFO  : Context for 'APU' is selected.
11:40:18 INFO  : Hardware design and registers information is loaded from '/home/timon/Documents/vivado_snake/design_1_wrapper/export/design_1_wrapper/hw/design_1_wrapper.xsa'.
11:40:18 INFO  : 'configparams force-mem-access 1' command is executed.
11:40:18 INFO  : Context for 'APU' is selected.
11:40:18 INFO  : Sourcing of '/home/timon/Documents/vivado_snake/test/_ide/psinit/ps7_init.tcl' is done.
11:40:18 INFO  : 'ps7_init' command is executed.
11:40:18 INFO  : 'ps7_post_config' command is executed.
11:40:18 INFO  : Context for processor 'ps7_cortexa9_0' is selected.
11:40:19 INFO  : The application '/home/timon/Documents/vivado_snake/test/Debug/test.elf' is downloaded to processor 'ps7_cortexa9_0'.
11:40:19 INFO  : 'configparams force-mem-access 0' command is executed.
11:40:19 INFO  : ----------------XSDB Script----------------
connect -url tcp:127.0.0.1:3121
targets -set -nocase -filter {name =~"APU*"}
rst -system
after 3000
targets -set -filter {jtag_cable_name =~ "RealDigital Bla 887100000305A" && level==0 && jtag_device_ctx=="jsn1-13723093-0"}
fpga -file /home/timon/Documents/vivado_snake/test/_ide/bitstream/design_1_wrapper.bit
targets -set -nocase -filter {name =~"APU*"}
loadhw -hw /home/timon/Documents/vivado_snake/design_1_wrapper/export/design_1_wrapper/hw/design_1_wrapper.xsa -mem-ranges [list {0x40000000 0xbfffffff}] -regs
configparams force-mem-access 1
targets -set -nocase -filter {name =~"APU*"}
source /home/timon/Documents/vivado_snake/test/_ide/psinit/ps7_init.tcl
ps7_init
ps7_post_config
targets -set -nocase -filter {name =~ "*A9*#0"}
dow /home/timon/Documents/vivado_snake/test/Debug/test.elf
configparams force-mem-access 0
----------------End of Script----------------

11:40:19 INFO  : Context for processor 'ps7_cortexa9_0' is selected.
11:40:19 INFO  : 'con' command is executed.
11:40:19 INFO  : ----------------XSDB Script (After Launch)----------------
targets -set -nocase -filter {name =~ "*A9*#0"}
con
----------------End of Script----------------

11:40:19 INFO  : Launch script is exported to file '/home/timon/Documents/vivado_snake/test_system/_ide/scripts/debugger_test-default.tcl'
11:40:49 INFO  : Checking for BSP changes to sync application flags for project 'test'...
11:41:19 INFO  : Disconnected from the channel tcfchan#9.
11:41:20 INFO  : Connected to target on host '127.0.0.1' and port '3121'.
11:41:21 INFO  : Jtag cable 'RealDigital Bla 887100000305A' is selected.
11:41:21 INFO  : 'jtag frequency' command is executed.
11:41:21 INFO  : Context for 'APU' is selected.
11:41:21 INFO  : System reset is completed.
11:41:24 INFO  : 'after 3000' command is executed.
11:41:24 INFO  : 'targets -set -filter {jtag_cable_name =~ "RealDigital Bla 887100000305A" && level==0 && jtag_device_ctx=="jsn1-13723093-0"}' command is executed.
11:41:25 INFO  : Device configured successfully with "/home/timon/Documents/vivado_snake/test/_ide/bitstream/design_1_wrapper.bit"
11:41:25 INFO  : Context for 'APU' is selected.
11:41:25 INFO  : Hardware design and registers information is loaded from '/home/timon/Documents/vivado_snake/design_1_wrapper/export/design_1_wrapper/hw/design_1_wrapper.xsa'.
11:41:25 INFO  : 'configparams force-mem-access 1' command is executed.
11:41:25 INFO  : Context for 'APU' is selected.
11:41:25 INFO  : Sourcing of '/home/timon/Documents/vivado_snake/test/_ide/psinit/ps7_init.tcl' is done.
11:41:25 INFO  : 'ps7_init' command is executed.
11:41:25 INFO  : 'ps7_post_config' command is executed.
11:41:25 INFO  : Context for processor 'ps7_cortexa9_0' is selected.
11:41:25 INFO  : The application '/home/timon/Documents/vivado_snake/test/Debug/test.elf' is downloaded to processor 'ps7_cortexa9_0'.
11:41:25 INFO  : 'configparams force-mem-access 0' command is executed.
11:41:25 INFO  : ----------------XSDB Script----------------
connect -url tcp:127.0.0.1:3121
targets -set -nocase -filter {name =~"APU*"}
rst -system
after 3000
targets -set -filter {jtag_cable_name =~ "RealDigital Bla 887100000305A" && level==0 && jtag_device_ctx=="jsn1-13723093-0"}
fpga -file /home/timon/Documents/vivado_snake/test/_ide/bitstream/design_1_wrapper.bit
targets -set -nocase -filter {name =~"APU*"}
loadhw -hw /home/timon/Documents/vivado_snake/design_1_wrapper/export/design_1_wrapper/hw/design_1_wrapper.xsa -mem-ranges [list {0x40000000 0xbfffffff}] -regs
configparams force-mem-access 1
targets -set -nocase -filter {name =~"APU*"}
source /home/timon/Documents/vivado_snake/test/_ide/psinit/ps7_init.tcl
ps7_init
ps7_post_config
targets -set -nocase -filter {name =~ "*A9*#0"}
dow /home/timon/Documents/vivado_snake/test/Debug/test.elf
configparams force-mem-access 0
----------------End of Script----------------

11:41:25 INFO  : Context for processor 'ps7_cortexa9_0' is selected.
11:41:25 INFO  : 'con' command is executed.
11:41:25 INFO  : ----------------XSDB Script (After Launch)----------------
targets -set -nocase -filter {name =~ "*A9*#0"}
con
----------------End of Script----------------

11:41:25 INFO  : Launch script is exported to file '/home/timon/Documents/vivado_snake/test_system/_ide/scripts/debugger_test-default.tcl'
11:43:44 INFO  : Disconnected from the channel tcfchan#11.
11:43:45 INFO  : Connected to target on host '127.0.0.1' and port '3121'.
11:43:45 INFO  : Jtag cable 'RealDigital Bla 887100000305A' is selected.
11:43:45 INFO  : 'jtag frequency' command is executed.
11:43:45 INFO  : Context for 'APU' is selected.
11:43:45 INFO  : System reset is completed.
11:43:48 INFO  : 'after 3000' command is executed.
11:43:48 INFO  : 'targets -set -filter {jtag_cable_name =~ "RealDigital Bla 887100000305A" && level==0 && jtag_device_ctx=="jsn1-13723093-0"}' command is executed.
11:43:49 INFO  : Device configured successfully with "/home/timon/Documents/vivado_snake/test/_ide/bitstream/design_1_wrapper.bit"
11:43:49 INFO  : Context for 'APU' is selected.
11:43:49 INFO  : Hardware design and registers information is loaded from '/home/timon/Documents/vivado_snake/design_1_wrapper/export/design_1_wrapper/hw/design_1_wrapper.xsa'.
11:43:49 INFO  : 'configparams force-mem-access 1' command is executed.
11:43:49 INFO  : Context for 'APU' is selected.
11:43:49 INFO  : Sourcing of '/home/timon/Documents/vivado_snake/test/_ide/psinit/ps7_init.tcl' is done.
11:43:50 INFO  : 'ps7_init' command is executed.
11:43:50 INFO  : 'ps7_post_config' command is executed.
11:43:50 INFO  : Context for processor 'ps7_cortexa9_0' is selected.
11:43:50 INFO  : The application '/home/timon/Documents/vivado_snake/test/Debug/test.elf' is downloaded to processor 'ps7_cortexa9_0'.
11:43:50 INFO  : 'configparams force-mem-access 0' command is executed.
11:43:50 INFO  : ----------------XSDB Script----------------
connect -url tcp:127.0.0.1:3121
targets -set -nocase -filter {name =~"APU*"}
rst -system
after 3000
targets -set -filter {jtag_cable_name =~ "RealDigital Bla 887100000305A" && level==0 && jtag_device_ctx=="jsn1-13723093-0"}
fpga -file /home/timon/Documents/vivado_snake/test/_ide/bitstream/design_1_wrapper.bit
targets -set -nocase -filter {name =~"APU*"}
loadhw -hw /home/timon/Documents/vivado_snake/design_1_wrapper/export/design_1_wrapper/hw/design_1_wrapper.xsa -mem-ranges [list {0x40000000 0xbfffffff}] -regs
configparams force-mem-access 1
targets -set -nocase -filter {name =~"APU*"}
source /home/timon/Documents/vivado_snake/test/_ide/psinit/ps7_init.tcl
ps7_init
ps7_post_config
targets -set -nocase -filter {name =~ "*A9*#0"}
dow /home/timon/Documents/vivado_snake/test/Debug/test.elf
configparams force-mem-access 0
----------------End of Script----------------

11:43:50 INFO  : Context for processor 'ps7_cortexa9_0' is selected.
11:43:50 INFO  : 'con' command is executed.
11:43:50 INFO  : ----------------XSDB Script (After Launch)----------------
targets -set -nocase -filter {name =~ "*A9*#0"}
con
----------------End of Script----------------

11:43:50 INFO  : Launch script is exported to file '/home/timon/Documents/vivado_snake/test_system/_ide/scripts/debugger_test-default.tcl'
11:44:31 INFO  : Connected to target on host '127.0.0.1' and port '3121'.
11:44:31 INFO  : 'targets -set -filter {jtag_cable_name =~ "RealDigital Bla 887100000305A" && level==0 && jtag_device_ctx=="jsn1-13723093-0"}' command is executed.
11:44:32 INFO  : Device configured successfully with "/home/timon/Documents/vivado_snake/test/_ide/bitstream/design_1_wrapper.bit"
11:44:42 INFO  : Disconnected from the channel tcfchan#12.
11:44:43 INFO  : Connected to target on host '127.0.0.1' and port '3121'.
11:44:43 INFO  : Jtag cable 'RealDigital Bla 887100000305A' is selected.
11:44:43 INFO  : 'jtag frequency' command is executed.
11:44:43 INFO  : Context for 'APU' is selected.
11:44:43 INFO  : System reset is completed.
11:44:46 INFO  : 'after 3000' command is executed.
11:44:46 INFO  : 'targets -set -filter {jtag_cable_name =~ "RealDigital Bla 887100000305A" && level==0 && jtag_device_ctx=="jsn1-13723093-0"}' command is executed.
11:44:47 INFO  : Device configured successfully with "/home/timon/Documents/vivado_snake/test/_ide/bitstream/design_1_wrapper.bit"
11:44:47 INFO  : Context for 'APU' is selected.
11:44:47 INFO  : Hardware design and registers information is loaded from '/home/timon/Documents/vivado_snake/design_1_wrapper/export/design_1_wrapper/hw/design_1_wrapper.xsa'.
11:44:47 INFO  : 'configparams force-mem-access 1' command is executed.
11:44:47 INFO  : Context for 'APU' is selected.
11:44:47 INFO  : Sourcing of '/home/timon/Documents/vivado_snake/test/_ide/psinit/ps7_init.tcl' is done.
11:44:48 INFO  : 'ps7_init' command is executed.
11:44:48 INFO  : 'ps7_post_config' command is executed.
11:44:48 INFO  : Context for processor 'ps7_cortexa9_0' is selected.
11:44:48 INFO  : The application '/home/timon/Documents/vivado_snake/test/Debug/test.elf' is downloaded to processor 'ps7_cortexa9_0'.
11:44:48 INFO  : 'configparams force-mem-access 0' command is executed.
11:44:48 INFO  : ----------------XSDB Script----------------
connect -url tcp:127.0.0.1:3121
targets -set -nocase -filter {name =~"APU*"}
rst -system
after 3000
targets -set -filter {jtag_cable_name =~ "RealDigital Bla 887100000305A" && level==0 && jtag_device_ctx=="jsn1-13723093-0"}
fpga -file /home/timon/Documents/vivado_snake/test/_ide/bitstream/design_1_wrapper.bit
targets -set -nocase -filter {name =~"APU*"}
loadhw -hw /home/timon/Documents/vivado_snake/design_1_wrapper/export/design_1_wrapper/hw/design_1_wrapper.xsa -mem-ranges [list {0x40000000 0xbfffffff}] -regs
configparams force-mem-access 1
targets -set -nocase -filter {name =~"APU*"}
source /home/timon/Documents/vivado_snake/test/_ide/psinit/ps7_init.tcl
ps7_init
ps7_post_config
targets -set -nocase -filter {name =~ "*A9*#0"}
dow /home/timon/Documents/vivado_snake/test/Debug/test.elf
configparams force-mem-access 0
----------------End of Script----------------

11:44:48 INFO  : Context for processor 'ps7_cortexa9_0' is selected.
11:44:48 INFO  : 'con' command is executed.
11:44:48 INFO  : ----------------XSDB Script (After Launch)----------------
targets -set -nocase -filter {name =~ "*A9*#0"}
con
----------------End of Script----------------

11:44:48 INFO  : Launch script is exported to file '/home/timon/Documents/vivado_snake/test_system/_ide/scripts/debugger_test-default.tcl'
11:48:13 INFO  : Checking for BSP changes to sync application flags for project 'test'...
11:49:16 INFO  : Disconnected from the channel tcfchan#13.
11:49:17 INFO  : Connected to target on host '127.0.0.1' and port '3121'.
11:49:17 INFO  : Jtag cable 'RealDigital Bla 887100000305A' is selected.
11:49:17 INFO  : 'jtag frequency' command is executed.
11:49:17 INFO  : Context for 'APU' is selected.
11:49:18 INFO  : System reset is completed.
11:49:21 INFO  : 'after 3000' command is executed.
11:49:21 INFO  : 'targets -set -filter {jtag_cable_name =~ "RealDigital Bla 887100000305A" && level==0 && jtag_device_ctx=="jsn1-13723093-0"}' command is executed.
11:49:22 INFO  : Device configured successfully with "/home/timon/Documents/vivado_snake/test/_ide/bitstream/design_1_wrapper.bit"
11:49:22 INFO  : Context for 'APU' is selected.
11:49:22 INFO  : Hardware design and registers information is loaded from '/home/timon/Documents/vivado_snake/design_1_wrapper/export/design_1_wrapper/hw/design_1_wrapper.xsa'.
11:49:22 INFO  : 'configparams force-mem-access 1' command is executed.
11:49:22 INFO  : Context for 'APU' is selected.
11:49:22 INFO  : Sourcing of '/home/timon/Documents/vivado_snake/test/_ide/psinit/ps7_init.tcl' is done.
11:49:22 INFO  : 'ps7_init' command is executed.
11:49:22 INFO  : 'ps7_post_config' command is executed.
11:49:22 INFO  : Context for processor 'ps7_cortexa9_0' is selected.
11:49:22 INFO  : The application '/home/timon/Documents/vivado_snake/test/Debug/test.elf' is downloaded to processor 'ps7_cortexa9_0'.
11:49:22 INFO  : 'configparams force-mem-access 0' command is executed.
11:49:22 INFO  : ----------------XSDB Script----------------
connect -url tcp:127.0.0.1:3121
targets -set -nocase -filter {name =~"APU*"}
rst -system
after 3000
targets -set -filter {jtag_cable_name =~ "RealDigital Bla 887100000305A" && level==0 && jtag_device_ctx=="jsn1-13723093-0"}
fpga -file /home/timon/Documents/vivado_snake/test/_ide/bitstream/design_1_wrapper.bit
targets -set -nocase -filter {name =~"APU*"}
loadhw -hw /home/timon/Documents/vivado_snake/design_1_wrapper/export/design_1_wrapper/hw/design_1_wrapper.xsa -mem-ranges [list {0x40000000 0xbfffffff}] -regs
configparams force-mem-access 1
targets -set -nocase -filter {name =~"APU*"}
source /home/timon/Documents/vivado_snake/test/_ide/psinit/ps7_init.tcl
ps7_init
ps7_post_config
targets -set -nocase -filter {name =~ "*A9*#0"}
dow /home/timon/Documents/vivado_snake/test/Debug/test.elf
configparams force-mem-access 0
----------------End of Script----------------

11:49:22 INFO  : Context for processor 'ps7_cortexa9_0' is selected.
11:49:22 INFO  : 'con' command is executed.
11:49:22 INFO  : ----------------XSDB Script (After Launch)----------------
targets -set -nocase -filter {name =~ "*A9*#0"}
con
----------------End of Script----------------

11:49:22 INFO  : Launch script is exported to file '/home/timon/Documents/vivado_snake/test_system/_ide/scripts/debugger_test-default.tcl'
11:50:47 INFO  : Checking for BSP changes to sync application flags for project 'test'...
11:57:40 INFO  : Disconnected from the channel tcfchan#15.
12:25:58 DEBUG : Logs will be stored at '/home/timon/Documents/vivado_snake/IDE.log'.
12:25:59 INFO  : Launching XSCT server: xsct -n  -interactive /home/timon/Documents/vivado_snake/temp_xsdb_launch_script.tcl
12:26:00 INFO  : XSCT server has started successfully.
12:26:00 INFO  : Successfully done setting XSCT server connection channel  
12:26:00 INFO  : plnx-install-location is set to ''
12:26:00 INFO  : Successfully done setting workspace for the tool. 
12:26:00 INFO  : Platform repository initialization has completed.
12:26:03 INFO  : Successfully done query RDI_DATADIR 
12:26:03 INFO  : Registering command handlers for Vitis TCF services
12:27:29 INFO  : Result from executing command 'getProjects': design_1_wrapper
12:27:29 INFO  : Result from executing command 'getPlatforms': design_1_wrapper|/home/timon/Documents/vivado_snake/design_1_wrapper/export/design_1_wrapper/design_1_wrapper.xpfm;xilinx_zcu102_base_202310_1|/tools/Xilinx/Vitis/2023.1/base_platforms/xilinx_zcu102_base_202310_1/xilinx_zcu102_base_202310_1.xpfm;xilinx_zcu102_base_dfx_202310_1|/tools/Xilinx/Vitis/2023.1/base_platforms/xilinx_zcu102_base_dfx_202310_1/xilinx_zcu102_base_dfx_202310_1.xpfm;xilinx_zcu104_base_202310_1|/tools/Xilinx/Vitis/2023.1/base_platforms/xilinx_zcu104_base_202310_1/xilinx_zcu104_base_202310_1.xpfm
12:27:29 WARN  : An unexpected exception occurred in the module 'platform project logging'
12:27:29 INFO  : Platform 'design_1_wrapper' is added to custom repositories.
12:27:34 INFO  : Platform 'design_1_wrapper' is added to custom repositories.
12:35:25 INFO  : Result from executing command 'getProjects': design_1_wrapper
12:35:25 INFO  : Result from executing command 'getPlatforms': design_1_wrapper|/home/timon/Documents/vivado_snake/design_1_wrapper/export/design_1_wrapper/design_1_wrapper.xpfm;xilinx_zcu102_base_202310_1|/tools/Xilinx/Vitis/2023.1/base_platforms/xilinx_zcu102_base_202310_1/xilinx_zcu102_base_202310_1.xpfm;xilinx_zcu102_base_dfx_202310_1|/tools/Xilinx/Vitis/2023.1/base_platforms/xilinx_zcu102_base_dfx_202310_1/xilinx_zcu102_base_dfx_202310_1.xpfm;xilinx_zcu104_base_202310_1|/tools/Xilinx/Vitis/2023.1/base_platforms/xilinx_zcu104_base_202310_1/xilinx_zcu104_base_202310_1.xpfm
12:35:39 INFO  : Checking for BSP changes to sync application flags for project 'snake'...
12:37:08 INFO  : Connected to target on host '127.0.0.1' and port '3121'.
12:37:08 INFO  : 'targets -set -filter {jtag_cable_name =~ "RealDigital Bla 887100000305A" && level==0 && jtag_device_ctx=="jsn1-13723093-0"}' command is executed.
12:37:10 INFO  : Device configured successfully with "/home/timon/Documents/vivado_snake/snake/_ide/bitstream/design_1_wrapper.bit"
12:37:18 INFO  : Connected to target on host '127.0.0.1' and port '3121'.
12:37:18 INFO  : Jtag cable 'RealDigital Bla 887100000305A' is selected.
12:37:18 INFO  : 'jtag frequency' command is executed.
12:37:18 INFO  : Context for 'APU' is selected.
12:37:18 INFO  : System reset is completed.
12:37:21 INFO  : 'after 3000' command is executed.
12:37:21 INFO  : 'targets -set -filter {jtag_cable_name =~ "RealDigital Bla 887100000305A" && level==0 && jtag_device_ctx=="jsn1-13723093-0"}' command is executed.
12:37:23 INFO  : Device configured successfully with "/home/timon/Documents/vivado_snake/snake/_ide/bitstream/design_1_wrapper.bit"
12:37:23 INFO  : Context for 'APU' is selected.
12:37:23 INFO  : Hardware design and registers information is loaded from '/home/timon/Documents/vivado_snake/design_1_wrapper/export/design_1_wrapper/hw/design_1_wrapper.xsa'.
12:37:23 INFO  : 'configparams force-mem-access 1' command is executed.
12:37:23 INFO  : Context for 'APU' is selected.
12:37:23 INFO  : Sourcing of '/home/timon/Documents/vivado_snake/snake/_ide/psinit/ps7_init.tcl' is done.
12:37:23 INFO  : 'ps7_init' command is executed.
12:37:23 INFO  : 'ps7_post_config' command is executed.
12:37:23 INFO  : Context for processor 'ps7_cortexa9_0' is selected.
12:37:23 INFO  : The application '/home/timon/Documents/vivado_snake/snake/Debug/snake.elf' is downloaded to processor 'ps7_cortexa9_0'.
12:37:23 INFO  : 'configparams force-mem-access 0' command is executed.
12:37:23 INFO  : ----------------XSDB Script----------------
connect -url tcp:127.0.0.1:3121
targets -set -nocase -filter {name =~"APU*"}
rst -system
after 3000
targets -set -filter {jtag_cable_name =~ "RealDigital Bla 887100000305A" && level==0 && jtag_device_ctx=="jsn1-13723093-0"}
fpga -file /home/timon/Documents/vivado_snake/snake/_ide/bitstream/design_1_wrapper.bit
targets -set -nocase -filter {name =~"APU*"}
loadhw -hw /home/timon/Documents/vivado_snake/design_1_wrapper/export/design_1_wrapper/hw/design_1_wrapper.xsa -mem-ranges [list {0x40000000 0xbfffffff}] -regs
configparams force-mem-access 1
targets -set -nocase -filter {name =~"APU*"}
source /home/timon/Documents/vivado_snake/snake/_ide/psinit/ps7_init.tcl
ps7_init
ps7_post_config
targets -set -nocase -filter {name =~ "*A9*#0"}
dow /home/timon/Documents/vivado_snake/snake/Debug/snake.elf
configparams force-mem-access 0
----------------End of Script----------------

12:37:23 INFO  : Context for processor 'ps7_cortexa9_0' is selected.
12:37:23 INFO  : 'con' command is executed.
12:37:23 INFO  : ----------------XSDB Script (After Launch)----------------
targets -set -nocase -filter {name =~ "*A9*#0"}
con
----------------End of Script----------------

12:37:23 INFO  : Launch script is exported to file '/home/timon/Documents/vivado_snake/snake_system/_ide/scripts/debugger_snake-default.tcl'
13:24:00 INFO  : Disconnected from the channel tcfchan#3.
13:24:13 DEBUG : Logs will be stored at '/home/timon/Documents/vivado_snake/IDE.log'.
13:24:14 INFO  : Launching XSCT server: xsct -n  -interactive /home/timon/Documents/vivado_snake/temp_xsdb_launch_script.tcl
13:24:15 INFO  : XSCT server has started successfully.
13:24:15 INFO  : Successfully done setting XSCT server connection channel  
13:24:15 INFO  : plnx-install-location is set to ''
13:24:15 INFO  : Successfully done setting workspace for the tool. 
13:24:15 INFO  : Platform repository initialization has completed.
13:24:16 INFO  : Successfully done query RDI_DATADIR 
13:24:16 INFO  : Registering command handlers for Vitis TCF services
13:25:32 INFO  : Result from executing command 'getProjects': design_1_wrapper
13:25:32 INFO  : Result from executing command 'getPlatforms': design_1_wrapper|/home/timon/Documents/vivado_snake/design_1_wrapper/export/design_1_wrapper/design_1_wrapper.xpfm;xilinx_zcu102_base_202310_1|/tools/Xilinx/Vitis/2023.1/base_platforms/xilinx_zcu102_base_202310_1/xilinx_zcu102_base_202310_1.xpfm;xilinx_zcu102_base_dfx_202310_1|/tools/Xilinx/Vitis/2023.1/base_platforms/xilinx_zcu102_base_dfx_202310_1/xilinx_zcu102_base_dfx_202310_1.xpfm;xilinx_zcu104_base_202310_1|/tools/Xilinx/Vitis/2023.1/base_platforms/xilinx_zcu104_base_202310_1/xilinx_zcu104_base_202310_1.xpfm
13:25:32 WARN  : An unexpected exception occurred in the module 'platform project logging'
13:25:32 INFO  : Platform 'design_1_wrapper' is added to custom repositories.
13:25:37 INFO  : Platform 'design_1_wrapper' is added to custom repositories.
13:25:48 INFO  : Result from executing command 'getProjects': design_1_wrapper
13:25:48 INFO  : Result from executing command 'getPlatforms': design_1_wrapper|/home/timon/Documents/vivado_snake/design_1_wrapper/export/design_1_wrapper/design_1_wrapper.xpfm;xilinx_zcu102_base_202310_1|/tools/Xilinx/Vitis/2023.1/base_platforms/xilinx_zcu102_base_202310_1/xilinx_zcu102_base_202310_1.xpfm;xilinx_zcu102_base_dfx_202310_1|/tools/Xilinx/Vitis/2023.1/base_platforms/xilinx_zcu102_base_dfx_202310_1/xilinx_zcu102_base_dfx_202310_1.xpfm;xilinx_zcu104_base_202310_1|/tools/Xilinx/Vitis/2023.1/base_platforms/xilinx_zcu104_base_202310_1/xilinx_zcu104_base_202310_1.xpfm
13:26:27 INFO  : Checking for BSP changes to sync application flags for project 'snake1'...
13:27:03 INFO  : Connected to target on host '127.0.0.1' and port '3121'.
13:27:04 INFO  : Jtag cable 'RealDigital Bla 887100000305A' is selected.
13:27:04 INFO  : 'jtag frequency' command is executed.
13:27:04 INFO  : Context for 'APU' is selected.
13:27:04 INFO  : System reset is completed.
13:27:07 INFO  : 'after 3000' command is executed.
13:27:07 INFO  : 'targets -set -filter {jtag_cable_name =~ "RealDigital Bla 887100000305A" && level==0 && jtag_device_ctx=="jsn1-13723093-0"}' command is executed.
13:27:08 INFO  : Device configured successfully with "/home/timon/Documents/vivado_snake/snake1/_ide/bitstream/design_1_wrapper.bit"
13:27:08 INFO  : Context for 'APU' is selected.
13:27:08 INFO  : Hardware design and registers information is loaded from '/home/timon/Documents/vivado_snake/design_1_wrapper/export/design_1_wrapper/hw/design_1_wrapper.xsa'.
13:27:08 INFO  : 'configparams force-mem-access 1' command is executed.
13:27:08 INFO  : Context for 'APU' is selected.
13:27:08 INFO  : Sourcing of '/home/timon/Documents/vivado_snake/snake1/_ide/psinit/ps7_init.tcl' is done.
13:27:08 INFO  : 'ps7_init' command is executed.
13:27:08 INFO  : 'ps7_post_config' command is executed.
13:27:08 INFO  : Context for processor 'ps7_cortexa9_0' is selected.
13:27:09 INFO  : The application '/home/timon/Documents/vivado_snake/snake1/Debug/snake1.elf' is downloaded to processor 'ps7_cortexa9_0'.
13:27:09 INFO  : 'configparams force-mem-access 0' command is executed.
13:27:09 INFO  : ----------------XSDB Script----------------
connect -url tcp:127.0.0.1:3121
targets -set -nocase -filter {name =~"APU*"}
rst -system
after 3000
targets -set -filter {jtag_cable_name =~ "RealDigital Bla 887100000305A" && level==0 && jtag_device_ctx=="jsn1-13723093-0"}
fpga -file /home/timon/Documents/vivado_snake/snake1/_ide/bitstream/design_1_wrapper.bit
targets -set -nocase -filter {name =~"APU*"}
loadhw -hw /home/timon/Documents/vivado_snake/design_1_wrapper/export/design_1_wrapper/hw/design_1_wrapper.xsa -mem-ranges [list {0x40000000 0xbfffffff}] -regs
configparams force-mem-access 1
targets -set -nocase -filter {name =~"APU*"}
source /home/timon/Documents/vivado_snake/snake1/_ide/psinit/ps7_init.tcl
ps7_init
ps7_post_config
targets -set -nocase -filter {name =~ "*A9*#0"}
dow /home/timon/Documents/vivado_snake/snake1/Debug/snake1.elf
configparams force-mem-access 0
----------------End of Script----------------

13:27:09 INFO  : Context for processor 'ps7_cortexa9_0' is selected.
13:27:09 INFO  : 'con' command is executed.
13:27:09 INFO  : ----------------XSDB Script (After Launch)----------------
targets -set -nocase -filter {name =~ "*A9*#0"}
con
----------------End of Script----------------

13:27:09 INFO  : Launch script is exported to file '/home/timon/Documents/vivado_snake/snake1_system/_ide/scripts/debugger_snake1-default.tcl'
13:27:32 INFO  : Disconnected from the channel tcfchan#3.
16:34:14 DEBUG : Logs will be stored at '/home/timon/Documents/vivado_snake/IDE.log'.
16:34:14 INFO  : Launching XSCT server: xsct -n  -interactive /home/timon/Documents/vivado_snake/temp_xsdb_launch_script.tcl
16:34:15 INFO  : XSCT server has started successfully.
16:34:15 INFO  : plnx-install-location is set to ''
16:34:15 INFO  : Successfully done setting XSCT server connection channel  
16:34:15 INFO  : Successfully done setting workspace for the tool. 
16:34:16 INFO  : Platform repository initialization has completed.
16:34:17 INFO  : Successfully done query RDI_DATADIR 
16:34:18 INFO  : Registering command handlers for Vitis TCF services
16:35:03 INFO  : Connected to target on host '127.0.0.1' and port '3121'.
16:35:03 INFO  : 'targets -set -filter {jtag_cable_name =~ "RealDigital Bla 887100000305A" && level==0 && jtag_device_ctx=="jsn1-13723093-0"}' command is executed.
16:35:05 INFO  : Device configured successfully with "/home/timon/Documents/vivado_snake/snake1/_ide/bitstream/design_1_wrapper.bit"
16:35:24 INFO  : Connected to target on host '127.0.0.1' and port '3121'.
16:35:24 INFO  : Jtag cable 'RealDigital Bla 887100000305A' is selected.
16:35:24 INFO  : 'jtag frequency' command is executed.
16:35:24 INFO  : Context for 'APU' is selected.
16:35:24 INFO  : System reset is completed.
16:35:27 INFO  : 'after 3000' command is executed.
16:35:27 INFO  : 'targets -set -filter {jtag_cable_name =~ "RealDigital Bla 887100000305A" && level==0 && jtag_device_ctx=="jsn1-13723093-0"}' command is executed.
16:35:28 INFO  : Device configured successfully with "/home/timon/Documents/vivado_snake/snake1/_ide/bitstream/design_1_wrapper.bit"
16:35:28 INFO  : Context for 'APU' is selected.
16:35:28 INFO  : Hardware design and registers information is loaded from '/home/timon/Documents/vivado_snake/design_1_wrapper/export/design_1_wrapper/hw/design_1_wrapper.xsa'.
16:35:28 INFO  : 'configparams force-mem-access 1' command is executed.
16:35:28 INFO  : Context for 'APU' is selected.
16:35:28 INFO  : Sourcing of '/home/timon/Documents/vivado_snake/snake1/_ide/psinit/ps7_init.tcl' is done.
16:35:28 INFO  : 'ps7_init' command is executed.
16:35:28 INFO  : 'ps7_post_config' command is executed.
16:35:28 INFO  : Context for processor 'ps7_cortexa9_0' is selected.
16:35:29 INFO  : The application '/home/timon/Documents/vivado_snake/snake1/Debug/snake1.elf' is downloaded to processor 'ps7_cortexa9_0'.
16:35:29 INFO  : 'configparams force-mem-access 0' command is executed.
16:35:29 INFO  : ----------------XSDB Script----------------
connect -url tcp:127.0.0.1:3121
targets -set -nocase -filter {name =~"APU*"}
rst -system
after 3000
targets -set -filter {jtag_cable_name =~ "RealDigital Bla 887100000305A" && level==0 && jtag_device_ctx=="jsn1-13723093-0"}
fpga -file /home/timon/Documents/vivado_snake/snake1/_ide/bitstream/design_1_wrapper.bit
targets -set -nocase -filter {name =~"APU*"}
loadhw -hw /home/timon/Documents/vivado_snake/design_1_wrapper/export/design_1_wrapper/hw/design_1_wrapper.xsa -mem-ranges [list {0x40000000 0xbfffffff}] -regs
configparams force-mem-access 1
targets -set -nocase -filter {name =~"APU*"}
source /home/timon/Documents/vivado_snake/snake1/_ide/psinit/ps7_init.tcl
ps7_init
ps7_post_config
targets -set -nocase -filter {name =~ "*A9*#0"}
dow /home/timon/Documents/vivado_snake/snake1/Debug/snake1.elf
configparams force-mem-access 0
----------------End of Script----------------

16:35:29 INFO  : Context for processor 'ps7_cortexa9_0' is selected.
16:35:29 INFO  : 'con' command is executed.
16:35:29 INFO  : ----------------XSDB Script (After Launch)----------------
targets -set -nocase -filter {name =~ "*A9*#0"}
con
----------------End of Script----------------

16:35:29 INFO  : Launch script is exported to file '/home/timon/Documents/vivado_snake/snake1_system/_ide/scripts/debugger_snake1-default.tcl'
16:37:44 INFO  : Result from executing command 'getProjects': design_1_wrapper
16:37:44 INFO  : Result from executing command 'getPlatforms': design_1_wrapper|/home/timon/Documents/vivado_snake/design_1_wrapper/export/design_1_wrapper/design_1_wrapper.xpfm;xilinx_zcu102_base_202310_1|/tools/Xilinx/Vitis/2023.1/base_platforms/xilinx_zcu102_base_202310_1/xilinx_zcu102_base_202310_1.xpfm;xilinx_zcu102_base_dfx_202310_1|/tools/Xilinx/Vitis/2023.1/base_platforms/xilinx_zcu102_base_dfx_202310_1/xilinx_zcu102_base_dfx_202310_1.xpfm;xilinx_zcu104_base_202310_1|/tools/Xilinx/Vitis/2023.1/base_platforms/xilinx_zcu104_base_202310_1/xilinx_zcu104_base_202310_1.xpfm
16:37:44 WARN  : An unexpected exception occurred in the module 'platform project logging'
16:37:45 INFO  : Platform 'design_1_wrapper' is added to custom repositories.
16:37:49 INFO  : Platform 'design_1_wrapper' is added to custom repositories.
16:38:01 INFO  : Result from executing command 'getProjects': design_1_wrapper
16:38:01 INFO  : Result from executing command 'getPlatforms': design_1_wrapper|/home/timon/Documents/vivado_snake/design_1_wrapper/export/design_1_wrapper/design_1_wrapper.xpfm;xilinx_zcu102_base_202310_1|/tools/Xilinx/Vitis/2023.1/base_platforms/xilinx_zcu102_base_202310_1/xilinx_zcu102_base_202310_1.xpfm;xilinx_zcu102_base_dfx_202310_1|/tools/Xilinx/Vitis/2023.1/base_platforms/xilinx_zcu102_base_dfx_202310_1/xilinx_zcu102_base_dfx_202310_1.xpfm;xilinx_zcu104_base_202310_1|/tools/Xilinx/Vitis/2023.1/base_platforms/xilinx_zcu104_base_202310_1/xilinx_zcu104_base_202310_1.xpfm
16:38:20 INFO  : Checking for BSP changes to sync application flags for project 'snake2'...
16:39:00 INFO  : Connected to target on host '127.0.0.1' and port '3121'.
16:39:00 INFO  : 'targets -set -filter {jtag_cable_name =~ "RealDigital Bla 887100000305A" && level==0 && jtag_device_ctx=="jsn1-13723093-0"}' command is executed.
16:39:02 INFO  : Device configured successfully with "/home/timon/Documents/vivado_snake/snake2/_ide/bitstream/design_1_wrapper.bit"
16:41:20 INFO  : Disconnected from the channel tcfchan#1.
18:34:49 DEBUG : Logs will be stored at '/home/timon/Documents/vivado_snake/IDE.log'.
18:34:49 INFO  : Launching XSCT server: xsct -n  -interactive /home/timon/Documents/vivado_snake/temp_xsdb_launch_script.tcl
18:34:50 INFO  : Platform repository initialization has completed.
18:34:50 INFO  : XSCT server has started successfully.
18:34:50 INFO  : plnx-install-location is set to ''
18:34:50 INFO  : Successfully done setting XSCT server connection channel  
18:34:50 INFO  : Successfully done setting workspace for the tool. 
18:34:52 INFO  : Successfully done query RDI_DATADIR 
18:34:52 INFO  : Registering command handlers for Vitis TCF services
18:35:02 INFO  : Connected to target on host '127.0.0.1' and port '3121'.
18:35:02 INFO  : 'targets -set -filter {jtag_cable_name =~ "RealDigital Bla 887100000305A" && level==0 && jtag_device_ctx=="jsn1-13723093-0"}' command is executed.
18:35:04 INFO  : Device configured successfully with "/home/timon/Documents/vivado_snake/snake2/_ide/bitstream/design_1_wrapper.bit"
18:36:02 INFO  : Connected to target on host '127.0.0.1' and port '3121'.
18:36:02 INFO  : Jtag cable 'RealDigital Bla 887100000305A' is selected.
18:36:02 INFO  : 'jtag frequency' command is executed.
18:36:02 INFO  : Context for 'APU' is selected.
18:36:02 INFO  : System reset is completed.
18:36:05 INFO  : 'after 3000' command is executed.
18:36:05 INFO  : 'targets -set -filter {jtag_cable_name =~ "RealDigital Bla 887100000305A" && level==0 && jtag_device_ctx=="jsn1-13723093-0"}' command is executed.
18:36:06 INFO  : Device configured successfully with "/home/timon/Documents/vivado_snake/snake2/_ide/bitstream/design_1_wrapper.bit"
18:36:06 INFO  : Context for 'APU' is selected.
18:36:06 INFO  : Hardware design and registers information is loaded from '/home/timon/Documents/vivado_snake/design_1_wrapper/export/design_1_wrapper/hw/design_1_wrapper.xsa'.
18:36:06 INFO  : 'configparams force-mem-access 1' command is executed.
18:36:06 INFO  : Context for 'APU' is selected.
18:36:06 INFO  : Sourcing of '/home/timon/Documents/vivado_snake/snake2/_ide/psinit/ps7_init.tcl' is done.
18:36:07 INFO  : 'ps7_init' command is executed.
18:36:07 INFO  : 'ps7_post_config' command is executed.
18:36:07 INFO  : Context for processor 'ps7_cortexa9_0' is selected.
18:36:07 INFO  : The application '/home/timon/Documents/vivado_snake/snake2/Debug/snake2.elf' is downloaded to processor 'ps7_cortexa9_0'.
18:36:07 INFO  : 'configparams force-mem-access 0' command is executed.
18:36:07 INFO  : ----------------XSDB Script----------------
connect -url tcp:127.0.0.1:3121
targets -set -nocase -filter {name =~"APU*"}
rst -system
after 3000
targets -set -filter {jtag_cable_name =~ "RealDigital Bla 887100000305A" && level==0 && jtag_device_ctx=="jsn1-13723093-0"}
fpga -file /home/timon/Documents/vivado_snake/snake2/_ide/bitstream/design_1_wrapper.bit
targets -set -nocase -filter {name =~"APU*"}
loadhw -hw /home/timon/Documents/vivado_snake/design_1_wrapper/export/design_1_wrapper/hw/design_1_wrapper.xsa -mem-ranges [list {0x40000000 0xbfffffff}] -regs
configparams force-mem-access 1
targets -set -nocase -filter {name =~"APU*"}
source /home/timon/Documents/vivado_snake/snake2/_ide/psinit/ps7_init.tcl
ps7_init
ps7_post_config
targets -set -nocase -filter {name =~ "*A9*#0"}
dow /home/timon/Documents/vivado_snake/snake2/Debug/snake2.elf
configparams force-mem-access 0
----------------End of Script----------------

18:36:07 INFO  : Context for processor 'ps7_cortexa9_0' is selected.
18:36:07 INFO  : 'con' command is executed.
18:36:07 INFO  : ----------------XSDB Script (After Launch)----------------
targets -set -nocase -filter {name =~ "*A9*#0"}
con
----------------End of Script----------------

18:36:07 INFO  : Launch script is exported to file '/home/timon/Documents/vivado_snake/snake2_system/_ide/scripts/debugger_snake2-default.tcl'
19:26:44 INFO  : Disconnected from the channel tcfchan#1.
19:26:55 DEBUG : Logs will be stored at '/home/timon/Documents/vivado_snake/IDE.log'.
19:26:55 INFO  : Launching XSCT server: xsct -n  -interactive /home/timon/Documents/vivado_snake/temp_xsdb_launch_script.tcl
19:26:56 INFO  : Platform repository initialization has completed.
19:26:56 INFO  : XSCT server has started successfully.
19:26:56 INFO  : Successfully done setting XSCT server connection channel  
19:26:56 INFO  : plnx-install-location is set to ''
19:26:56 INFO  : Successfully done setting workspace for the tool. 
19:26:58 INFO  : Successfully done query RDI_DATADIR 
19:26:58 INFO  : Registering command handlers for Vitis TCF services
19:27:46 INFO  : Result from executing command 'getProjects': design_1_wrapper
19:27:46 INFO  : Result from executing command 'getPlatforms': design_1_wrapper|/home/timon/Documents/vivado_snake/design_1_wrapper/export/design_1_wrapper/design_1_wrapper.xpfm;xilinx_zcu102_base_202310_1|/tools/Xilinx/Vitis/2023.1/base_platforms/xilinx_zcu102_base_202310_1/xilinx_zcu102_base_202310_1.xpfm;xilinx_zcu102_base_dfx_202310_1|/tools/Xilinx/Vitis/2023.1/base_platforms/xilinx_zcu102_base_dfx_202310_1/xilinx_zcu102_base_dfx_202310_1.xpfm;xilinx_zcu104_base_202310_1|/tools/Xilinx/Vitis/2023.1/base_platforms/xilinx_zcu104_base_202310_1/xilinx_zcu104_base_202310_1.xpfm
19:27:46 WARN  : An unexpected exception occurred in the module 'platform project logging'
19:27:46 INFO  : Platform 'design_1_wrapper' is added to custom repositories.
19:27:51 INFO  : Platform 'design_1_wrapper' is added to custom repositories.
19:28:17 INFO  : Result from executing command 'getProjects': design_1_wrapper
19:28:17 INFO  : Result from executing command 'getPlatforms': design_1_wrapper|/home/timon/Documents/vivado_snake/design_1_wrapper/export/design_1_wrapper/design_1_wrapper.xpfm;xilinx_zcu102_base_202310_1|/tools/Xilinx/Vitis/2023.1/base_platforms/xilinx_zcu102_base_202310_1/xilinx_zcu102_base_202310_1.xpfm;xilinx_zcu102_base_dfx_202310_1|/tools/Xilinx/Vitis/2023.1/base_platforms/xilinx_zcu102_base_dfx_202310_1/xilinx_zcu102_base_dfx_202310_1.xpfm;xilinx_zcu104_base_202310_1|/tools/Xilinx/Vitis/2023.1/base_platforms/xilinx_zcu104_base_202310_1/xilinx_zcu104_base_202310_1.xpfm
19:28:45 INFO  : Checking for BSP changes to sync application flags for project 'snake3'...
19:29:19 INFO  : Connected to target on host '127.0.0.1' and port '3121'.
19:29:19 INFO  : 'targets -set -filter {jtag_cable_name =~ "RealDigital Bla 887100000305A" && level==0 && jtag_device_ctx=="jsn1-13723093-0"}' command is executed.
19:29:20 INFO  : Device configured successfully with "/home/timon/Documents/vivado_snake/snake3/_ide/bitstream/design_1_wrapper.bit"
19:29:36 INFO  : Connected to target on host '127.0.0.1' and port '3121'.
19:29:36 INFO  : Jtag cable 'RealDigital Bla 887100000305A' is selected.
19:29:36 INFO  : 'jtag frequency' command is executed.
19:29:36 INFO  : Context for 'APU' is selected.
19:29:36 INFO  : System reset is completed.
19:29:39 INFO  : 'after 3000' command is executed.
19:29:39 INFO  : 'targets -set -filter {jtag_cable_name =~ "RealDigital Bla 887100000305A" && level==0 && jtag_device_ctx=="jsn1-13723093-0"}' command is executed.
19:29:41 INFO  : Device configured successfully with "/home/timon/Documents/vivado_snake/snake3/_ide/bitstream/design_1_wrapper.bit"
19:29:41 INFO  : Context for 'APU' is selected.
19:29:41 INFO  : Hardware design and registers information is loaded from '/home/timon/Documents/vivado_snake/design_1_wrapper/export/design_1_wrapper/hw/design_1_wrapper.xsa'.
19:29:41 INFO  : 'configparams force-mem-access 1' command is executed.
19:29:41 INFO  : Context for 'APU' is selected.
19:29:41 INFO  : Sourcing of '/home/timon/Documents/vivado_snake/snake3/_ide/psinit/ps7_init.tcl' is done.
19:29:41 INFO  : 'ps7_init' command is executed.
19:29:41 INFO  : 'ps7_post_config' command is executed.
19:29:41 INFO  : Context for processor 'ps7_cortexa9_0' is selected.
19:29:41 INFO  : The application '/home/timon/Documents/vivado_snake/snake3/Debug/snake3.elf' is downloaded to processor 'ps7_cortexa9_0'.
19:29:41 INFO  : 'configparams force-mem-access 0' command is executed.
19:29:41 INFO  : ----------------XSDB Script----------------
connect -url tcp:127.0.0.1:3121
targets -set -nocase -filter {name =~"APU*"}
rst -system
after 3000
targets -set -filter {jtag_cable_name =~ "RealDigital Bla 887100000305A" && level==0 && jtag_device_ctx=="jsn1-13723093-0"}
fpga -file /home/timon/Documents/vivado_snake/snake3/_ide/bitstream/design_1_wrapper.bit
targets -set -nocase -filter {name =~"APU*"}
loadhw -hw /home/timon/Documents/vivado_snake/design_1_wrapper/export/design_1_wrapper/hw/design_1_wrapper.xsa -mem-ranges [list {0x40000000 0xbfffffff}] -regs
configparams force-mem-access 1
targets -set -nocase -filter {name =~"APU*"}
source /home/timon/Documents/vivado_snake/snake3/_ide/psinit/ps7_init.tcl
ps7_init
ps7_post_config
targets -set -nocase -filter {name =~ "*A9*#0"}
dow /home/timon/Documents/vivado_snake/snake3/Debug/snake3.elf
configparams force-mem-access 0
----------------End of Script----------------

19:29:41 INFO  : Context for processor 'ps7_cortexa9_0' is selected.
19:29:41 INFO  : 'con' command is executed.
19:29:41 INFO  : ----------------XSDB Script (After Launch)----------------
targets -set -nocase -filter {name =~ "*A9*#0"}
con
----------------End of Script----------------

19:29:41 INFO  : Launch script is exported to file '/home/timon/Documents/vivado_snake/snake3_system/_ide/scripts/debugger_snake3-default.tcl'
20:33:21 INFO  : Disconnected from the channel tcfchan#3.
11:33:12 DEBUG : Logs will be stored at '/home/timon/Documents/vivado_snake/IDE.log'.
11:33:13 INFO  : Launching XSCT server: xsct -n  -interactive /home/timon/Documents/vivado_snake/temp_xsdb_launch_script.tcl
11:33:14 INFO  : Platform repository initialization has completed.
11:33:15 INFO  : XSCT server has started successfully.
11:33:15 INFO  : Successfully done setting XSCT server connection channel  
11:33:15 INFO  : plnx-install-location is set to ''
11:33:15 INFO  : Successfully done setting workspace for the tool. 
11:33:16 INFO  : Registering command handlers for Vitis TCF services
11:33:16 INFO  : Successfully done query RDI_DATADIR 
11:47:25 INFO  : Result from executing command 'getProjects': design_1_wrapper
11:47:25 INFO  : Result from executing command 'getPlatforms': design_1_wrapper|/home/timon/Documents/vivado_snake/design_1_wrapper/export/design_1_wrapper/design_1_wrapper.xpfm;xilinx_zcu102_base_202310_1|/tools/Xilinx/Vitis/2023.1/base_platforms/xilinx_zcu102_base_202310_1/xilinx_zcu102_base_202310_1.xpfm;xilinx_zcu102_base_dfx_202310_1|/tools/Xilinx/Vitis/2023.1/base_platforms/xilinx_zcu102_base_dfx_202310_1/xilinx_zcu102_base_dfx_202310_1.xpfm;xilinx_zcu104_base_202310_1|/tools/Xilinx/Vitis/2023.1/base_platforms/xilinx_zcu104_base_202310_1/xilinx_zcu104_base_202310_1.xpfm
11:47:25 WARN  : An unexpected exception occurred in the module 'platform project logging'
11:47:25 INFO  : Platform 'design_1_wrapper' is added to custom repositories.
11:47:30 INFO  : Platform 'design_1_wrapper' is added to custom repositories.
11:55:00 INFO  : Result from executing command 'getProjects': design_1_wrapper
11:55:00 INFO  : Result from executing command 'getPlatforms': design_1_wrapper|/home/timon/Documents/vivado_snake/design_1_wrapper/export/design_1_wrapper/design_1_wrapper.xpfm;xilinx_zcu102_base_202310_1|/tools/Xilinx/Vitis/2023.1/base_platforms/xilinx_zcu102_base_202310_1/xilinx_zcu102_base_202310_1.xpfm;xilinx_zcu102_base_dfx_202310_1|/tools/Xilinx/Vitis/2023.1/base_platforms/xilinx_zcu102_base_dfx_202310_1/xilinx_zcu102_base_dfx_202310_1.xpfm;xilinx_zcu104_base_202310_1|/tools/Xilinx/Vitis/2023.1/base_platforms/xilinx_zcu104_base_202310_1/xilinx_zcu104_base_202310_1.xpfm
11:56:46 INFO  : Checking for BSP changes to sync application flags for project 'snake4'...
11:57:28 INFO  : Connected to target on host '127.0.0.1' and port '3121'.
11:57:28 INFO  : 'targets -set -filter {jtag_cable_name =~ "RealDigital Bla 887100000305A" && level==0 && jtag_device_ctx=="jsn1-13723093-0"}' command is executed.
11:57:30 INFO  : Device configured successfully with "/home/timon/Documents/vivado_snake/snake4/_ide/bitstream/design_1_wrapper.bit"
11:57:40 INFO  : Connected to target on host '127.0.0.1' and port '3121'.
11:57:40 INFO  : Jtag cable 'RealDigital Bla 887100000305A' is selected.
11:57:40 INFO  : 'jtag frequency' command is executed.
11:57:40 INFO  : Context for 'APU' is selected.
11:57:40 INFO  : System reset is completed.
11:57:43 INFO  : 'after 3000' command is executed.
11:57:43 INFO  : 'targets -set -filter {jtag_cable_name =~ "RealDigital Bla 887100000305A" && level==0 && jtag_device_ctx=="jsn1-13723093-0"}' command is executed.
11:57:44 INFO  : Device configured successfully with "/home/timon/Documents/vivado_snake/snake4/_ide/bitstream/design_1_wrapper.bit"
11:57:44 INFO  : Context for 'APU' is selected.
11:57:44 INFO  : Hardware design and registers information is loaded from '/home/timon/Documents/vivado_snake/design_1_wrapper/export/design_1_wrapper/hw/design_1_wrapper.xsa'.
11:57:44 INFO  : 'configparams force-mem-access 1' command is executed.
11:57:44 INFO  : Context for 'APU' is selected.
11:57:44 INFO  : Sourcing of '/home/timon/Documents/vivado_snake/snake4/_ide/psinit/ps7_init.tcl' is done.
11:57:44 INFO  : 'ps7_init' command is executed.
11:57:44 INFO  : 'ps7_post_config' command is executed.
11:57:44 INFO  : Context for processor 'ps7_cortexa9_0' is selected.
11:57:45 INFO  : The application '/home/timon/Documents/vivado_snake/snake4/Debug/snake4.elf' is downloaded to processor 'ps7_cortexa9_0'.
11:57:45 INFO  : 'configparams force-mem-access 0' command is executed.
11:57:45 INFO  : ----------------XSDB Script----------------
connect -url tcp:127.0.0.1:3121
targets -set -nocase -filter {name =~"APU*"}
rst -system
after 3000
targets -set -filter {jtag_cable_name =~ "RealDigital Bla 887100000305A" && level==0 && jtag_device_ctx=="jsn1-13723093-0"}
fpga -file /home/timon/Documents/vivado_snake/snake4/_ide/bitstream/design_1_wrapper.bit
targets -set -nocase -filter {name =~"APU*"}
loadhw -hw /home/timon/Documents/vivado_snake/design_1_wrapper/export/design_1_wrapper/hw/design_1_wrapper.xsa -mem-ranges [list {0x40000000 0xbfffffff}] -regs
configparams force-mem-access 1
targets -set -nocase -filter {name =~"APU*"}
source /home/timon/Documents/vivado_snake/snake4/_ide/psinit/ps7_init.tcl
ps7_init
ps7_post_config
targets -set -nocase -filter {name =~ "*A9*#0"}
dow /home/timon/Documents/vivado_snake/snake4/Debug/snake4.elf
configparams force-mem-access 0
----------------End of Script----------------

11:57:45 INFO  : Context for processor 'ps7_cortexa9_0' is selected.
11:57:45 INFO  : 'con' command is executed.
11:57:45 INFO  : ----------------XSDB Script (After Launch)----------------
targets -set -nocase -filter {name =~ "*A9*#0"}
con
----------------End of Script----------------

11:57:45 INFO  : Launch script is exported to file '/home/timon/Documents/vivado_snake/snake4_system/_ide/scripts/debugger_snake4-default.tcl'
12:01:46 INFO  : Checking for BSP changes to sync application flags for project 'snake4'...
12:02:48 INFO  : Connected to target on host '127.0.0.1' and port '3121'.
12:02:48 INFO  : 'targets -set -filter {jtag_cable_name =~ "RealDigital Bla 887100000305A" && level==0 && jtag_device_ctx=="jsn1-13723093-0"}' command is executed.
12:02:49 INFO  : Device configured successfully with "/home/timon/Documents/vivado_snake/snake4/_ide/bitstream/design_1_wrapper.bit"
12:03:01 INFO  : Disconnected from the channel tcfchan#3.
12:03:02 INFO  : Connected to target on host '127.0.0.1' and port '3121'.
12:03:04 INFO  : Jtag cable 'RealDigital Bla 887100000305A' is selected.
12:03:04 INFO  : 'jtag frequency' command is executed.
12:03:04 INFO  : Context for 'APU' is selected.
12:03:05 INFO  : System reset is completed.
12:03:08 INFO  : 'after 3000' command is executed.
12:03:08 INFO  : 'targets -set -filter {jtag_cable_name =~ "RealDigital Bla 887100000305A" && level==0 && jtag_device_ctx=="jsn1-13723093-0"}' command is executed.
12:03:09 INFO  : Device configured successfully with "/home/timon/Documents/vivado_snake/snake4/_ide/bitstream/design_1_wrapper.bit"
12:03:09 INFO  : Context for 'APU' is selected.
12:03:09 INFO  : Hardware design and registers information is loaded from '/home/timon/Documents/vivado_snake/design_1_wrapper/export/design_1_wrapper/hw/design_1_wrapper.xsa'.
12:03:09 INFO  : 'configparams force-mem-access 1' command is executed.
12:03:09 INFO  : Context for 'APU' is selected.
12:03:09 INFO  : Sourcing of '/home/timon/Documents/vivado_snake/snake4/_ide/psinit/ps7_init.tcl' is done.
12:03:09 INFO  : 'ps7_init' command is executed.
12:03:09 INFO  : 'ps7_post_config' command is executed.
12:03:09 INFO  : Context for processor 'ps7_cortexa9_0' is selected.
12:03:09 INFO  : The application '/home/timon/Documents/vivado_snake/snake4/Debug/snake4.elf' is downloaded to processor 'ps7_cortexa9_0'.
12:03:09 INFO  : 'configparams force-mem-access 0' command is executed.
12:03:09 INFO  : ----------------XSDB Script----------------
connect -url tcp:127.0.0.1:3121
targets -set -nocase -filter {name =~"APU*"}
rst -system
after 3000
targets -set -filter {jtag_cable_name =~ "RealDigital Bla 887100000305A" && level==0 && jtag_device_ctx=="jsn1-13723093-0"}
fpga -file /home/timon/Documents/vivado_snake/snake4/_ide/bitstream/design_1_wrapper.bit
targets -set -nocase -filter {name =~"APU*"}
loadhw -hw /home/timon/Documents/vivado_snake/design_1_wrapper/export/design_1_wrapper/hw/design_1_wrapper.xsa -mem-ranges [list {0x40000000 0xbfffffff}] -regs
configparams force-mem-access 1
targets -set -nocase -filter {name =~"APU*"}
source /home/timon/Documents/vivado_snake/snake4/_ide/psinit/ps7_init.tcl
ps7_init
ps7_post_config
targets -set -nocase -filter {name =~ "*A9*#0"}
dow /home/timon/Documents/vivado_snake/snake4/Debug/snake4.elf
configparams force-mem-access 0
----------------End of Script----------------

12:03:09 INFO  : Context for processor 'ps7_cortexa9_0' is selected.
12:03:09 INFO  : 'con' command is executed.
12:03:09 INFO  : ----------------XSDB Script (After Launch)----------------
targets -set -nocase -filter {name =~ "*A9*#0"}
con
----------------End of Script----------------

12:03:09 INFO  : Launch script is exported to file '/home/timon/Documents/vivado_snake/snake4_system/_ide/scripts/debugger_snake4-default.tcl'
12:05:25 INFO  : Checking for BSP changes to sync application flags for project 'snake4'...
12:05:41 INFO  : Disconnected from the channel tcfchan#5.
12:05:42 INFO  : Connected to target on host '127.0.0.1' and port '3121'.
12:05:42 INFO  : Jtag cable 'RealDigital Bla 887100000305A' is selected.
12:05:42 INFO  : 'jtag frequency' command is executed.
12:05:44 INFO  : Context for 'APU' is selected.
12:05:44 INFO  : System reset is completed.
12:05:47 INFO  : 'after 3000' command is executed.
12:05:47 INFO  : 'targets -set -filter {jtag_cable_name =~ "RealDigital Bla 887100000305A" && level==0 && jtag_device_ctx=="jsn1-13723093-0"}' command is executed.
12:05:48 INFO  : Device configured successfully with "/home/timon/Documents/vivado_snake/snake4/_ide/bitstream/design_1_wrapper.bit"
12:05:48 INFO  : Context for 'APU' is selected.
12:05:48 INFO  : Hardware design and registers information is loaded from '/home/timon/Documents/vivado_snake/design_1_wrapper/export/design_1_wrapper/hw/design_1_wrapper.xsa'.
12:05:48 INFO  : 'configparams force-mem-access 1' command is executed.
12:05:48 INFO  : Context for 'APU' is selected.
12:05:48 INFO  : Sourcing of '/home/timon/Documents/vivado_snake/snake4/_ide/psinit/ps7_init.tcl' is done.
12:05:48 INFO  : 'ps7_init' command is executed.
12:05:48 INFO  : 'ps7_post_config' command is executed.
12:05:48 INFO  : Context for processor 'ps7_cortexa9_0' is selected.
12:05:49 INFO  : The application '/home/timon/Documents/vivado_snake/snake4/Debug/snake4.elf' is downloaded to processor 'ps7_cortexa9_0'.
12:05:49 INFO  : 'configparams force-mem-access 0' command is executed.
12:05:49 INFO  : ----------------XSDB Script----------------
connect -url tcp:127.0.0.1:3121
targets -set -nocase -filter {name =~"APU*"}
rst -system
after 3000
targets -set -filter {jtag_cable_name =~ "RealDigital Bla 887100000305A" && level==0 && jtag_device_ctx=="jsn1-13723093-0"}
fpga -file /home/timon/Documents/vivado_snake/snake4/_ide/bitstream/design_1_wrapper.bit
targets -set -nocase -filter {name =~"APU*"}
loadhw -hw /home/timon/Documents/vivado_snake/design_1_wrapper/export/design_1_wrapper/hw/design_1_wrapper.xsa -mem-ranges [list {0x40000000 0xbfffffff}] -regs
configparams force-mem-access 1
targets -set -nocase -filter {name =~"APU*"}
source /home/timon/Documents/vivado_snake/snake4/_ide/psinit/ps7_init.tcl
ps7_init
ps7_post_config
targets -set -nocase -filter {name =~ "*A9*#0"}
dow /home/timon/Documents/vivado_snake/snake4/Debug/snake4.elf
configparams force-mem-access 0
----------------End of Script----------------

12:05:49 INFO  : Context for processor 'ps7_cortexa9_0' is selected.
12:05:49 INFO  : 'con' command is executed.
12:05:49 INFO  : ----------------XSDB Script (After Launch)----------------
targets -set -nocase -filter {name =~ "*A9*#0"}
con
----------------End of Script----------------

12:05:49 INFO  : Launch script is exported to file '/home/timon/Documents/vivado_snake/snake4_system/_ide/scripts/debugger_snake4-default.tcl'
