Copyright 1986-2022 Xilinx, Inc. All Rights Reserved. Copyright 2022-2023 Advanced Micro Devices, Inc. All Rights Reserved.
---------------------------------------------------------------------------------------------------------------------------------------------------------------------------------------------------------------------------------------------
| Tool Version : Vivado v.2023.1 (lin64) Build 3865809 Sun May  7 15:04:56 MDT 2023
| Date         : Sun Mar 16 11:32:19 2025
| Host         : ASUS-TUF-A15 running 64-bit Ubuntu 24.04.2 LTS
| Command      : report_timing_summary -max_paths 10 -report_unconstrained -file design_1_wrapper_timing_summary_routed.rpt -pb design_1_wrapper_timing_summary_routed.pb -rpx design_1_wrapper_timing_summary_routed.rpx -warn_on_violation
| Design       : design_1_wrapper
| Device       : 7z007s-clg400
| Speed File   : -1  PRODUCTION 1.12 2019-11-22
| Design State : Routed
---------------------------------------------------------------------------------------------------------------------------------------------------------------------------------------------------------------------------------------------

Timing Summary Report

------------------------------------------------------------------------------------------------
| Timer Settings
| --------------
------------------------------------------------------------------------------------------------

  Enable Multi Corner Analysis               :  Yes
  Enable Pessimism Removal                   :  Yes
  Pessimism Removal Resolution               :  Nearest Common Node
  Enable Input Delay Default Clock           :  No
  Enable Preset / Clear Arcs                 :  No
  Disable Flight Delays                      :  No
  Ignore I/O Paths                           :  No
  Timing Early Launch at Borrowing Latches   :  No
  Borrow Time for Max Delay Exceptions       :  Yes
  Merge Timing Exceptions                    :  Yes

  Corner  Analyze    Analyze    
  Name    Max Paths  Min Paths  
  ------  ---------  ---------  
  Slow    Yes        Yes        
  Fast    Yes        Yes        


------------------------------------------------------------------------------------------------
| Report Methodology
| ------------------
------------------------------------------------------------------------------------------------

Rule       Severity          Description                                         Violations  
---------  ----------------  --------------------------------------------------  ----------  
TIMING-4   Critical Warning  Invalid primary clock redefinition on a clock tree  1           
TIMING-17  Critical Warning  Non-clocked sequential cell                         38          
TIMING-27  Critical Warning  Invalid primary clock on hierarchical pin           1           
LUTAR-1    Warning           LUT drives async reset alert                        1           

Note: This report is based on the most recent report_methodology run and may not be up-to-date. Run report_methodology on the current design for the latest report.



check_timing report

Table of Contents
-----------------
1. checking no_clock (38)
2. checking constant_clock (0)
3. checking pulse_width_clock (0)
4. checking unconstrained_internal_endpoints (103)
5. checking no_input_delay (5)
6. checking no_output_delay (14)
7. checking multiple_clock (0)
8. checking generated_clocks (0)
9. checking loops (0)
10. checking partial_input_delay (0)
11. checking partial_output_delay (0)
12. checking latch_loops (0)

1. checking no_clock (38)
-------------------------
 There are 22 register/latch pins with no clock driven by root clock pin: design_1_i/game_clock_0/U0/clk_state_reg/Q (HIGH)

 There are 16 register/latch pins with no clock driven by root clock pin: design_1_i/seven_segment_clock_0/U0/clk_state_reg/Q (HIGH)


2. checking constant_clock (0)
------------------------------
 There are 0 register/latch pins with constant_clock.


3. checking pulse_width_clock (0)
---------------------------------
 There are 0 register/latch pins which need pulse_width check


4. checking unconstrained_internal_endpoints (103)
--------------------------------------------------
 There are 103 pins that are not constrained for maximum delay. (HIGH)

 There are 0 pins that are not constrained for maximum delay due to constant clock.


5. checking no_input_delay (5)
------------------------------
 There are 5 input ports with no input delay specified. (HIGH)

 There are 0 input ports with no input delay but user has a false path constraint.


6. checking no_output_delay (14)
--------------------------------
 There are 14 ports with no output delay specified. (HIGH)

 There are 0 ports with no output delay but user has a false path constraint

 There are 0 ports with no output delay but with a timing clock defined on it or propagating through it


7. checking multiple_clock (0)
------------------------------
 There are 0 register/latch pins with multiple clocks.


8. checking generated_clocks (0)
--------------------------------
 There are 0 generated clocks that are not connected to a clock source.


9. checking loops (0)
---------------------
 There are 0 combinational loops in the design.


10. checking partial_input_delay (0)
------------------------------------
 There are 0 input ports with partial input delay specified.


11. checking partial_output_delay (0)
-------------------------------------
 There are 0 ports with partial output delay specified.


12. checking latch_loops (0)
----------------------------
 There are 0 combinational latch loops in the design through latch input



------------------------------------------------------------------------------------------------
| Design Timing Summary
| ---------------------
------------------------------------------------------------------------------------------------

    WNS(ns)      TNS(ns)  TNS Failing Endpoints  TNS Total Endpoints      WHS(ns)      THS(ns)  THS Failing Endpoints  THS Total Endpoints     WPWS(ns)     TPWS(ns)  TPWS Failing Endpoints  TPWS Total Endpoints  
    -------      -------  ---------------------  -------------------      -------      -------  ---------------------  -------------------     --------     --------  ----------------------  --------------------  
      6.138        0.000                      0                 1884        0.062        0.000                      0                 1884        4.500        0.000                       0                  1146  


All user specified timing constraints are met.


------------------------------------------------------------------------------------------------
| Clock Summary
| -------------
------------------------------------------------------------------------------------------------

Clock                              Waveform(ns)         Period(ns)      Frequency(MHz)
-----                              ------------         ----------      --------------
clk_fpga_0                         {0.000 10.000}       20.000          50.000          
design_1_i/clk_wiz_0/inst/clk_in1  {0.000 10.000}       20.000          50.000          
  clk_out100_design_1_clk_wiz_0_0  {0.000 5.000}        10.000          100.000         
  clk_out125_design_1_clk_wiz_0_0  {0.000 4.000}        8.000           125.000         
  clk_out25_design_1_clk_wiz_0_0   {0.000 20.000}       40.000          25.000          
  clkfbout_design_1_clk_wiz_0_0    {0.000 10.000}       20.000          50.000          


------------------------------------------------------------------------------------------------
| Intra Clock Table
| -----------------
------------------------------------------------------------------------------------------------

Clock                                  WNS(ns)      TNS(ns)  TNS Failing Endpoints  TNS Total Endpoints      WHS(ns)      THS(ns)  THS Failing Endpoints  THS Total Endpoints     WPWS(ns)     TPWS(ns)  TPWS Failing Endpoints  TPWS Total Endpoints  
-----                                  -------      -------  ---------------------  -------------------      -------      -------  ---------------------  -------------------     --------     --------  ----------------------  --------------------  
clk_fpga_0                              13.144        0.000                      0                 1618        0.062        0.000                      0                 1618        9.020        0.000                       0                   882  
design_1_i/clk_wiz_0/inst/clk_in1                                                                                                                                                    7.000        0.000                       0                     1  
  clk_out100_design_1_clk_wiz_0_0        6.138        0.000                      0                   40        0.227        0.000                      0                   40        4.500        0.000                       0                    64  
  clk_out125_design_1_clk_wiz_0_0                                                                                                                                                    5.845        0.000                       0                    10  
  clk_out25_design_1_clk_wiz_0_0        24.262        0.000                      0                  226        0.104        0.000                      0                  226       19.020        0.000                       0                   186  
  clkfbout_design_1_clk_wiz_0_0                                                                                                                                                     17.845        0.000                       0                     3  


------------------------------------------------------------------------------------------------
| Inter Clock Table
| -----------------
------------------------------------------------------------------------------------------------

From Clock    To Clock          WNS(ns)      TNS(ns)  TNS Failing Endpoints  TNS Total Endpoints      WHS(ns)      THS(ns)  THS Failing Endpoints  THS Total Endpoints  
----------    --------          -------      -------  ---------------------  -------------------      -------      -------  ---------------------  -------------------  


------------------------------------------------------------------------------------------------
| Other Path Groups Table
| -----------------------
------------------------------------------------------------------------------------------------

Path Group    From Clock    To Clock          WNS(ns)      TNS(ns)  TNS Failing Endpoints  TNS Total Endpoints      WHS(ns)      THS(ns)  THS Failing Endpoints  THS Total Endpoints  
----------    ----------    --------          -------      -------  ---------------------  -------------------      -------      -------  ---------------------  -------------------  


------------------------------------------------------------------------------------------------
| User Ignored Path Table
| -----------------------
------------------------------------------------------------------------------------------------

Path Group                       From Clock                       To Clock                       
----------                       ----------                       --------                       
(none)                                                            clk_fpga_0                       
(none)                           clk_out100_design_1_clk_wiz_0_0  clk_fpga_0                       


------------------------------------------------------------------------------------------------
| Unconstrained Path Table
| ------------------------
------------------------------------------------------------------------------------------------

Path Group                       From Clock                       To Clock                       
----------                       ----------                       --------                       
(none)                                                                                             
(none)                           clk_out125_design_1_clk_wiz_0_0                                   
(none)                           clkfbout_design_1_clk_wiz_0_0                                     
(none)                                                            clk_out100_design_1_clk_wiz_0_0  
(none)                                                            clk_out25_design_1_clk_wiz_0_0   


------------------------------------------------------------------------------------------------
| Timing Details
| --------------
------------------------------------------------------------------------------------------------


---------------------------------------------------------------------------------------------------
From Clock:  clk_fpga_0
  To Clock:  clk_fpga_0

Setup :            0  Failing Endpoints,  Worst Slack       13.144ns,  Total Violation        0.000ns
Hold  :            0  Failing Endpoints,  Worst Slack        0.062ns,  Total Violation        0.000ns
PW    :            0  Failing Endpoints,  Worst Slack        9.020ns,  Total Violation        0.000ns
---------------------------------------------------------------------------------------------------


Max Delay Paths
--------------------------------------------------------------------------------------
Slack (MET) :             13.144ns  (required time - arrival time)
  Source:                 design_1_i/ps7_0_axi_periph/s00_couplers/auto_pc/inst/gen_axilite.gen_b2s_conv.axilite_b2s/WR.b_channel_0/bid_fifo_0/cnt_read_reg[1]/C
                            (rising edge-triggered cell FDSE clocked by clk_fpga_0  {rise@0.000ns fall@10.000ns period=20.000ns})
  Destination:            design_1_i/ps7_0_axi_periph/s00_couplers/auto_pc/inst/gen_axilite.gen_b2s_conv.axilite_b2s/WR.aw_channel_0/cmd_translator_0/incr_cmd_0/axaddr_incr_reg[8]/D
                            (rising edge-triggered cell FDRE clocked by clk_fpga_0  {rise@0.000ns fall@10.000ns period=20.000ns})
  Path Group:             clk_fpga_0
  Path Type:              Setup (Max at Slow Process Corner)
  Requirement:            20.000ns  (clk_fpga_0 rise@20.000ns - clk_fpga_0 rise@0.000ns)
  Data Path Delay:        6.423ns  (logic 2.136ns (33.256%)  route 4.287ns (66.744%))
  Logic Levels:           7  (CARRY4=3 LUT3=2 LUT4=1 LUT6=1)
  Clock Path Skew:        -0.206ns (DCD - SCD + CPR)
    Destination Clock Delay (DCD):    3.267ns = ( 23.267 - 20.000 ) 
    Source Clock Delay      (SCD):    3.754ns
    Clock Pessimism Removal (CPR):    0.282ns
  Clock Uncertainty:      0.302ns  ((TSJ^2 + TIJ^2)^1/2 + DJ) / 2 + PE
    Total System Jitter     (TSJ):    0.071ns
    Total Input Jitter      (TIJ):    0.600ns
    Discrete Jitter          (DJ):    0.000ns
    Phase Error              (PE):    0.000ns

    Location             Delay type                Incr(ns)  Path(ns)    Netlist Resource(s)
  -------------------------------------------------------------------    -------------------
                         (clock clk_fpga_0 rise edge)
                                                      0.000     0.000 r  
    PS7_X0Y0             PS7                          0.000     0.000 r  design_1_i/processing_system7_0/inst/PS7_i/FCLKCLK[0]
                         net (fo=1, routed)           1.938     1.938    design_1_i/processing_system7_0/inst/FCLK_CLK_unbuffered[0]
    BUFGCTRL_X0Y16       BUFG (Prop_bufg_I_O)         0.101     2.039 r  design_1_i/processing_system7_0/inst/buffer_fclk_clk_0.FCLK_CLK_0_BUFG/O
                         net (fo=883, routed)         1.715     3.754    design_1_i/ps7_0_axi_periph/s00_couplers/auto_pc/inst/gen_axilite.gen_b2s_conv.axilite_b2s/WR.b_channel_0/bid_fifo_0/aclk
    SLICE_X5Y50          FDSE                                         r  design_1_i/ps7_0_axi_periph/s00_couplers/auto_pc/inst/gen_axilite.gen_b2s_conv.axilite_b2s/WR.b_channel_0/bid_fifo_0/cnt_read_reg[1]/C
  -------------------------------------------------------------------    -------------------
    SLICE_X5Y50          FDSE (Prop_fdse_C_Q)         0.419     4.173 f  design_1_i/ps7_0_axi_periph/s00_couplers/auto_pc/inst/gen_axilite.gen_b2s_conv.axilite_b2s/WR.b_channel_0/bid_fifo_0/cnt_read_reg[1]/Q
                         net (fo=22, routed)          1.785     5.958    design_1_i/ps7_0_axi_periph/s00_couplers/auto_pc/inst/gen_axilite.gen_b2s_conv.axilite_b2s/WR.aw_channel_0/aw_cmd_fsm_0/cnt_read[1]
    SLICE_X11Y47         LUT6 (Prop_lut6_I4_O)        0.299     6.257 r  design_1_i/ps7_0_axi_periph/s00_couplers/auto_pc/inst/gen_axilite.gen_b2s_conv.axilite_b2s/WR.aw_channel_0/aw_cmd_fsm_0/memory_reg[3][0]_srl4_i_1/O
                         net (fo=30, routed)          0.626     6.883    design_1_i/ps7_0_axi_periph/s00_couplers/auto_pc/inst/gen_axilite.gen_b2s_conv.axilite_b2s/WR.aw_channel_0/aw_cmd_fsm_0/m_axi_awready_0
    SLICE_X11Y46         LUT3 (Prop_lut3_I2_O)        0.124     7.007 r  design_1_i/ps7_0_axi_periph/s00_couplers/auto_pc/inst/gen_axilite.gen_b2s_conv.axilite_b2s/WR.aw_channel_0/aw_cmd_fsm_0/next_pending_r_i_3/O
                         net (fo=23, routed)          1.067     8.073    design_1_i/ps7_0_axi_periph/s00_couplers/auto_pc/inst/gen_axilite.gen_b2s_conv.axilite_b2s/WR.aw_channel_0/cmd_translator_0/incr_cmd_0/next
    SLICE_X8Y42          LUT4 (Prop_lut4_I3_O)        0.124     8.197 r  design_1_i/ps7_0_axi_periph/s00_couplers/auto_pc/inst/gen_axilite.gen_b2s_conv.axilite_b2s/WR.aw_channel_0/cmd_translator_0/incr_cmd_0/axaddr_incr[3]_i_10/O
                         net (fo=1, routed)           0.000     8.197    design_1_i/ps7_0_axi_periph/s00_couplers/auto_pc/inst/gen_axilite.gen_b2s_conv.axilite_b2s/SI_REG/aw.aw_pipe/axaddr_incr_reg[3][0]
    SLICE_X8Y42          CARRY4 (Prop_carry4_S[0]_CO[3])
                                                      0.513     8.710 r  design_1_i/ps7_0_axi_periph/s00_couplers/auto_pc/inst/gen_axilite.gen_b2s_conv.axilite_b2s/SI_REG/aw.aw_pipe/axaddr_incr_reg[3]_i_2/CO[3]
                         net (fo=1, routed)           0.000     8.710    design_1_i/ps7_0_axi_periph/s00_couplers/auto_pc/inst/gen_axilite.gen_b2s_conv.axilite_b2s/SI_REG/aw.aw_pipe/axaddr_incr_reg[3]_i_2_n_0
    SLICE_X8Y43          CARRY4 (Prop_carry4_CI_CO[3])
                                                      0.117     8.827 r  design_1_i/ps7_0_axi_periph/s00_couplers/auto_pc/inst/gen_axilite.gen_b2s_conv.axilite_b2s/SI_REG/aw.aw_pipe/axaddr_incr_reg[7]_i_2/CO[3]
                         net (fo=1, routed)           0.000     8.827    design_1_i/ps7_0_axi_periph/s00_couplers/auto_pc/inst/gen_axilite.gen_b2s_conv.axilite_b2s/SI_REG/aw.aw_pipe/axaddr_incr_reg[7]_i_2_n_0
    SLICE_X8Y44          CARRY4 (Prop_carry4_CI_O[0])
                                                      0.219     9.046 r  design_1_i/ps7_0_axi_periph/s00_couplers/auto_pc/inst/gen_axilite.gen_b2s_conv.axilite_b2s/SI_REG/aw.aw_pipe/axaddr_incr_reg[11]_i_3/O[0]
                         net (fo=1, routed)           0.810     9.856    design_1_i/ps7_0_axi_periph/s00_couplers/auto_pc/inst/gen_axilite.gen_b2s_conv.axilite_b2s/WR.aw_channel_0/cmd_translator_0/incr_cmd_0/axaddr_incr[8]
    SLICE_X7Y43          LUT3 (Prop_lut3_I0_O)        0.321    10.177 r  design_1_i/ps7_0_axi_periph/s00_couplers/auto_pc/inst/gen_axilite.gen_b2s_conv.axilite_b2s/WR.aw_channel_0/cmd_translator_0/incr_cmd_0/axaddr_incr[8]_i_1/O
                         net (fo=1, routed)           0.000    10.177    design_1_i/ps7_0_axi_periph/s00_couplers/auto_pc/inst/gen_axilite.gen_b2s_conv.axilite_b2s/WR.aw_channel_0/cmd_translator_0/incr_cmd_0/p_1_in[8]
    SLICE_X7Y43          FDRE                                         r  design_1_i/ps7_0_axi_periph/s00_couplers/auto_pc/inst/gen_axilite.gen_b2s_conv.axilite_b2s/WR.aw_channel_0/cmd_translator_0/incr_cmd_0/axaddr_incr_reg[8]/D
  -------------------------------------------------------------------    -------------------

                         (clock clk_fpga_0 rise edge)
                                                     20.000    20.000 r  
    PS7_X0Y0             PS7                          0.000    20.000 r  design_1_i/processing_system7_0/inst/PS7_i/FCLKCLK[0]
                         net (fo=1, routed)           1.666    21.666    design_1_i/processing_system7_0/inst/FCLK_CLK_unbuffered[0]
    BUFGCTRL_X0Y16       BUFG (Prop_bufg_I_O)         0.091    21.757 r  design_1_i/processing_system7_0/inst/buffer_fclk_clk_0.FCLK_CLK_0_BUFG/O
                         net (fo=883, routed)         1.509    23.267    design_1_i/ps7_0_axi_periph/s00_couplers/auto_pc/inst/gen_axilite.gen_b2s_conv.axilite_b2s/WR.aw_channel_0/cmd_translator_0/incr_cmd_0/aclk
    SLICE_X7Y43          FDRE                                         r  design_1_i/ps7_0_axi_periph/s00_couplers/auto_pc/inst/gen_axilite.gen_b2s_conv.axilite_b2s/WR.aw_channel_0/cmd_translator_0/incr_cmd_0/axaddr_incr_reg[8]/C
                         clock pessimism              0.282    23.549    
                         clock uncertainty           -0.302    23.247    
    SLICE_X7Y43          FDRE (Setup_fdre_C_D)        0.075    23.322    design_1_i/ps7_0_axi_periph/s00_couplers/auto_pc/inst/gen_axilite.gen_b2s_conv.axilite_b2s/WR.aw_channel_0/cmd_translator_0/incr_cmd_0/axaddr_incr_reg[8]
  -------------------------------------------------------------------
                         required time                         23.322    
                         arrival time                         -10.177    
  -------------------------------------------------------------------
                         slack                                 13.144    

Slack (MET) :             13.153ns  (required time - arrival time)
  Source:                 design_1_i/ps7_0_axi_periph/s00_couplers/auto_pc/inst/gen_axilite.gen_b2s_conv.axilite_b2s/WR.b_channel_0/bid_fifo_0/cnt_read_reg[1]/C
                            (rising edge-triggered cell FDSE clocked by clk_fpga_0  {rise@0.000ns fall@10.000ns period=20.000ns})
  Destination:            design_1_i/ps7_0_axi_periph/s00_couplers/auto_pc/inst/gen_axilite.gen_b2s_conv.axilite_b2s/WR.aw_channel_0/cmd_translator_0/incr_cmd_0/axaddr_incr_reg[7]/D
                            (rising edge-triggered cell FDRE clocked by clk_fpga_0  {rise@0.000ns fall@10.000ns period=20.000ns})
  Path Group:             clk_fpga_0
  Path Type:              Setup (Max at Slow Process Corner)
  Requirement:            20.000ns  (clk_fpga_0 rise@20.000ns - clk_fpga_0 rise@0.000ns)
  Data Path Delay:        6.414ns  (logic 2.127ns (33.160%)  route 4.287ns (66.840%))
  Logic Levels:           6  (CARRY4=2 LUT3=2 LUT4=1 LUT6=1)
  Clock Path Skew:        -0.206ns (DCD - SCD + CPR)
    Destination Clock Delay (DCD):    3.267ns = ( 23.267 - 20.000 ) 
    Source Clock Delay      (SCD):    3.754ns
    Clock Pessimism Removal (CPR):    0.282ns
  Clock Uncertainty:      0.302ns  ((TSJ^2 + TIJ^2)^1/2 + DJ) / 2 + PE
    Total System Jitter     (TSJ):    0.071ns
    Total Input Jitter      (TIJ):    0.600ns
    Discrete Jitter          (DJ):    0.000ns
    Phase Error              (PE):    0.000ns

    Location             Delay type                Incr(ns)  Path(ns)    Netlist Resource(s)
  -------------------------------------------------------------------    -------------------
                         (clock clk_fpga_0 rise edge)
                                                      0.000     0.000 r  
    PS7_X0Y0             PS7                          0.000     0.000 r  design_1_i/processing_system7_0/inst/PS7_i/FCLKCLK[0]
                         net (fo=1, routed)           1.938     1.938    design_1_i/processing_system7_0/inst/FCLK_CLK_unbuffered[0]
    BUFGCTRL_X0Y16       BUFG (Prop_bufg_I_O)         0.101     2.039 r  design_1_i/processing_system7_0/inst/buffer_fclk_clk_0.FCLK_CLK_0_BUFG/O
                         net (fo=883, routed)         1.715     3.754    design_1_i/ps7_0_axi_periph/s00_couplers/auto_pc/inst/gen_axilite.gen_b2s_conv.axilite_b2s/WR.b_channel_0/bid_fifo_0/aclk
    SLICE_X5Y50          FDSE                                         r  design_1_i/ps7_0_axi_periph/s00_couplers/auto_pc/inst/gen_axilite.gen_b2s_conv.axilite_b2s/WR.b_channel_0/bid_fifo_0/cnt_read_reg[1]/C
  -------------------------------------------------------------------    -------------------
    SLICE_X5Y50          FDSE (Prop_fdse_C_Q)         0.419     4.173 f  design_1_i/ps7_0_axi_periph/s00_couplers/auto_pc/inst/gen_axilite.gen_b2s_conv.axilite_b2s/WR.b_channel_0/bid_fifo_0/cnt_read_reg[1]/Q
                         net (fo=22, routed)          1.785     5.958    design_1_i/ps7_0_axi_periph/s00_couplers/auto_pc/inst/gen_axilite.gen_b2s_conv.axilite_b2s/WR.aw_channel_0/aw_cmd_fsm_0/cnt_read[1]
    SLICE_X11Y47         LUT6 (Prop_lut6_I4_O)        0.299     6.257 r  design_1_i/ps7_0_axi_periph/s00_couplers/auto_pc/inst/gen_axilite.gen_b2s_conv.axilite_b2s/WR.aw_channel_0/aw_cmd_fsm_0/memory_reg[3][0]_srl4_i_1/O
                         net (fo=30, routed)          0.626     6.883    design_1_i/ps7_0_axi_periph/s00_couplers/auto_pc/inst/gen_axilite.gen_b2s_conv.axilite_b2s/WR.aw_channel_0/aw_cmd_fsm_0/m_axi_awready_0
    SLICE_X11Y46         LUT3 (Prop_lut3_I2_O)        0.124     7.007 r  design_1_i/ps7_0_axi_periph/s00_couplers/auto_pc/inst/gen_axilite.gen_b2s_conv.axilite_b2s/WR.aw_channel_0/aw_cmd_fsm_0/next_pending_r_i_3/O
                         net (fo=23, routed)          1.067     8.073    design_1_i/ps7_0_axi_periph/s00_couplers/auto_pc/inst/gen_axilite.gen_b2s_conv.axilite_b2s/WR.aw_channel_0/cmd_translator_0/incr_cmd_0/next
    SLICE_X8Y42          LUT4 (Prop_lut4_I3_O)        0.124     8.197 r  design_1_i/ps7_0_axi_periph/s00_couplers/auto_pc/inst/gen_axilite.gen_b2s_conv.axilite_b2s/WR.aw_channel_0/cmd_translator_0/incr_cmd_0/axaddr_incr[3]_i_10/O
                         net (fo=1, routed)           0.000     8.197    design_1_i/ps7_0_axi_periph/s00_couplers/auto_pc/inst/gen_axilite.gen_b2s_conv.axilite_b2s/SI_REG/aw.aw_pipe/axaddr_incr_reg[3][0]
    SLICE_X8Y42          CARRY4 (Prop_carry4_S[0]_CO[3])
                                                      0.513     8.710 r  design_1_i/ps7_0_axi_periph/s00_couplers/auto_pc/inst/gen_axilite.gen_b2s_conv.axilite_b2s/SI_REG/aw.aw_pipe/axaddr_incr_reg[3]_i_2/CO[3]
                         net (fo=1, routed)           0.000     8.710    design_1_i/ps7_0_axi_periph/s00_couplers/auto_pc/inst/gen_axilite.gen_b2s_conv.axilite_b2s/SI_REG/aw.aw_pipe/axaddr_incr_reg[3]_i_2_n_0
    SLICE_X8Y43          CARRY4 (Prop_carry4_CI_O[3])
                                                      0.315     9.025 r  design_1_i/ps7_0_axi_periph/s00_couplers/auto_pc/inst/gen_axilite.gen_b2s_conv.axilite_b2s/SI_REG/aw.aw_pipe/axaddr_incr_reg[7]_i_2/O[3]
                         net (fo=1, routed)           0.810     9.836    design_1_i/ps7_0_axi_periph/s00_couplers/auto_pc/inst/gen_axilite.gen_b2s_conv.axilite_b2s/WR.aw_channel_0/cmd_translator_0/incr_cmd_0/axaddr_incr[7]
    SLICE_X7Y43          LUT3 (Prop_lut3_I0_O)        0.333    10.169 r  design_1_i/ps7_0_axi_periph/s00_couplers/auto_pc/inst/gen_axilite.gen_b2s_conv.axilite_b2s/WR.aw_channel_0/cmd_translator_0/incr_cmd_0/axaddr_incr[7]_i_1/O
                         net (fo=1, routed)           0.000    10.169    design_1_i/ps7_0_axi_periph/s00_couplers/auto_pc/inst/gen_axilite.gen_b2s_conv.axilite_b2s/WR.aw_channel_0/cmd_translator_0/incr_cmd_0/p_1_in[7]
    SLICE_X7Y43          FDRE                                         r  design_1_i/ps7_0_axi_periph/s00_couplers/auto_pc/inst/gen_axilite.gen_b2s_conv.axilite_b2s/WR.aw_channel_0/cmd_translator_0/incr_cmd_0/axaddr_incr_reg[7]/D
  -------------------------------------------------------------------    -------------------

                         (clock clk_fpga_0 rise edge)
                                                     20.000    20.000 r  
    PS7_X0Y0             PS7                          0.000    20.000 r  design_1_i/processing_system7_0/inst/PS7_i/FCLKCLK[0]
                         net (fo=1, routed)           1.666    21.666    design_1_i/processing_system7_0/inst/FCLK_CLK_unbuffered[0]
    BUFGCTRL_X0Y16       BUFG (Prop_bufg_I_O)         0.091    21.757 r  design_1_i/processing_system7_0/inst/buffer_fclk_clk_0.FCLK_CLK_0_BUFG/O
                         net (fo=883, routed)         1.509    23.267    design_1_i/ps7_0_axi_periph/s00_couplers/auto_pc/inst/gen_axilite.gen_b2s_conv.axilite_b2s/WR.aw_channel_0/cmd_translator_0/incr_cmd_0/aclk
    SLICE_X7Y43          FDRE                                         r  design_1_i/ps7_0_axi_periph/s00_couplers/auto_pc/inst/gen_axilite.gen_b2s_conv.axilite_b2s/WR.aw_channel_0/cmd_translator_0/incr_cmd_0/axaddr_incr_reg[7]/C
                         clock pessimism              0.282    23.549    
                         clock uncertainty           -0.302    23.247    
    SLICE_X7Y43          FDRE (Setup_fdre_C_D)        0.075    23.322    design_1_i/ps7_0_axi_periph/s00_couplers/auto_pc/inst/gen_axilite.gen_b2s_conv.axilite_b2s/WR.aw_channel_0/cmd_translator_0/incr_cmd_0/axaddr_incr_reg[7]
  -------------------------------------------------------------------
                         required time                         23.322    
                         arrival time                         -10.169    
  -------------------------------------------------------------------
                         slack                                 13.153    

Slack (MET) :             13.222ns  (required time - arrival time)
  Source:                 design_1_i/ps7_0_axi_periph/s00_couplers/auto_pc/inst/gen_axilite.gen_b2s_conv.axilite_b2s/WR.b_channel_0/bid_fifo_0/cnt_read_reg[1]/C
                            (rising edge-triggered cell FDSE clocked by clk_fpga_0  {rise@0.000ns fall@10.000ns period=20.000ns})
  Destination:            design_1_i/ps7_0_axi_periph/s00_couplers/auto_pc/inst/gen_axilite.gen_b2s_conv.axilite_b2s/WR.aw_channel_0/cmd_translator_0/incr_cmd_0/axaddr_incr_reg[6]/D
                            (rising edge-triggered cell FDRE clocked by clk_fpga_0  {rise@0.000ns fall@10.000ns period=20.000ns})
  Path Group:             clk_fpga_0
  Path Type:              Setup (Max at Slow Process Corner)
  Requirement:            20.000ns  (clk_fpga_0 rise@20.000ns - clk_fpga_0 rise@0.000ns)
  Data Path Delay:        6.345ns  (logic 2.049ns (32.292%)  route 4.296ns (67.708%))
  Logic Levels:           6  (CARRY4=2 LUT3=2 LUT4=1 LUT6=1)
  Clock Path Skew:        -0.206ns (DCD - SCD + CPR)
    Destination Clock Delay (DCD):    3.267ns = ( 23.267 - 20.000 ) 
    Source Clock Delay      (SCD):    3.754ns
    Clock Pessimism Removal (CPR):    0.282ns
  Clock Uncertainty:      0.302ns  ((TSJ^2 + TIJ^2)^1/2 + DJ) / 2 + PE
    Total System Jitter     (TSJ):    0.071ns
    Total Input Jitter      (TIJ):    0.600ns
    Discrete Jitter          (DJ):    0.000ns
    Phase Error              (PE):    0.000ns

    Location             Delay type                Incr(ns)  Path(ns)    Netlist Resource(s)
  -------------------------------------------------------------------    -------------------
                         (clock clk_fpga_0 rise edge)
                                                      0.000     0.000 r  
    PS7_X0Y0             PS7                          0.000     0.000 r  design_1_i/processing_system7_0/inst/PS7_i/FCLKCLK[0]
                         net (fo=1, routed)           1.938     1.938    design_1_i/processing_system7_0/inst/FCLK_CLK_unbuffered[0]
    BUFGCTRL_X0Y16       BUFG (Prop_bufg_I_O)         0.101     2.039 r  design_1_i/processing_system7_0/inst/buffer_fclk_clk_0.FCLK_CLK_0_BUFG/O
                         net (fo=883, routed)         1.715     3.754    design_1_i/ps7_0_axi_periph/s00_couplers/auto_pc/inst/gen_axilite.gen_b2s_conv.axilite_b2s/WR.b_channel_0/bid_fifo_0/aclk
    SLICE_X5Y50          FDSE                                         r  design_1_i/ps7_0_axi_periph/s00_couplers/auto_pc/inst/gen_axilite.gen_b2s_conv.axilite_b2s/WR.b_channel_0/bid_fifo_0/cnt_read_reg[1]/C
  -------------------------------------------------------------------    -------------------
    SLICE_X5Y50          FDSE (Prop_fdse_C_Q)         0.419     4.173 f  design_1_i/ps7_0_axi_periph/s00_couplers/auto_pc/inst/gen_axilite.gen_b2s_conv.axilite_b2s/WR.b_channel_0/bid_fifo_0/cnt_read_reg[1]/Q
                         net (fo=22, routed)          1.785     5.958    design_1_i/ps7_0_axi_periph/s00_couplers/auto_pc/inst/gen_axilite.gen_b2s_conv.axilite_b2s/WR.aw_channel_0/aw_cmd_fsm_0/cnt_read[1]
    SLICE_X11Y47         LUT6 (Prop_lut6_I4_O)        0.299     6.257 r  design_1_i/ps7_0_axi_periph/s00_couplers/auto_pc/inst/gen_axilite.gen_b2s_conv.axilite_b2s/WR.aw_channel_0/aw_cmd_fsm_0/memory_reg[3][0]_srl4_i_1/O
                         net (fo=30, routed)          0.626     6.883    design_1_i/ps7_0_axi_periph/s00_couplers/auto_pc/inst/gen_axilite.gen_b2s_conv.axilite_b2s/WR.aw_channel_0/aw_cmd_fsm_0/m_axi_awready_0
    SLICE_X11Y46         LUT3 (Prop_lut3_I2_O)        0.124     7.007 r  design_1_i/ps7_0_axi_periph/s00_couplers/auto_pc/inst/gen_axilite.gen_b2s_conv.axilite_b2s/WR.aw_channel_0/aw_cmd_fsm_0/next_pending_r_i_3/O
                         net (fo=23, routed)          1.067     8.073    design_1_i/ps7_0_axi_periph/s00_couplers/auto_pc/inst/gen_axilite.gen_b2s_conv.axilite_b2s/WR.aw_channel_0/cmd_translator_0/incr_cmd_0/next
    SLICE_X8Y42          LUT4 (Prop_lut4_I3_O)        0.124     8.197 r  design_1_i/ps7_0_axi_periph/s00_couplers/auto_pc/inst/gen_axilite.gen_b2s_conv.axilite_b2s/WR.aw_channel_0/cmd_translator_0/incr_cmd_0/axaddr_incr[3]_i_10/O
                         net (fo=1, routed)           0.000     8.197    design_1_i/ps7_0_axi_periph/s00_couplers/auto_pc/inst/gen_axilite.gen_b2s_conv.axilite_b2s/SI_REG/aw.aw_pipe/axaddr_incr_reg[3][0]
    SLICE_X8Y42          CARRY4 (Prop_carry4_S[0]_CO[3])
                                                      0.513     8.710 r  design_1_i/ps7_0_axi_periph/s00_couplers/auto_pc/inst/gen_axilite.gen_b2s_conv.axilite_b2s/SI_REG/aw.aw_pipe/axaddr_incr_reg[3]_i_2/CO[3]
                         net (fo=1, routed)           0.000     8.710    design_1_i/ps7_0_axi_periph/s00_couplers/auto_pc/inst/gen_axilite.gen_b2s_conv.axilite_b2s/SI_REG/aw.aw_pipe/axaddr_incr_reg[3]_i_2_n_0
    SLICE_X8Y43          CARRY4 (Prop_carry4_CI_O[2])
                                                      0.239     8.949 r  design_1_i/ps7_0_axi_periph/s00_couplers/auto_pc/inst/gen_axilite.gen_b2s_conv.axilite_b2s/SI_REG/aw.aw_pipe/axaddr_incr_reg[7]_i_2/O[2]
                         net (fo=1, routed)           0.819     9.769    design_1_i/ps7_0_axi_periph/s00_couplers/auto_pc/inst/gen_axilite.gen_b2s_conv.axilite_b2s/WR.aw_channel_0/cmd_translator_0/incr_cmd_0/axaddr_incr[6]
    SLICE_X7Y43          LUT3 (Prop_lut3_I0_O)        0.331    10.100 r  design_1_i/ps7_0_axi_periph/s00_couplers/auto_pc/inst/gen_axilite.gen_b2s_conv.axilite_b2s/WR.aw_channel_0/cmd_translator_0/incr_cmd_0/axaddr_incr[6]_i_1/O
                         net (fo=1, routed)           0.000    10.100    design_1_i/ps7_0_axi_periph/s00_couplers/auto_pc/inst/gen_axilite.gen_b2s_conv.axilite_b2s/WR.aw_channel_0/cmd_translator_0/incr_cmd_0/p_1_in[6]
    SLICE_X7Y43          FDRE                                         r  design_1_i/ps7_0_axi_periph/s00_couplers/auto_pc/inst/gen_axilite.gen_b2s_conv.axilite_b2s/WR.aw_channel_0/cmd_translator_0/incr_cmd_0/axaddr_incr_reg[6]/D
  -------------------------------------------------------------------    -------------------

                         (clock clk_fpga_0 rise edge)
                                                     20.000    20.000 r  
    PS7_X0Y0             PS7                          0.000    20.000 r  design_1_i/processing_system7_0/inst/PS7_i/FCLKCLK[0]
                         net (fo=1, routed)           1.666    21.666    design_1_i/processing_system7_0/inst/FCLK_CLK_unbuffered[0]
    BUFGCTRL_X0Y16       BUFG (Prop_bufg_I_O)         0.091    21.757 r  design_1_i/processing_system7_0/inst/buffer_fclk_clk_0.FCLK_CLK_0_BUFG/O
                         net (fo=883, routed)         1.509    23.267    design_1_i/ps7_0_axi_periph/s00_couplers/auto_pc/inst/gen_axilite.gen_b2s_conv.axilite_b2s/WR.aw_channel_0/cmd_translator_0/incr_cmd_0/aclk
    SLICE_X7Y43          FDRE                                         r  design_1_i/ps7_0_axi_periph/s00_couplers/auto_pc/inst/gen_axilite.gen_b2s_conv.axilite_b2s/WR.aw_channel_0/cmd_translator_0/incr_cmd_0/axaddr_incr_reg[6]/C
                         clock pessimism              0.282    23.549    
                         clock uncertainty           -0.302    23.247    
    SLICE_X7Y43          FDRE (Setup_fdre_C_D)        0.075    23.322    design_1_i/ps7_0_axi_periph/s00_couplers/auto_pc/inst/gen_axilite.gen_b2s_conv.axilite_b2s/WR.aw_channel_0/cmd_translator_0/incr_cmd_0/axaddr_incr_reg[6]
  -------------------------------------------------------------------
                         required time                         23.322    
                         arrival time                         -10.100    
  -------------------------------------------------------------------
                         slack                                 13.222    

Slack (MET) :             13.235ns  (required time - arrival time)
  Source:                 design_1_i/ps7_0_axi_periph/s00_couplers/auto_pc/inst/gen_axilite.gen_b2s_conv.axilite_b2s/WR.b_channel_0/bid_fifo_0/cnt_read_reg[1]/C
                            (rising edge-triggered cell FDSE clocked by clk_fpga_0  {rise@0.000ns fall@10.000ns period=20.000ns})
  Destination:            design_1_i/ps7_0_axi_periph/s00_couplers/auto_pc/inst/gen_axilite.gen_b2s_conv.axilite_b2s/WR.aw_channel_0/cmd_translator_0/incr_cmd_0/axaddr_incr_reg[11]/D
                            (rising edge-triggered cell FDRE clocked by clk_fpga_0  {rise@0.000ns fall@10.000ns period=20.000ns})
  Path Group:             clk_fpga_0
  Path Type:              Setup (Max at Slow Process Corner)
  Requirement:            20.000ns  (clk_fpga_0 rise@20.000ns - clk_fpga_0 rise@0.000ns)
  Data Path Delay:        6.288ns  (logic 2.218ns (35.273%)  route 4.070ns (64.727%))
  Logic Levels:           7  (CARRY4=3 LUT3=2 LUT4=1 LUT6=1)
  Clock Path Skew:        -0.206ns (DCD - SCD + CPR)
    Destination Clock Delay (DCD):    3.267ns = ( 23.267 - 20.000 ) 
    Source Clock Delay      (SCD):    3.754ns
    Clock Pessimism Removal (CPR):    0.282ns
  Clock Uncertainty:      0.302ns  ((TSJ^2 + TIJ^2)^1/2 + DJ) / 2 + PE
    Total System Jitter     (TSJ):    0.071ns
    Total Input Jitter      (TIJ):    0.600ns
    Discrete Jitter          (DJ):    0.000ns
    Phase Error              (PE):    0.000ns

    Location             Delay type                Incr(ns)  Path(ns)    Netlist Resource(s)
  -------------------------------------------------------------------    -------------------
                         (clock clk_fpga_0 rise edge)
                                                      0.000     0.000 r  
    PS7_X0Y0             PS7                          0.000     0.000 r  design_1_i/processing_system7_0/inst/PS7_i/FCLKCLK[0]
                         net (fo=1, routed)           1.938     1.938    design_1_i/processing_system7_0/inst/FCLK_CLK_unbuffered[0]
    BUFGCTRL_X0Y16       BUFG (Prop_bufg_I_O)         0.101     2.039 r  design_1_i/processing_system7_0/inst/buffer_fclk_clk_0.FCLK_CLK_0_BUFG/O
                         net (fo=883, routed)         1.715     3.754    design_1_i/ps7_0_axi_periph/s00_couplers/auto_pc/inst/gen_axilite.gen_b2s_conv.axilite_b2s/WR.b_channel_0/bid_fifo_0/aclk
    SLICE_X5Y50          FDSE                                         r  design_1_i/ps7_0_axi_periph/s00_couplers/auto_pc/inst/gen_axilite.gen_b2s_conv.axilite_b2s/WR.b_channel_0/bid_fifo_0/cnt_read_reg[1]/C
  -------------------------------------------------------------------    -------------------
    SLICE_X5Y50          FDSE (Prop_fdse_C_Q)         0.419     4.173 f  design_1_i/ps7_0_axi_periph/s00_couplers/auto_pc/inst/gen_axilite.gen_b2s_conv.axilite_b2s/WR.b_channel_0/bid_fifo_0/cnt_read_reg[1]/Q
                         net (fo=22, routed)          1.785     5.958    design_1_i/ps7_0_axi_periph/s00_couplers/auto_pc/inst/gen_axilite.gen_b2s_conv.axilite_b2s/WR.aw_channel_0/aw_cmd_fsm_0/cnt_read[1]
    SLICE_X11Y47         LUT6 (Prop_lut6_I4_O)        0.299     6.257 r  design_1_i/ps7_0_axi_periph/s00_couplers/auto_pc/inst/gen_axilite.gen_b2s_conv.axilite_b2s/WR.aw_channel_0/aw_cmd_fsm_0/memory_reg[3][0]_srl4_i_1/O
                         net (fo=30, routed)          0.626     6.883    design_1_i/ps7_0_axi_periph/s00_couplers/auto_pc/inst/gen_axilite.gen_b2s_conv.axilite_b2s/WR.aw_channel_0/aw_cmd_fsm_0/m_axi_awready_0
    SLICE_X11Y46         LUT3 (Prop_lut3_I2_O)        0.124     7.007 r  design_1_i/ps7_0_axi_periph/s00_couplers/auto_pc/inst/gen_axilite.gen_b2s_conv.axilite_b2s/WR.aw_channel_0/aw_cmd_fsm_0/next_pending_r_i_3/O
                         net (fo=23, routed)          1.067     8.073    design_1_i/ps7_0_axi_periph/s00_couplers/auto_pc/inst/gen_axilite.gen_b2s_conv.axilite_b2s/WR.aw_channel_0/cmd_translator_0/incr_cmd_0/next
    SLICE_X8Y42          LUT4 (Prop_lut4_I3_O)        0.124     8.197 r  design_1_i/ps7_0_axi_periph/s00_couplers/auto_pc/inst/gen_axilite.gen_b2s_conv.axilite_b2s/WR.aw_channel_0/cmd_translator_0/incr_cmd_0/axaddr_incr[3]_i_10/O
                         net (fo=1, routed)           0.000     8.197    design_1_i/ps7_0_axi_periph/s00_couplers/auto_pc/inst/gen_axilite.gen_b2s_conv.axilite_b2s/SI_REG/aw.aw_pipe/axaddr_incr_reg[3][0]
    SLICE_X8Y42          CARRY4 (Prop_carry4_S[0]_CO[3])
                                                      0.513     8.710 r  design_1_i/ps7_0_axi_periph/s00_couplers/auto_pc/inst/gen_axilite.gen_b2s_conv.axilite_b2s/SI_REG/aw.aw_pipe/axaddr_incr_reg[3]_i_2/CO[3]
                         net (fo=1, routed)           0.000     8.710    design_1_i/ps7_0_axi_periph/s00_couplers/auto_pc/inst/gen_axilite.gen_b2s_conv.axilite_b2s/SI_REG/aw.aw_pipe/axaddr_incr_reg[3]_i_2_n_0
    SLICE_X8Y43          CARRY4 (Prop_carry4_CI_CO[3])
                                                      0.117     8.827 r  design_1_i/ps7_0_axi_periph/s00_couplers/auto_pc/inst/gen_axilite.gen_b2s_conv.axilite_b2s/SI_REG/aw.aw_pipe/axaddr_incr_reg[7]_i_2/CO[3]
                         net (fo=1, routed)           0.000     8.827    design_1_i/ps7_0_axi_periph/s00_couplers/auto_pc/inst/gen_axilite.gen_b2s_conv.axilite_b2s/SI_REG/aw.aw_pipe/axaddr_incr_reg[7]_i_2_n_0
    SLICE_X8Y44          CARRY4 (Prop_carry4_CI_O[3])
                                                      0.315     9.142 r  design_1_i/ps7_0_axi_periph/s00_couplers/auto_pc/inst/gen_axilite.gen_b2s_conv.axilite_b2s/SI_REG/aw.aw_pipe/axaddr_incr_reg[11]_i_3/O[3]
                         net (fo=1, routed)           0.593     9.735    design_1_i/ps7_0_axi_periph/s00_couplers/auto_pc/inst/gen_axilite.gen_b2s_conv.axilite_b2s/WR.aw_channel_0/cmd_translator_0/incr_cmd_0/axaddr_incr[11]
    SLICE_X7Y43          LUT3 (Prop_lut3_I0_O)        0.307    10.042 r  design_1_i/ps7_0_axi_periph/s00_couplers/auto_pc/inst/gen_axilite.gen_b2s_conv.axilite_b2s/WR.aw_channel_0/cmd_translator_0/incr_cmd_0/axaddr_incr[11]_i_2/O
                         net (fo=1, routed)           0.000    10.042    design_1_i/ps7_0_axi_periph/s00_couplers/auto_pc/inst/gen_axilite.gen_b2s_conv.axilite_b2s/WR.aw_channel_0/cmd_translator_0/incr_cmd_0/p_1_in[11]
    SLICE_X7Y43          FDRE                                         r  design_1_i/ps7_0_axi_periph/s00_couplers/auto_pc/inst/gen_axilite.gen_b2s_conv.axilite_b2s/WR.aw_channel_0/cmd_translator_0/incr_cmd_0/axaddr_incr_reg[11]/D
  -------------------------------------------------------------------    -------------------

                         (clock clk_fpga_0 rise edge)
                                                     20.000    20.000 r  
    PS7_X0Y0             PS7                          0.000    20.000 r  design_1_i/processing_system7_0/inst/PS7_i/FCLKCLK[0]
                         net (fo=1, routed)           1.666    21.666    design_1_i/processing_system7_0/inst/FCLK_CLK_unbuffered[0]
    BUFGCTRL_X0Y16       BUFG (Prop_bufg_I_O)         0.091    21.757 r  design_1_i/processing_system7_0/inst/buffer_fclk_clk_0.FCLK_CLK_0_BUFG/O
                         net (fo=883, routed)         1.509    23.267    design_1_i/ps7_0_axi_periph/s00_couplers/auto_pc/inst/gen_axilite.gen_b2s_conv.axilite_b2s/WR.aw_channel_0/cmd_translator_0/incr_cmd_0/aclk
    SLICE_X7Y43          FDRE                                         r  design_1_i/ps7_0_axi_periph/s00_couplers/auto_pc/inst/gen_axilite.gen_b2s_conv.axilite_b2s/WR.aw_channel_0/cmd_translator_0/incr_cmd_0/axaddr_incr_reg[11]/C
                         clock pessimism              0.282    23.549    
                         clock uncertainty           -0.302    23.247    
    SLICE_X7Y43          FDRE (Setup_fdre_C_D)        0.031    23.278    design_1_i/ps7_0_axi_periph/s00_couplers/auto_pc/inst/gen_axilite.gen_b2s_conv.axilite_b2s/WR.aw_channel_0/cmd_translator_0/incr_cmd_0/axaddr_incr_reg[11]
  -------------------------------------------------------------------
                         required time                         23.278    
                         arrival time                         -10.042    
  -------------------------------------------------------------------
                         slack                                 13.235    

Slack (MET) :             13.296ns  (required time - arrival time)
  Source:                 design_1_i/ps7_0_axi_periph/s00_couplers/auto_pc/inst/gen_axilite.gen_b2s_conv.axilite_b2s/WR.b_channel_0/bid_fifo_0/cnt_read_reg[1]/C
                            (rising edge-triggered cell FDSE clocked by clk_fpga_0  {rise@0.000ns fall@10.000ns period=20.000ns})
  Destination:            design_1_i/ps7_0_axi_periph/s00_couplers/auto_pc/inst/gen_axilite.gen_b2s_conv.axilite_b2s/WR.aw_channel_0/cmd_translator_0/incr_cmd_0/axaddr_incr_reg[9]/D
                            (rising edge-triggered cell FDRE clocked by clk_fpga_0  {rise@0.000ns fall@10.000ns period=20.000ns})
  Path Group:             clk_fpga_0
  Path Type:              Setup (Max at Slow Process Corner)
  Requirement:            20.000ns  (clk_fpga_0 rise@20.000ns - clk_fpga_0 rise@0.000ns)
  Data Path Delay:        6.271ns  (logic 2.220ns (35.399%)  route 4.051ns (64.601%))
  Logic Levels:           7  (CARRY4=3 LUT3=2 LUT4=1 LUT6=1)
  Clock Path Skew:        -0.206ns (DCD - SCD + CPR)
    Destination Clock Delay (DCD):    3.267ns = ( 23.267 - 20.000 ) 
    Source Clock Delay      (SCD):    3.754ns
    Clock Pessimism Removal (CPR):    0.282ns
  Clock Uncertainty:      0.302ns  ((TSJ^2 + TIJ^2)^1/2 + DJ) / 2 + PE
    Total System Jitter     (TSJ):    0.071ns
    Total Input Jitter      (TIJ):    0.600ns
    Discrete Jitter          (DJ):    0.000ns
    Phase Error              (PE):    0.000ns

    Location             Delay type                Incr(ns)  Path(ns)    Netlist Resource(s)
  -------------------------------------------------------------------    -------------------
                         (clock clk_fpga_0 rise edge)
                                                      0.000     0.000 r  
    PS7_X0Y0             PS7                          0.000     0.000 r  design_1_i/processing_system7_0/inst/PS7_i/FCLKCLK[0]
                         net (fo=1, routed)           1.938     1.938    design_1_i/processing_system7_0/inst/FCLK_CLK_unbuffered[0]
    BUFGCTRL_X0Y16       BUFG (Prop_bufg_I_O)         0.101     2.039 r  design_1_i/processing_system7_0/inst/buffer_fclk_clk_0.FCLK_CLK_0_BUFG/O
                         net (fo=883, routed)         1.715     3.754    design_1_i/ps7_0_axi_periph/s00_couplers/auto_pc/inst/gen_axilite.gen_b2s_conv.axilite_b2s/WR.b_channel_0/bid_fifo_0/aclk
    SLICE_X5Y50          FDSE                                         r  design_1_i/ps7_0_axi_periph/s00_couplers/auto_pc/inst/gen_axilite.gen_b2s_conv.axilite_b2s/WR.b_channel_0/bid_fifo_0/cnt_read_reg[1]/C
  -------------------------------------------------------------------    -------------------
    SLICE_X5Y50          FDSE (Prop_fdse_C_Q)         0.419     4.173 f  design_1_i/ps7_0_axi_periph/s00_couplers/auto_pc/inst/gen_axilite.gen_b2s_conv.axilite_b2s/WR.b_channel_0/bid_fifo_0/cnt_read_reg[1]/Q
                         net (fo=22, routed)          1.785     5.958    design_1_i/ps7_0_axi_periph/s00_couplers/auto_pc/inst/gen_axilite.gen_b2s_conv.axilite_b2s/WR.aw_channel_0/aw_cmd_fsm_0/cnt_read[1]
    SLICE_X11Y47         LUT6 (Prop_lut6_I4_O)        0.299     6.257 r  design_1_i/ps7_0_axi_periph/s00_couplers/auto_pc/inst/gen_axilite.gen_b2s_conv.axilite_b2s/WR.aw_channel_0/aw_cmd_fsm_0/memory_reg[3][0]_srl4_i_1/O
                         net (fo=30, routed)          0.626     6.883    design_1_i/ps7_0_axi_periph/s00_couplers/auto_pc/inst/gen_axilite.gen_b2s_conv.axilite_b2s/WR.aw_channel_0/aw_cmd_fsm_0/m_axi_awready_0
    SLICE_X11Y46         LUT3 (Prop_lut3_I2_O)        0.124     7.007 r  design_1_i/ps7_0_axi_periph/s00_couplers/auto_pc/inst/gen_axilite.gen_b2s_conv.axilite_b2s/WR.aw_channel_0/aw_cmd_fsm_0/next_pending_r_i_3/O
                         net (fo=23, routed)          1.067     8.073    design_1_i/ps7_0_axi_periph/s00_couplers/auto_pc/inst/gen_axilite.gen_b2s_conv.axilite_b2s/WR.aw_channel_0/cmd_translator_0/incr_cmd_0/next
    SLICE_X8Y42          LUT4 (Prop_lut4_I3_O)        0.124     8.197 r  design_1_i/ps7_0_axi_periph/s00_couplers/auto_pc/inst/gen_axilite.gen_b2s_conv.axilite_b2s/WR.aw_channel_0/cmd_translator_0/incr_cmd_0/axaddr_incr[3]_i_10/O
                         net (fo=1, routed)           0.000     8.197    design_1_i/ps7_0_axi_periph/s00_couplers/auto_pc/inst/gen_axilite.gen_b2s_conv.axilite_b2s/SI_REG/aw.aw_pipe/axaddr_incr_reg[3][0]
    SLICE_X8Y42          CARRY4 (Prop_carry4_S[0]_CO[3])
                                                      0.513     8.710 r  design_1_i/ps7_0_axi_periph/s00_couplers/auto_pc/inst/gen_axilite.gen_b2s_conv.axilite_b2s/SI_REG/aw.aw_pipe/axaddr_incr_reg[3]_i_2/CO[3]
                         net (fo=1, routed)           0.000     8.710    design_1_i/ps7_0_axi_periph/s00_couplers/auto_pc/inst/gen_axilite.gen_b2s_conv.axilite_b2s/SI_REG/aw.aw_pipe/axaddr_incr_reg[3]_i_2_n_0
    SLICE_X8Y43          CARRY4 (Prop_carry4_CI_CO[3])
                                                      0.117     8.827 r  design_1_i/ps7_0_axi_periph/s00_couplers/auto_pc/inst/gen_axilite.gen_b2s_conv.axilite_b2s/SI_REG/aw.aw_pipe/axaddr_incr_reg[7]_i_2/CO[3]
                         net (fo=1, routed)           0.000     8.827    design_1_i/ps7_0_axi_periph/s00_couplers/auto_pc/inst/gen_axilite.gen_b2s_conv.axilite_b2s/SI_REG/aw.aw_pipe/axaddr_incr_reg[7]_i_2_n_0
    SLICE_X8Y44          CARRY4 (Prop_carry4_CI_O[1])
                                                      0.323     9.150 r  design_1_i/ps7_0_axi_periph/s00_couplers/auto_pc/inst/gen_axilite.gen_b2s_conv.axilite_b2s/SI_REG/aw.aw_pipe/axaddr_incr_reg[11]_i_3/O[1]
                         net (fo=1, routed)           0.574     9.725    design_1_i/ps7_0_axi_periph/s00_couplers/auto_pc/inst/gen_axilite.gen_b2s_conv.axilite_b2s/WR.aw_channel_0/cmd_translator_0/incr_cmd_0/axaddr_incr[9]
    SLICE_X7Y43          LUT3 (Prop_lut3_I0_O)        0.301    10.026 r  design_1_i/ps7_0_axi_periph/s00_couplers/auto_pc/inst/gen_axilite.gen_b2s_conv.axilite_b2s/WR.aw_channel_0/cmd_translator_0/incr_cmd_0/axaddr_incr[9]_i_1/O
                         net (fo=1, routed)           0.000    10.026    design_1_i/ps7_0_axi_periph/s00_couplers/auto_pc/inst/gen_axilite.gen_b2s_conv.axilite_b2s/WR.aw_channel_0/cmd_translator_0/incr_cmd_0/p_1_in[9]
    SLICE_X7Y43          FDRE                                         r  design_1_i/ps7_0_axi_periph/s00_couplers/auto_pc/inst/gen_axilite.gen_b2s_conv.axilite_b2s/WR.aw_channel_0/cmd_translator_0/incr_cmd_0/axaddr_incr_reg[9]/D
  -------------------------------------------------------------------    -------------------

                         (clock clk_fpga_0 rise edge)
                                                     20.000    20.000 r  
    PS7_X0Y0             PS7                          0.000    20.000 r  design_1_i/processing_system7_0/inst/PS7_i/FCLKCLK[0]
                         net (fo=1, routed)           1.666    21.666    design_1_i/processing_system7_0/inst/FCLK_CLK_unbuffered[0]
    BUFGCTRL_X0Y16       BUFG (Prop_bufg_I_O)         0.091    21.757 r  design_1_i/processing_system7_0/inst/buffer_fclk_clk_0.FCLK_CLK_0_BUFG/O
                         net (fo=883, routed)         1.509    23.267    design_1_i/ps7_0_axi_periph/s00_couplers/auto_pc/inst/gen_axilite.gen_b2s_conv.axilite_b2s/WR.aw_channel_0/cmd_translator_0/incr_cmd_0/aclk
    SLICE_X7Y43          FDRE                                         r  design_1_i/ps7_0_axi_periph/s00_couplers/auto_pc/inst/gen_axilite.gen_b2s_conv.axilite_b2s/WR.aw_channel_0/cmd_translator_0/incr_cmd_0/axaddr_incr_reg[9]/C
                         clock pessimism              0.282    23.549    
                         clock uncertainty           -0.302    23.247    
    SLICE_X7Y43          FDRE (Setup_fdre_C_D)        0.075    23.322    design_1_i/ps7_0_axi_periph/s00_couplers/auto_pc/inst/gen_axilite.gen_b2s_conv.axilite_b2s/WR.aw_channel_0/cmd_translator_0/incr_cmd_0/axaddr_incr_reg[9]
  -------------------------------------------------------------------
                         required time                         23.322    
                         arrival time                         -10.026    
  -------------------------------------------------------------------
                         slack                                 13.296    

Slack (MET) :             13.353ns  (required time - arrival time)
  Source:                 design_1_i/ps7_0_axi_periph/s00_couplers/auto_pc/inst/gen_axilite.gen_b2s_conv.axilite_b2s/WR.b_channel_0/bid_fifo_0/cnt_read_reg[1]/C
                            (rising edge-triggered cell FDSE clocked by clk_fpga_0  {rise@0.000ns fall@10.000ns period=20.000ns})
  Destination:            design_1_i/ps7_0_axi_periph/s00_couplers/auto_pc/inst/gen_axilite.gen_b2s_conv.axilite_b2s/WR.aw_channel_0/cmd_translator_0/incr_cmd_0/axaddr_incr_reg[5]/D
                            (rising edge-triggered cell FDRE clocked by clk_fpga_0  {rise@0.000ns fall@10.000ns period=20.000ns})
  Path Group:             clk_fpga_0
  Path Type:              Setup (Max at Slow Process Corner)
  Requirement:            20.000ns  (clk_fpga_0 rise@20.000ns - clk_fpga_0 rise@0.000ns)
  Data Path Delay:        6.172ns  (logic 2.108ns (34.156%)  route 4.064ns (65.844%))
  Logic Levels:           6  (CARRY4=2 LUT3=2 LUT4=1 LUT6=1)
  Clock Path Skew:        -0.206ns (DCD - SCD + CPR)
    Destination Clock Delay (DCD):    3.267ns = ( 23.267 - 20.000 ) 
    Source Clock Delay      (SCD):    3.754ns
    Clock Pessimism Removal (CPR):    0.282ns
  Clock Uncertainty:      0.302ns  ((TSJ^2 + TIJ^2)^1/2 + DJ) / 2 + PE
    Total System Jitter     (TSJ):    0.071ns
    Total Input Jitter      (TIJ):    0.600ns
    Discrete Jitter          (DJ):    0.000ns
    Phase Error              (PE):    0.000ns

    Location             Delay type                Incr(ns)  Path(ns)    Netlist Resource(s)
  -------------------------------------------------------------------    -------------------
                         (clock clk_fpga_0 rise edge)
                                                      0.000     0.000 r  
    PS7_X0Y0             PS7                          0.000     0.000 r  design_1_i/processing_system7_0/inst/PS7_i/FCLKCLK[0]
                         net (fo=1, routed)           1.938     1.938    design_1_i/processing_system7_0/inst/FCLK_CLK_unbuffered[0]
    BUFGCTRL_X0Y16       BUFG (Prop_bufg_I_O)         0.101     2.039 r  design_1_i/processing_system7_0/inst/buffer_fclk_clk_0.FCLK_CLK_0_BUFG/O
                         net (fo=883, routed)         1.715     3.754    design_1_i/ps7_0_axi_periph/s00_couplers/auto_pc/inst/gen_axilite.gen_b2s_conv.axilite_b2s/WR.b_channel_0/bid_fifo_0/aclk
    SLICE_X5Y50          FDSE                                         r  design_1_i/ps7_0_axi_periph/s00_couplers/auto_pc/inst/gen_axilite.gen_b2s_conv.axilite_b2s/WR.b_channel_0/bid_fifo_0/cnt_read_reg[1]/C
  -------------------------------------------------------------------    -------------------
    SLICE_X5Y50          FDSE (Prop_fdse_C_Q)         0.419     4.173 f  design_1_i/ps7_0_axi_periph/s00_couplers/auto_pc/inst/gen_axilite.gen_b2s_conv.axilite_b2s/WR.b_channel_0/bid_fifo_0/cnt_read_reg[1]/Q
                         net (fo=22, routed)          1.785     5.958    design_1_i/ps7_0_axi_periph/s00_couplers/auto_pc/inst/gen_axilite.gen_b2s_conv.axilite_b2s/WR.aw_channel_0/aw_cmd_fsm_0/cnt_read[1]
    SLICE_X11Y47         LUT6 (Prop_lut6_I4_O)        0.299     6.257 r  design_1_i/ps7_0_axi_periph/s00_couplers/auto_pc/inst/gen_axilite.gen_b2s_conv.axilite_b2s/WR.aw_channel_0/aw_cmd_fsm_0/memory_reg[3][0]_srl4_i_1/O
                         net (fo=30, routed)          0.626     6.883    design_1_i/ps7_0_axi_periph/s00_couplers/auto_pc/inst/gen_axilite.gen_b2s_conv.axilite_b2s/WR.aw_channel_0/aw_cmd_fsm_0/m_axi_awready_0
    SLICE_X11Y46         LUT3 (Prop_lut3_I2_O)        0.124     7.007 r  design_1_i/ps7_0_axi_periph/s00_couplers/auto_pc/inst/gen_axilite.gen_b2s_conv.axilite_b2s/WR.aw_channel_0/aw_cmd_fsm_0/next_pending_r_i_3/O
                         net (fo=23, routed)          1.067     8.073    design_1_i/ps7_0_axi_periph/s00_couplers/auto_pc/inst/gen_axilite.gen_b2s_conv.axilite_b2s/WR.aw_channel_0/cmd_translator_0/incr_cmd_0/next
    SLICE_X8Y42          LUT4 (Prop_lut4_I3_O)        0.124     8.197 r  design_1_i/ps7_0_axi_periph/s00_couplers/auto_pc/inst/gen_axilite.gen_b2s_conv.axilite_b2s/WR.aw_channel_0/cmd_translator_0/incr_cmd_0/axaddr_incr[3]_i_10/O
                         net (fo=1, routed)           0.000     8.197    design_1_i/ps7_0_axi_periph/s00_couplers/auto_pc/inst/gen_axilite.gen_b2s_conv.axilite_b2s/SI_REG/aw.aw_pipe/axaddr_incr_reg[3][0]
    SLICE_X8Y42          CARRY4 (Prop_carry4_S[0]_CO[3])
                                                      0.513     8.710 r  design_1_i/ps7_0_axi_periph/s00_couplers/auto_pc/inst/gen_axilite.gen_b2s_conv.axilite_b2s/SI_REG/aw.aw_pipe/axaddr_incr_reg[3]_i_2/CO[3]
                         net (fo=1, routed)           0.000     8.710    design_1_i/ps7_0_axi_periph/s00_couplers/auto_pc/inst/gen_axilite.gen_b2s_conv.axilite_b2s/SI_REG/aw.aw_pipe/axaddr_incr_reg[3]_i_2_n_0
    SLICE_X8Y43          CARRY4 (Prop_carry4_CI_O[1])
                                                      0.323     9.033 r  design_1_i/ps7_0_axi_periph/s00_couplers/auto_pc/inst/gen_axilite.gen_b2s_conv.axilite_b2s/SI_REG/aw.aw_pipe/axaddr_incr_reg[7]_i_2/O[1]
                         net (fo=1, routed)           0.587     9.620    design_1_i/ps7_0_axi_periph/s00_couplers/auto_pc/inst/gen_axilite.gen_b2s_conv.axilite_b2s/WR.aw_channel_0/cmd_translator_0/incr_cmd_0/axaddr_incr[5]
    SLICE_X7Y43          LUT3 (Prop_lut3_I0_O)        0.306     9.926 r  design_1_i/ps7_0_axi_periph/s00_couplers/auto_pc/inst/gen_axilite.gen_b2s_conv.axilite_b2s/WR.aw_channel_0/cmd_translator_0/incr_cmd_0/axaddr_incr[5]_i_1/O
                         net (fo=1, routed)           0.000     9.926    design_1_i/ps7_0_axi_periph/s00_couplers/auto_pc/inst/gen_axilite.gen_b2s_conv.axilite_b2s/WR.aw_channel_0/cmd_translator_0/incr_cmd_0/p_1_in[5]
    SLICE_X7Y43          FDRE                                         r  design_1_i/ps7_0_axi_periph/s00_couplers/auto_pc/inst/gen_axilite.gen_b2s_conv.axilite_b2s/WR.aw_channel_0/cmd_translator_0/incr_cmd_0/axaddr_incr_reg[5]/D
  -------------------------------------------------------------------    -------------------

                         (clock clk_fpga_0 rise edge)
                                                     20.000    20.000 r  
    PS7_X0Y0             PS7                          0.000    20.000 r  design_1_i/processing_system7_0/inst/PS7_i/FCLKCLK[0]
                         net (fo=1, routed)           1.666    21.666    design_1_i/processing_system7_0/inst/FCLK_CLK_unbuffered[0]
    BUFGCTRL_X0Y16       BUFG (Prop_bufg_I_O)         0.091    21.757 r  design_1_i/processing_system7_0/inst/buffer_fclk_clk_0.FCLK_CLK_0_BUFG/O
                         net (fo=883, routed)         1.509    23.267    design_1_i/ps7_0_axi_periph/s00_couplers/auto_pc/inst/gen_axilite.gen_b2s_conv.axilite_b2s/WR.aw_channel_0/cmd_translator_0/incr_cmd_0/aclk
    SLICE_X7Y43          FDRE                                         r  design_1_i/ps7_0_axi_periph/s00_couplers/auto_pc/inst/gen_axilite.gen_b2s_conv.axilite_b2s/WR.aw_channel_0/cmd_translator_0/incr_cmd_0/axaddr_incr_reg[5]/C
                         clock pessimism              0.282    23.549    
                         clock uncertainty           -0.302    23.247    
    SLICE_X7Y43          FDRE (Setup_fdre_C_D)        0.032    23.279    design_1_i/ps7_0_axi_periph/s00_couplers/auto_pc/inst/gen_axilite.gen_b2s_conv.axilite_b2s/WR.aw_channel_0/cmd_translator_0/incr_cmd_0/axaddr_incr_reg[5]
  -------------------------------------------------------------------
                         required time                         23.279    
                         arrival time                          -9.926    
  -------------------------------------------------------------------
                         slack                                 13.353    

Slack (MET) :             13.435ns  (required time - arrival time)
  Source:                 design_1_i/ps7_0_axi_periph/s00_couplers/auto_pc/inst/gen_axilite.gen_b2s_conv.axilite_b2s/WR.b_channel_0/bid_fifo_0/cnt_read_reg[1]/C
                            (rising edge-triggered cell FDSE clocked by clk_fpga_0  {rise@0.000ns fall@10.000ns period=20.000ns})
  Destination:            design_1_i/ps7_0_axi_periph/s00_couplers/auto_pc/inst/gen_axilite.gen_b2s_conv.axilite_b2s/WR.aw_channel_0/cmd_translator_0/incr_cmd_0/axaddr_incr_reg[1]/D
                            (rising edge-triggered cell FDRE clocked by clk_fpga_0  {rise@0.000ns fall@10.000ns period=20.000ns})
  Path Group:             clk_fpga_0
  Path Type:              Setup (Max at Slow Process Corner)
  Requirement:            20.000ns  (clk_fpga_0 rise@20.000ns - clk_fpga_0 rise@0.000ns)
  Data Path Delay:        6.175ns  (logic 1.725ns (27.934%)  route 4.450ns (72.066%))
  Logic Levels:           5  (CARRY4=1 LUT3=2 LUT4=1 LUT6=1)
  Clock Path Skew:        -0.206ns (DCD - SCD + CPR)
    Destination Clock Delay (DCD):    3.267ns = ( 23.267 - 20.000 ) 
    Source Clock Delay      (SCD):    3.754ns
    Clock Pessimism Removal (CPR):    0.282ns
  Clock Uncertainty:      0.302ns  ((TSJ^2 + TIJ^2)^1/2 + DJ) / 2 + PE
    Total System Jitter     (TSJ):    0.071ns
    Total Input Jitter      (TIJ):    0.600ns
    Discrete Jitter          (DJ):    0.000ns
    Phase Error              (PE):    0.000ns

    Location             Delay type                Incr(ns)  Path(ns)    Netlist Resource(s)
  -------------------------------------------------------------------    -------------------
                         (clock clk_fpga_0 rise edge)
                                                      0.000     0.000 r  
    PS7_X0Y0             PS7                          0.000     0.000 r  design_1_i/processing_system7_0/inst/PS7_i/FCLKCLK[0]
                         net (fo=1, routed)           1.938     1.938    design_1_i/processing_system7_0/inst/FCLK_CLK_unbuffered[0]
    BUFGCTRL_X0Y16       BUFG (Prop_bufg_I_O)         0.101     2.039 r  design_1_i/processing_system7_0/inst/buffer_fclk_clk_0.FCLK_CLK_0_BUFG/O
                         net (fo=883, routed)         1.715     3.754    design_1_i/ps7_0_axi_periph/s00_couplers/auto_pc/inst/gen_axilite.gen_b2s_conv.axilite_b2s/WR.b_channel_0/bid_fifo_0/aclk
    SLICE_X5Y50          FDSE                                         r  design_1_i/ps7_0_axi_periph/s00_couplers/auto_pc/inst/gen_axilite.gen_b2s_conv.axilite_b2s/WR.b_channel_0/bid_fifo_0/cnt_read_reg[1]/C
  -------------------------------------------------------------------    -------------------
    SLICE_X5Y50          FDSE (Prop_fdse_C_Q)         0.419     4.173 f  design_1_i/ps7_0_axi_periph/s00_couplers/auto_pc/inst/gen_axilite.gen_b2s_conv.axilite_b2s/WR.b_channel_0/bid_fifo_0/cnt_read_reg[1]/Q
                         net (fo=22, routed)          1.785     5.958    design_1_i/ps7_0_axi_periph/s00_couplers/auto_pc/inst/gen_axilite.gen_b2s_conv.axilite_b2s/WR.aw_channel_0/aw_cmd_fsm_0/cnt_read[1]
    SLICE_X11Y47         LUT6 (Prop_lut6_I4_O)        0.299     6.257 r  design_1_i/ps7_0_axi_periph/s00_couplers/auto_pc/inst/gen_axilite.gen_b2s_conv.axilite_b2s/WR.aw_channel_0/aw_cmd_fsm_0/memory_reg[3][0]_srl4_i_1/O
                         net (fo=30, routed)          0.626     6.883    design_1_i/ps7_0_axi_periph/s00_couplers/auto_pc/inst/gen_axilite.gen_b2s_conv.axilite_b2s/WR.aw_channel_0/aw_cmd_fsm_0/m_axi_awready_0
    SLICE_X11Y46         LUT3 (Prop_lut3_I2_O)        0.124     7.007 r  design_1_i/ps7_0_axi_periph/s00_couplers/auto_pc/inst/gen_axilite.gen_b2s_conv.axilite_b2s/WR.aw_channel_0/aw_cmd_fsm_0/next_pending_r_i_3/O
                         net (fo=23, routed)          1.067     8.073    design_1_i/ps7_0_axi_periph/s00_couplers/auto_pc/inst/gen_axilite.gen_b2s_conv.axilite_b2s/WR.aw_channel_0/cmd_translator_0/incr_cmd_0/next
    SLICE_X8Y42          LUT4 (Prop_lut4_I3_O)        0.124     8.197 r  design_1_i/ps7_0_axi_periph/s00_couplers/auto_pc/inst/gen_axilite.gen_b2s_conv.axilite_b2s/WR.aw_channel_0/cmd_translator_0/incr_cmd_0/axaddr_incr[3]_i_10/O
                         net (fo=1, routed)           0.000     8.197    design_1_i/ps7_0_axi_periph/s00_couplers/auto_pc/inst/gen_axilite.gen_b2s_conv.axilite_b2s/SI_REG/aw.aw_pipe/axaddr_incr_reg[3][0]
    SLICE_X8Y42          CARRY4 (Prop_carry4_S[0]_O[1])
                                                      0.427     8.624 r  design_1_i/ps7_0_axi_periph/s00_couplers/auto_pc/inst/gen_axilite.gen_b2s_conv.axilite_b2s/SI_REG/aw.aw_pipe/axaddr_incr_reg[3]_i_2/O[1]
                         net (fo=1, routed)           0.973     9.598    design_1_i/ps7_0_axi_periph/s00_couplers/auto_pc/inst/gen_axilite.gen_b2s_conv.axilite_b2s/WR.aw_channel_0/cmd_translator_0/incr_cmd_0/axaddr_incr[1]
    SLICE_X10Y42         LUT3 (Prop_lut3_I0_O)        0.332     9.930 r  design_1_i/ps7_0_axi_periph/s00_couplers/auto_pc/inst/gen_axilite.gen_b2s_conv.axilite_b2s/WR.aw_channel_0/cmd_translator_0/incr_cmd_0/axaddr_incr[1]_i_1/O
                         net (fo=1, routed)           0.000     9.930    design_1_i/ps7_0_axi_periph/s00_couplers/auto_pc/inst/gen_axilite.gen_b2s_conv.axilite_b2s/WR.aw_channel_0/cmd_translator_0/incr_cmd_0/p_1_in[1]
    SLICE_X10Y42         FDRE                                         r  design_1_i/ps7_0_axi_periph/s00_couplers/auto_pc/inst/gen_axilite.gen_b2s_conv.axilite_b2s/WR.aw_channel_0/cmd_translator_0/incr_cmd_0/axaddr_incr_reg[1]/D
  -------------------------------------------------------------------    -------------------

                         (clock clk_fpga_0 rise edge)
                                                     20.000    20.000 r  
    PS7_X0Y0             PS7                          0.000    20.000 r  design_1_i/processing_system7_0/inst/PS7_i/FCLKCLK[0]
                         net (fo=1, routed)           1.666    21.666    design_1_i/processing_system7_0/inst/FCLK_CLK_unbuffered[0]
    BUFGCTRL_X0Y16       BUFG (Prop_bufg_I_O)         0.091    21.757 r  design_1_i/processing_system7_0/inst/buffer_fclk_clk_0.FCLK_CLK_0_BUFG/O
                         net (fo=883, routed)         1.509    23.267    design_1_i/ps7_0_axi_periph/s00_couplers/auto_pc/inst/gen_axilite.gen_b2s_conv.axilite_b2s/WR.aw_channel_0/cmd_translator_0/incr_cmd_0/aclk
    SLICE_X10Y42         FDRE                                         r  design_1_i/ps7_0_axi_periph/s00_couplers/auto_pc/inst/gen_axilite.gen_b2s_conv.axilite_b2s/WR.aw_channel_0/cmd_translator_0/incr_cmd_0/axaddr_incr_reg[1]/C
                         clock pessimism              0.282    23.549    
                         clock uncertainty           -0.302    23.247    
    SLICE_X10Y42         FDRE (Setup_fdre_C_D)        0.118    23.365    design_1_i/ps7_0_axi_periph/s00_couplers/auto_pc/inst/gen_axilite.gen_b2s_conv.axilite_b2s/WR.aw_channel_0/cmd_translator_0/incr_cmd_0/axaddr_incr_reg[1]
  -------------------------------------------------------------------
                         required time                         23.365    
                         arrival time                          -9.930    
  -------------------------------------------------------------------
                         slack                                 13.435    

Slack (MET) :             13.480ns  (required time - arrival time)
  Source:                 design_1_i/ps7_0_axi_periph/s00_couplers/auto_pc/inst/gen_axilite.gen_b2s_conv.axilite_b2s/WR.b_channel_0/bid_fifo_0/cnt_read_reg[1]/C
                            (rising edge-triggered cell FDSE clocked by clk_fpga_0  {rise@0.000ns fall@10.000ns period=20.000ns})
  Destination:            design_1_i/ps7_0_axi_periph/s00_couplers/auto_pc/inst/gen_axilite.gen_b2s_conv.axilite_b2s/WR.aw_channel_0/cmd_translator_0/incr_cmd_0/axaddr_incr_reg[10]/D
                            (rising edge-triggered cell FDRE clocked by clk_fpga_0  {rise@0.000ns fall@10.000ns period=20.000ns})
  Path Group:             clk_fpga_0
  Path Type:              Setup (Max at Slow Process Corner)
  Requirement:            20.000ns  (clk_fpga_0 rise@20.000ns - clk_fpga_0 rise@0.000ns)
  Data Path Delay:        6.041ns  (logic 2.136ns (35.359%)  route 3.905ns (64.641%))
  Logic Levels:           7  (CARRY4=3 LUT3=2 LUT4=1 LUT6=1)
  Clock Path Skew:        -0.206ns (DCD - SCD + CPR)
    Destination Clock Delay (DCD):    3.267ns = ( 23.267 - 20.000 ) 
    Source Clock Delay      (SCD):    3.754ns
    Clock Pessimism Removal (CPR):    0.282ns
  Clock Uncertainty:      0.302ns  ((TSJ^2 + TIJ^2)^1/2 + DJ) / 2 + PE
    Total System Jitter     (TSJ):    0.071ns
    Total Input Jitter      (TIJ):    0.600ns
    Discrete Jitter          (DJ):    0.000ns
    Phase Error              (PE):    0.000ns

    Location             Delay type                Incr(ns)  Path(ns)    Netlist Resource(s)
  -------------------------------------------------------------------    -------------------
                         (clock clk_fpga_0 rise edge)
                                                      0.000     0.000 r  
    PS7_X0Y0             PS7                          0.000     0.000 r  design_1_i/processing_system7_0/inst/PS7_i/FCLKCLK[0]
                         net (fo=1, routed)           1.938     1.938    design_1_i/processing_system7_0/inst/FCLK_CLK_unbuffered[0]
    BUFGCTRL_X0Y16       BUFG (Prop_bufg_I_O)         0.101     2.039 r  design_1_i/processing_system7_0/inst/buffer_fclk_clk_0.FCLK_CLK_0_BUFG/O
                         net (fo=883, routed)         1.715     3.754    design_1_i/ps7_0_axi_periph/s00_couplers/auto_pc/inst/gen_axilite.gen_b2s_conv.axilite_b2s/WR.b_channel_0/bid_fifo_0/aclk
    SLICE_X5Y50          FDSE                                         r  design_1_i/ps7_0_axi_periph/s00_couplers/auto_pc/inst/gen_axilite.gen_b2s_conv.axilite_b2s/WR.b_channel_0/bid_fifo_0/cnt_read_reg[1]/C
  -------------------------------------------------------------------    -------------------
    SLICE_X5Y50          FDSE (Prop_fdse_C_Q)         0.419     4.173 f  design_1_i/ps7_0_axi_periph/s00_couplers/auto_pc/inst/gen_axilite.gen_b2s_conv.axilite_b2s/WR.b_channel_0/bid_fifo_0/cnt_read_reg[1]/Q
                         net (fo=22, routed)          1.785     5.958    design_1_i/ps7_0_axi_periph/s00_couplers/auto_pc/inst/gen_axilite.gen_b2s_conv.axilite_b2s/WR.aw_channel_0/aw_cmd_fsm_0/cnt_read[1]
    SLICE_X11Y47         LUT6 (Prop_lut6_I4_O)        0.299     6.257 r  design_1_i/ps7_0_axi_periph/s00_couplers/auto_pc/inst/gen_axilite.gen_b2s_conv.axilite_b2s/WR.aw_channel_0/aw_cmd_fsm_0/memory_reg[3][0]_srl4_i_1/O
                         net (fo=30, routed)          0.626     6.883    design_1_i/ps7_0_axi_periph/s00_couplers/auto_pc/inst/gen_axilite.gen_b2s_conv.axilite_b2s/WR.aw_channel_0/aw_cmd_fsm_0/m_axi_awready_0
    SLICE_X11Y46         LUT3 (Prop_lut3_I2_O)        0.124     7.007 r  design_1_i/ps7_0_axi_periph/s00_couplers/auto_pc/inst/gen_axilite.gen_b2s_conv.axilite_b2s/WR.aw_channel_0/aw_cmd_fsm_0/next_pending_r_i_3/O
                         net (fo=23, routed)          1.067     8.073    design_1_i/ps7_0_axi_periph/s00_couplers/auto_pc/inst/gen_axilite.gen_b2s_conv.axilite_b2s/WR.aw_channel_0/cmd_translator_0/incr_cmd_0/next
    SLICE_X8Y42          LUT4 (Prop_lut4_I3_O)        0.124     8.197 r  design_1_i/ps7_0_axi_periph/s00_couplers/auto_pc/inst/gen_axilite.gen_b2s_conv.axilite_b2s/WR.aw_channel_0/cmd_translator_0/incr_cmd_0/axaddr_incr[3]_i_10/O
                         net (fo=1, routed)           0.000     8.197    design_1_i/ps7_0_axi_periph/s00_couplers/auto_pc/inst/gen_axilite.gen_b2s_conv.axilite_b2s/SI_REG/aw.aw_pipe/axaddr_incr_reg[3][0]
    SLICE_X8Y42          CARRY4 (Prop_carry4_S[0]_CO[3])
                                                      0.513     8.710 r  design_1_i/ps7_0_axi_periph/s00_couplers/auto_pc/inst/gen_axilite.gen_b2s_conv.axilite_b2s/SI_REG/aw.aw_pipe/axaddr_incr_reg[3]_i_2/CO[3]
                         net (fo=1, routed)           0.000     8.710    design_1_i/ps7_0_axi_periph/s00_couplers/auto_pc/inst/gen_axilite.gen_b2s_conv.axilite_b2s/SI_REG/aw.aw_pipe/axaddr_incr_reg[3]_i_2_n_0
    SLICE_X8Y43          CARRY4 (Prop_carry4_CI_CO[3])
                                                      0.117     8.827 r  design_1_i/ps7_0_axi_periph/s00_couplers/auto_pc/inst/gen_axilite.gen_b2s_conv.axilite_b2s/SI_REG/aw.aw_pipe/axaddr_incr_reg[7]_i_2/CO[3]
                         net (fo=1, routed)           0.000     8.827    design_1_i/ps7_0_axi_periph/s00_couplers/auto_pc/inst/gen_axilite.gen_b2s_conv.axilite_b2s/SI_REG/aw.aw_pipe/axaddr_incr_reg[7]_i_2_n_0
    SLICE_X8Y44          CARRY4 (Prop_carry4_CI_O[2])
                                                      0.239     9.066 r  design_1_i/ps7_0_axi_periph/s00_couplers/auto_pc/inst/gen_axilite.gen_b2s_conv.axilite_b2s/SI_REG/aw.aw_pipe/axaddr_incr_reg[11]_i_3/O[2]
                         net (fo=1, routed)           0.428     9.494    design_1_i/ps7_0_axi_periph/s00_couplers/auto_pc/inst/gen_axilite.gen_b2s_conv.axilite_b2s/WR.aw_channel_0/cmd_translator_0/incr_cmd_0/axaddr_incr[10]
    SLICE_X7Y43          LUT3 (Prop_lut3_I0_O)        0.301     9.795 r  design_1_i/ps7_0_axi_periph/s00_couplers/auto_pc/inst/gen_axilite.gen_b2s_conv.axilite_b2s/WR.aw_channel_0/cmd_translator_0/incr_cmd_0/axaddr_incr[10]_i_1/O
                         net (fo=1, routed)           0.000     9.795    design_1_i/ps7_0_axi_periph/s00_couplers/auto_pc/inst/gen_axilite.gen_b2s_conv.axilite_b2s/WR.aw_channel_0/cmd_translator_0/incr_cmd_0/p_1_in[10]
    SLICE_X7Y43          FDRE                                         r  design_1_i/ps7_0_axi_periph/s00_couplers/auto_pc/inst/gen_axilite.gen_b2s_conv.axilite_b2s/WR.aw_channel_0/cmd_translator_0/incr_cmd_0/axaddr_incr_reg[10]/D
  -------------------------------------------------------------------    -------------------

                         (clock clk_fpga_0 rise edge)
                                                     20.000    20.000 r  
    PS7_X0Y0             PS7                          0.000    20.000 r  design_1_i/processing_system7_0/inst/PS7_i/FCLKCLK[0]
                         net (fo=1, routed)           1.666    21.666    design_1_i/processing_system7_0/inst/FCLK_CLK_unbuffered[0]
    BUFGCTRL_X0Y16       BUFG (Prop_bufg_I_O)         0.091    21.757 r  design_1_i/processing_system7_0/inst/buffer_fclk_clk_0.FCLK_CLK_0_BUFG/O
                         net (fo=883, routed)         1.509    23.267    design_1_i/ps7_0_axi_periph/s00_couplers/auto_pc/inst/gen_axilite.gen_b2s_conv.axilite_b2s/WR.aw_channel_0/cmd_translator_0/incr_cmd_0/aclk
    SLICE_X7Y43          FDRE                                         r  design_1_i/ps7_0_axi_periph/s00_couplers/auto_pc/inst/gen_axilite.gen_b2s_conv.axilite_b2s/WR.aw_channel_0/cmd_translator_0/incr_cmd_0/axaddr_incr_reg[10]/C
                         clock pessimism              0.282    23.549    
                         clock uncertainty           -0.302    23.247    
    SLICE_X7Y43          FDRE (Setup_fdre_C_D)        0.029    23.276    design_1_i/ps7_0_axi_periph/s00_couplers/auto_pc/inst/gen_axilite.gen_b2s_conv.axilite_b2s/WR.aw_channel_0/cmd_translator_0/incr_cmd_0/axaddr_incr_reg[10]
  -------------------------------------------------------------------
                         required time                         23.276    
                         arrival time                          -9.795    
  -------------------------------------------------------------------
                         slack                                 13.480    

Slack (MET) :             13.608ns  (required time - arrival time)
  Source:                 design_1_i/ps7_0_axi_periph/s00_couplers/auto_pc/inst/gen_axilite.gen_b2s_conv.axilite_b2s/WR.b_channel_0/bid_fifo_0/cnt_read_reg[1]/C
                            (rising edge-triggered cell FDSE clocked by clk_fpga_0  {rise@0.000ns fall@10.000ns period=20.000ns})
  Destination:            design_1_i/ps7_0_axi_periph/s00_couplers/auto_pc/inst/gen_axilite.gen_b2s_conv.axilite_b2s/WR.aw_channel_0/cmd_translator_0/incr_cmd_0/axaddr_incr_reg[3]/D
                            (rising edge-triggered cell FDRE clocked by clk_fpga_0  {rise@0.000ns fall@10.000ns period=20.000ns})
  Path Group:             clk_fpga_0
  Path Type:              Setup (Max at Slow Process Corner)
  Requirement:            20.000ns  (clk_fpga_0 rise@20.000ns - clk_fpga_0 rise@0.000ns)
  Data Path Delay:        6.002ns  (logic 1.907ns (31.774%)  route 4.095ns (68.226%))
  Logic Levels:           5  (CARRY4=1 LUT3=2 LUT4=1 LUT6=1)
  Clock Path Skew:        -0.206ns (DCD - SCD + CPR)
    Destination Clock Delay (DCD):    3.267ns = ( 23.267 - 20.000 ) 
    Source Clock Delay      (SCD):    3.754ns
    Clock Pessimism Removal (CPR):    0.282ns
  Clock Uncertainty:      0.302ns  ((TSJ^2 + TIJ^2)^1/2 + DJ) / 2 + PE
    Total System Jitter     (TSJ):    0.071ns
    Total Input Jitter      (TIJ):    0.600ns
    Discrete Jitter          (DJ):    0.000ns
    Phase Error              (PE):    0.000ns

    Location             Delay type                Incr(ns)  Path(ns)    Netlist Resource(s)
  -------------------------------------------------------------------    -------------------
                         (clock clk_fpga_0 rise edge)
                                                      0.000     0.000 r  
    PS7_X0Y0             PS7                          0.000     0.000 r  design_1_i/processing_system7_0/inst/PS7_i/FCLKCLK[0]
                         net (fo=1, routed)           1.938     1.938    design_1_i/processing_system7_0/inst/FCLK_CLK_unbuffered[0]
    BUFGCTRL_X0Y16       BUFG (Prop_bufg_I_O)         0.101     2.039 r  design_1_i/processing_system7_0/inst/buffer_fclk_clk_0.FCLK_CLK_0_BUFG/O
                         net (fo=883, routed)         1.715     3.754    design_1_i/ps7_0_axi_periph/s00_couplers/auto_pc/inst/gen_axilite.gen_b2s_conv.axilite_b2s/WR.b_channel_0/bid_fifo_0/aclk
    SLICE_X5Y50          FDSE                                         r  design_1_i/ps7_0_axi_periph/s00_couplers/auto_pc/inst/gen_axilite.gen_b2s_conv.axilite_b2s/WR.b_channel_0/bid_fifo_0/cnt_read_reg[1]/C
  -------------------------------------------------------------------    -------------------
    SLICE_X5Y50          FDSE (Prop_fdse_C_Q)         0.419     4.173 f  design_1_i/ps7_0_axi_periph/s00_couplers/auto_pc/inst/gen_axilite.gen_b2s_conv.axilite_b2s/WR.b_channel_0/bid_fifo_0/cnt_read_reg[1]/Q
                         net (fo=22, routed)          1.785     5.958    design_1_i/ps7_0_axi_periph/s00_couplers/auto_pc/inst/gen_axilite.gen_b2s_conv.axilite_b2s/WR.aw_channel_0/aw_cmd_fsm_0/cnt_read[1]
    SLICE_X11Y47         LUT6 (Prop_lut6_I4_O)        0.299     6.257 r  design_1_i/ps7_0_axi_periph/s00_couplers/auto_pc/inst/gen_axilite.gen_b2s_conv.axilite_b2s/WR.aw_channel_0/aw_cmd_fsm_0/memory_reg[3][0]_srl4_i_1/O
                         net (fo=30, routed)          0.626     6.883    design_1_i/ps7_0_axi_periph/s00_couplers/auto_pc/inst/gen_axilite.gen_b2s_conv.axilite_b2s/WR.aw_channel_0/aw_cmd_fsm_0/m_axi_awready_0
    SLICE_X11Y46         LUT3 (Prop_lut3_I2_O)        0.124     7.007 r  design_1_i/ps7_0_axi_periph/s00_couplers/auto_pc/inst/gen_axilite.gen_b2s_conv.axilite_b2s/WR.aw_channel_0/aw_cmd_fsm_0/next_pending_r_i_3/O
                         net (fo=23, routed)          1.067     8.073    design_1_i/ps7_0_axi_periph/s00_couplers/auto_pc/inst/gen_axilite.gen_b2s_conv.axilite_b2s/WR.aw_channel_0/cmd_translator_0/incr_cmd_0/next
    SLICE_X8Y42          LUT4 (Prop_lut4_I3_O)        0.124     8.197 r  design_1_i/ps7_0_axi_periph/s00_couplers/auto_pc/inst/gen_axilite.gen_b2s_conv.axilite_b2s/WR.aw_channel_0/cmd_translator_0/incr_cmd_0/axaddr_incr[3]_i_10/O
                         net (fo=1, routed)           0.000     8.197    design_1_i/ps7_0_axi_periph/s00_couplers/auto_pc/inst/gen_axilite.gen_b2s_conv.axilite_b2s/SI_REG/aw.aw_pipe/axaddr_incr_reg[3][0]
    SLICE_X8Y42          CARRY4 (Prop_carry4_S[0]_O[3])
                                                      0.608     8.805 r  design_1_i/ps7_0_axi_periph/s00_couplers/auto_pc/inst/gen_axilite.gen_b2s_conv.axilite_b2s/SI_REG/aw.aw_pipe/axaddr_incr_reg[3]_i_2/O[3]
                         net (fo=1, routed)           0.618     9.423    design_1_i/ps7_0_axi_periph/s00_couplers/auto_pc/inst/gen_axilite.gen_b2s_conv.axilite_b2s/WR.aw_channel_0/cmd_translator_0/incr_cmd_0/axaddr_incr[3]
    SLICE_X10Y42         LUT3 (Prop_lut3_I0_O)        0.333     9.756 r  design_1_i/ps7_0_axi_periph/s00_couplers/auto_pc/inst/gen_axilite.gen_b2s_conv.axilite_b2s/WR.aw_channel_0/cmd_translator_0/incr_cmd_0/axaddr_incr[3]_i_1/O
                         net (fo=1, routed)           0.000     9.756    design_1_i/ps7_0_axi_periph/s00_couplers/auto_pc/inst/gen_axilite.gen_b2s_conv.axilite_b2s/WR.aw_channel_0/cmd_translator_0/incr_cmd_0/p_1_in[3]
    SLICE_X10Y42         FDRE                                         r  design_1_i/ps7_0_axi_periph/s00_couplers/auto_pc/inst/gen_axilite.gen_b2s_conv.axilite_b2s/WR.aw_channel_0/cmd_translator_0/incr_cmd_0/axaddr_incr_reg[3]/D
  -------------------------------------------------------------------    -------------------

                         (clock clk_fpga_0 rise edge)
                                                     20.000    20.000 r  
    PS7_X0Y0             PS7                          0.000    20.000 r  design_1_i/processing_system7_0/inst/PS7_i/FCLKCLK[0]
                         net (fo=1, routed)           1.666    21.666    design_1_i/processing_system7_0/inst/FCLK_CLK_unbuffered[0]
    BUFGCTRL_X0Y16       BUFG (Prop_bufg_I_O)         0.091    21.757 r  design_1_i/processing_system7_0/inst/buffer_fclk_clk_0.FCLK_CLK_0_BUFG/O
                         net (fo=883, routed)         1.509    23.267    design_1_i/ps7_0_axi_periph/s00_couplers/auto_pc/inst/gen_axilite.gen_b2s_conv.axilite_b2s/WR.aw_channel_0/cmd_translator_0/incr_cmd_0/aclk
    SLICE_X10Y42         FDRE                                         r  design_1_i/ps7_0_axi_periph/s00_couplers/auto_pc/inst/gen_axilite.gen_b2s_conv.axilite_b2s/WR.aw_channel_0/cmd_translator_0/incr_cmd_0/axaddr_incr_reg[3]/C
                         clock pessimism              0.282    23.549    
                         clock uncertainty           -0.302    23.247    
    SLICE_X10Y42         FDRE (Setup_fdre_C_D)        0.118    23.365    design_1_i/ps7_0_axi_periph/s00_couplers/auto_pc/inst/gen_axilite.gen_b2s_conv.axilite_b2s/WR.aw_channel_0/cmd_translator_0/incr_cmd_0/axaddr_incr_reg[3]
  -------------------------------------------------------------------
                         required time                         23.365    
                         arrival time                          -9.756    
  -------------------------------------------------------------------
                         slack                                 13.608    

Slack (MET) :             13.638ns  (required time - arrival time)
  Source:                 design_1_i/ps7_0_axi_periph/s00_couplers/auto_pc/inst/gen_axilite.gen_b2s_conv.axilite_b2s/WR.b_channel_0/bid_fifo_0/cnt_read_reg[1]/C
                            (rising edge-triggered cell FDSE clocked by clk_fpga_0  {rise@0.000ns fall@10.000ns period=20.000ns})
  Destination:            design_1_i/ps7_0_axi_periph/s00_couplers/auto_pc/inst/gen_axilite.gen_b2s_conv.axilite_b2s/WR.aw_channel_0/cmd_translator_0/incr_cmd_0/axaddr_incr_reg[4]/D
                            (rising edge-triggered cell FDRE clocked by clk_fpga_0  {rise@0.000ns fall@10.000ns period=20.000ns})
  Path Group:             clk_fpga_0
  Path Type:              Setup (Max at Slow Process Corner)
  Requirement:            20.000ns  (clk_fpga_0 rise@20.000ns - clk_fpga_0 rise@0.000ns)
  Data Path Delay:        5.885ns  (logic 1.993ns (33.865%)  route 3.892ns (66.135%))
  Logic Levels:           6  (CARRY4=2 LUT3=2 LUT4=1 LUT6=1)
  Clock Path Skew:        -0.206ns (DCD - SCD + CPR)
    Destination Clock Delay (DCD):    3.267ns = ( 23.267 - 20.000 ) 
    Source Clock Delay      (SCD):    3.754ns
    Clock Pessimism Removal (CPR):    0.282ns
  Clock Uncertainty:      0.302ns  ((TSJ^2 + TIJ^2)^1/2 + DJ) / 2 + PE
    Total System Jitter     (TSJ):    0.071ns
    Total Input Jitter      (TIJ):    0.600ns
    Discrete Jitter          (DJ):    0.000ns
    Phase Error              (PE):    0.000ns

    Location             Delay type                Incr(ns)  Path(ns)    Netlist Resource(s)
  -------------------------------------------------------------------    -------------------
                         (clock clk_fpga_0 rise edge)
                                                      0.000     0.000 r  
    PS7_X0Y0             PS7                          0.000     0.000 r  design_1_i/processing_system7_0/inst/PS7_i/FCLKCLK[0]
                         net (fo=1, routed)           1.938     1.938    design_1_i/processing_system7_0/inst/FCLK_CLK_unbuffered[0]
    BUFGCTRL_X0Y16       BUFG (Prop_bufg_I_O)         0.101     2.039 r  design_1_i/processing_system7_0/inst/buffer_fclk_clk_0.FCLK_CLK_0_BUFG/O
                         net (fo=883, routed)         1.715     3.754    design_1_i/ps7_0_axi_periph/s00_couplers/auto_pc/inst/gen_axilite.gen_b2s_conv.axilite_b2s/WR.b_channel_0/bid_fifo_0/aclk
    SLICE_X5Y50          FDSE                                         r  design_1_i/ps7_0_axi_periph/s00_couplers/auto_pc/inst/gen_axilite.gen_b2s_conv.axilite_b2s/WR.b_channel_0/bid_fifo_0/cnt_read_reg[1]/C
  -------------------------------------------------------------------    -------------------
    SLICE_X5Y50          FDSE (Prop_fdse_C_Q)         0.419     4.173 f  design_1_i/ps7_0_axi_periph/s00_couplers/auto_pc/inst/gen_axilite.gen_b2s_conv.axilite_b2s/WR.b_channel_0/bid_fifo_0/cnt_read_reg[1]/Q
                         net (fo=22, routed)          1.785     5.958    design_1_i/ps7_0_axi_periph/s00_couplers/auto_pc/inst/gen_axilite.gen_b2s_conv.axilite_b2s/WR.aw_channel_0/aw_cmd_fsm_0/cnt_read[1]
    SLICE_X11Y47         LUT6 (Prop_lut6_I4_O)        0.299     6.257 r  design_1_i/ps7_0_axi_periph/s00_couplers/auto_pc/inst/gen_axilite.gen_b2s_conv.axilite_b2s/WR.aw_channel_0/aw_cmd_fsm_0/memory_reg[3][0]_srl4_i_1/O
                         net (fo=30, routed)          0.626     6.883    design_1_i/ps7_0_axi_periph/s00_couplers/auto_pc/inst/gen_axilite.gen_b2s_conv.axilite_b2s/WR.aw_channel_0/aw_cmd_fsm_0/m_axi_awready_0
    SLICE_X11Y46         LUT3 (Prop_lut3_I2_O)        0.124     7.007 r  design_1_i/ps7_0_axi_periph/s00_couplers/auto_pc/inst/gen_axilite.gen_b2s_conv.axilite_b2s/WR.aw_channel_0/aw_cmd_fsm_0/next_pending_r_i_3/O
                         net (fo=23, routed)          1.067     8.073    design_1_i/ps7_0_axi_periph/s00_couplers/auto_pc/inst/gen_axilite.gen_b2s_conv.axilite_b2s/WR.aw_channel_0/cmd_translator_0/incr_cmd_0/next
    SLICE_X8Y42          LUT4 (Prop_lut4_I3_O)        0.124     8.197 r  design_1_i/ps7_0_axi_periph/s00_couplers/auto_pc/inst/gen_axilite.gen_b2s_conv.axilite_b2s/WR.aw_channel_0/cmd_translator_0/incr_cmd_0/axaddr_incr[3]_i_10/O
                         net (fo=1, routed)           0.000     8.197    design_1_i/ps7_0_axi_periph/s00_couplers/auto_pc/inst/gen_axilite.gen_b2s_conv.axilite_b2s/SI_REG/aw.aw_pipe/axaddr_incr_reg[3][0]
    SLICE_X8Y42          CARRY4 (Prop_carry4_S[0]_CO[3])
                                                      0.513     8.710 r  design_1_i/ps7_0_axi_periph/s00_couplers/auto_pc/inst/gen_axilite.gen_b2s_conv.axilite_b2s/SI_REG/aw.aw_pipe/axaddr_incr_reg[3]_i_2/CO[3]
                         net (fo=1, routed)           0.000     8.710    design_1_i/ps7_0_axi_periph/s00_couplers/auto_pc/inst/gen_axilite.gen_b2s_conv.axilite_b2s/SI_REG/aw.aw_pipe/axaddr_incr_reg[3]_i_2_n_0
    SLICE_X8Y43          CARRY4 (Prop_carry4_CI_O[0])
                                                      0.219     8.929 r  design_1_i/ps7_0_axi_periph/s00_couplers/auto_pc/inst/gen_axilite.gen_b2s_conv.axilite_b2s/SI_REG/aw.aw_pipe/axaddr_incr_reg[7]_i_2/O[0]
                         net (fo=1, routed)           0.415     9.345    design_1_i/ps7_0_axi_periph/s00_couplers/auto_pc/inst/gen_axilite.gen_b2s_conv.axilite_b2s/WR.aw_channel_0/cmd_translator_0/incr_cmd_0/axaddr_incr[4]
    SLICE_X7Y43          LUT3 (Prop_lut3_I0_O)        0.295     9.640 r  design_1_i/ps7_0_axi_periph/s00_couplers/auto_pc/inst/gen_axilite.gen_b2s_conv.axilite_b2s/WR.aw_channel_0/cmd_translator_0/incr_cmd_0/axaddr_incr[4]_i_1/O
                         net (fo=1, routed)           0.000     9.640    design_1_i/ps7_0_axi_periph/s00_couplers/auto_pc/inst/gen_axilite.gen_b2s_conv.axilite_b2s/WR.aw_channel_0/cmd_translator_0/incr_cmd_0/p_1_in[4]
    SLICE_X7Y43          FDRE                                         r  design_1_i/ps7_0_axi_periph/s00_couplers/auto_pc/inst/gen_axilite.gen_b2s_conv.axilite_b2s/WR.aw_channel_0/cmd_translator_0/incr_cmd_0/axaddr_incr_reg[4]/D
  -------------------------------------------------------------------    -------------------

                         (clock clk_fpga_0 rise edge)
                                                     20.000    20.000 r  
    PS7_X0Y0             PS7                          0.000    20.000 r  design_1_i/processing_system7_0/inst/PS7_i/FCLKCLK[0]
                         net (fo=1, routed)           1.666    21.666    design_1_i/processing_system7_0/inst/FCLK_CLK_unbuffered[0]
    BUFGCTRL_X0Y16       BUFG (Prop_bufg_I_O)         0.091    21.757 r  design_1_i/processing_system7_0/inst/buffer_fclk_clk_0.FCLK_CLK_0_BUFG/O
                         net (fo=883, routed)         1.509    23.267    design_1_i/ps7_0_axi_periph/s00_couplers/auto_pc/inst/gen_axilite.gen_b2s_conv.axilite_b2s/WR.aw_channel_0/cmd_translator_0/incr_cmd_0/aclk
    SLICE_X7Y43          FDRE                                         r  design_1_i/ps7_0_axi_periph/s00_couplers/auto_pc/inst/gen_axilite.gen_b2s_conv.axilite_b2s/WR.aw_channel_0/cmd_translator_0/incr_cmd_0/axaddr_incr_reg[4]/C
                         clock pessimism              0.282    23.549    
                         clock uncertainty           -0.302    23.247    
    SLICE_X7Y43          FDRE (Setup_fdre_C_D)        0.031    23.278    design_1_i/ps7_0_axi_periph/s00_couplers/auto_pc/inst/gen_axilite.gen_b2s_conv.axilite_b2s/WR.aw_channel_0/cmd_translator_0/incr_cmd_0/axaddr_incr_reg[4]
  -------------------------------------------------------------------
                         required time                         23.278    
                         arrival time                          -9.640    
  -------------------------------------------------------------------
                         slack                                 13.638    





Min Delay Paths
--------------------------------------------------------------------------------------
Slack (MET) :             0.062ns  (arrival time - required time)
  Source:                 design_1_i/ps7_0_axi_periph/s00_couplers/auto_pc/inst/gen_axilite.gen_b2s_conv.axilite_b2s/SI_REG/b.b_pipe/m_payload_i_reg[1]/C
                            (rising edge-triggered cell FDRE clocked by clk_fpga_0  {rise@0.000ns fall@10.000ns period=20.000ns})
  Destination:            design_1_i/processing_system7_0/inst/PS7_i/MAXIGP0BRESP[1]
                            (rising edge-triggered cell PS7 clocked by clk_fpga_0  {rise@0.000ns fall@10.000ns period=20.000ns})
  Path Group:             clk_fpga_0
  Path Type:              Hold (Min at Fast Process Corner)
  Requirement:            0.000ns  (clk_fpga_0 rise@0.000ns - clk_fpga_0 rise@0.000ns)
  Data Path Delay:        0.321ns  (logic 0.128ns (39.907%)  route 0.193ns (60.093%))
  Logic Levels:           0  
  Clock Path Skew:        0.313ns (DCD - SCD - CPR)
    Destination Clock Delay (DCD):    1.843ns
    Source Clock Delay      (SCD):    1.412ns
    Clock Pessimism Removal (CPR):    0.118ns

    Location             Delay type                Incr(ns)  Path(ns)    Netlist Resource(s)
  -------------------------------------------------------------------    -------------------
                         (clock clk_fpga_0 rise edge)
                                                      0.000     0.000 r  
    PS7_X0Y0             PS7                          0.000     0.000 r  design_1_i/processing_system7_0/inst/PS7_i/FCLKCLK[0]
                         net (fo=1, routed)           0.804     0.804    design_1_i/processing_system7_0/inst/FCLK_CLK_unbuffered[0]
    BUFGCTRL_X0Y16       BUFG (Prop_bufg_I_O)         0.026     0.830 r  design_1_i/processing_system7_0/inst/buffer_fclk_clk_0.FCLK_CLK_0_BUFG/O
                         net (fo=883, routed)         0.582     1.412    design_1_i/ps7_0_axi_periph/s00_couplers/auto_pc/inst/gen_axilite.gen_b2s_conv.axilite_b2s/SI_REG/b.b_pipe/aclk
    SLICE_X2Y50          FDRE                                         r  design_1_i/ps7_0_axi_periph/s00_couplers/auto_pc/inst/gen_axilite.gen_b2s_conv.axilite_b2s/SI_REG/b.b_pipe/m_payload_i_reg[1]/C
  -------------------------------------------------------------------    -------------------
    SLICE_X2Y50          FDRE (Prop_fdre_C_Q)         0.128     1.540 r  design_1_i/ps7_0_axi_periph/s00_couplers/auto_pc/inst/gen_axilite.gen_b2s_conv.axilite_b2s/SI_REG/b.b_pipe/m_payload_i_reg[1]/Q
                         net (fo=1, routed)           0.193     1.733    design_1_i/processing_system7_0/inst/M_AXI_GP0_BRESP[1]
    PS7_X0Y0             PS7                                          r  design_1_i/processing_system7_0/inst/PS7_i/MAXIGP0BRESP[1]
  -------------------------------------------------------------------    -------------------

                         (clock clk_fpga_0 rise edge)
                                                      0.000     0.000 r  
    PS7_X0Y0             PS7                          0.000     0.000 r  design_1_i/processing_system7_0/inst/PS7_i/FCLKCLK[0]
                         net (fo=1, routed)           0.919     0.919    design_1_i/processing_system7_0/inst/FCLK_CLK_unbuffered[0]
    BUFGCTRL_X0Y16       BUFG (Prop_bufg_I_O)         0.029     0.948 r  design_1_i/processing_system7_0/inst/buffer_fclk_clk_0.FCLK_CLK_0_BUFG/O
                         net (fo=883, routed)         0.895     1.843    design_1_i/processing_system7_0/inst/M_AXI_GP0_ACLK
    PS7_X0Y0             PS7                                          r  design_1_i/processing_system7_0/inst/PS7_i/MAXIGP0ACLK
                         clock pessimism             -0.118     1.725    
    PS7_X0Y0             PS7 (Hold_ps7_MAXIGP0ACLK_MAXIGP0BRESP[1])
                                                     -0.054     1.671    design_1_i/processing_system7_0/inst/PS7_i
  -------------------------------------------------------------------
                         required time                         -1.671    
                         arrival time                           1.733    
  -------------------------------------------------------------------
                         slack                                  0.062    

Slack (MET) :             0.072ns  (arrival time - required time)
  Source:                 design_1_i/ps7_0_axi_periph/s00_couplers/auto_pc/inst/gen_axilite.gen_b2s_conv.axilite_b2s/SI_REG/b.b_pipe/m_payload_i_reg[6]/C
                            (rising edge-triggered cell FDRE clocked by clk_fpga_0  {rise@0.000ns fall@10.000ns period=20.000ns})
  Destination:            design_1_i/processing_system7_0/inst/PS7_i/MAXIGP0BID[4]
                            (rising edge-triggered cell PS7 clocked by clk_fpga_0  {rise@0.000ns fall@10.000ns period=20.000ns})
  Path Group:             clk_fpga_0
  Path Type:              Hold (Min at Fast Process Corner)
  Requirement:            0.000ns  (clk_fpga_0 rise@0.000ns - clk_fpga_0 rise@0.000ns)
  Data Path Delay:        0.385ns  (logic 0.141ns (36.590%)  route 0.244ns (63.410%))
  Logic Levels:           0  
  Clock Path Skew:        0.313ns (DCD - SCD - CPR)
    Destination Clock Delay (DCD):    1.843ns
    Source Clock Delay      (SCD):    1.412ns
    Clock Pessimism Removal (CPR):    0.118ns

    Location             Delay type                Incr(ns)  Path(ns)    Netlist Resource(s)
  -------------------------------------------------------------------    -------------------
                         (clock clk_fpga_0 rise edge)
                                                      0.000     0.000 r  
    PS7_X0Y0             PS7                          0.000     0.000 r  design_1_i/processing_system7_0/inst/PS7_i/FCLKCLK[0]
                         net (fo=1, routed)           0.804     0.804    design_1_i/processing_system7_0/inst/FCLK_CLK_unbuffered[0]
    BUFGCTRL_X0Y16       BUFG (Prop_bufg_I_O)         0.026     0.830 r  design_1_i/processing_system7_0/inst/buffer_fclk_clk_0.FCLK_CLK_0_BUFG/O
                         net (fo=883, routed)         0.582     1.412    design_1_i/ps7_0_axi_periph/s00_couplers/auto_pc/inst/gen_axilite.gen_b2s_conv.axilite_b2s/SI_REG/b.b_pipe/aclk
    SLICE_X2Y50          FDRE                                         r  design_1_i/ps7_0_axi_periph/s00_couplers/auto_pc/inst/gen_axilite.gen_b2s_conv.axilite_b2s/SI_REG/b.b_pipe/m_payload_i_reg[6]/C
  -------------------------------------------------------------------    -------------------
    SLICE_X2Y50          FDRE (Prop_fdre_C_Q)         0.141     1.553 r  design_1_i/ps7_0_axi_periph/s00_couplers/auto_pc/inst/gen_axilite.gen_b2s_conv.axilite_b2s/SI_REG/b.b_pipe/m_payload_i_reg[6]/Q
                         net (fo=1, routed)           0.244     1.797    design_1_i/processing_system7_0/inst/M_AXI_GP0_BID[4]
    PS7_X0Y0             PS7                                          r  design_1_i/processing_system7_0/inst/PS7_i/MAXIGP0BID[4]
  -------------------------------------------------------------------    -------------------

                         (clock clk_fpga_0 rise edge)
                                                      0.000     0.000 r  
    PS7_X0Y0             PS7                          0.000     0.000 r  design_1_i/processing_system7_0/inst/PS7_i/FCLKCLK[0]
                         net (fo=1, routed)           0.919     0.919    design_1_i/processing_system7_0/inst/FCLK_CLK_unbuffered[0]
    BUFGCTRL_X0Y16       BUFG (Prop_bufg_I_O)         0.029     0.948 r  design_1_i/processing_system7_0/inst/buffer_fclk_clk_0.FCLK_CLK_0_BUFG/O
                         net (fo=883, routed)         0.895     1.843    design_1_i/processing_system7_0/inst/M_AXI_GP0_ACLK
    PS7_X0Y0             PS7                                          r  design_1_i/processing_system7_0/inst/PS7_i/MAXIGP0ACLK
                         clock pessimism             -0.118     1.725    
    PS7_X0Y0             PS7 (Hold_ps7_MAXIGP0ACLK_MAXIGP0BID[4])
                                                      0.000     1.725    design_1_i/processing_system7_0/inst/PS7_i
  -------------------------------------------------------------------
                         required time                         -1.725    
                         arrival time                           1.797    
  -------------------------------------------------------------------
                         slack                                  0.072    

Slack (MET) :             0.073ns  (arrival time - required time)
  Source:                 design_1_i/ps7_0_axi_periph/s00_couplers/auto_pc/inst/gen_axilite.gen_b2s_conv.axilite_b2s/SI_REG/b.b_pipe/m_payload_i_reg[8]/C
                            (rising edge-triggered cell FDRE clocked by clk_fpga_0  {rise@0.000ns fall@10.000ns period=20.000ns})
  Destination:            design_1_i/processing_system7_0/inst/PS7_i/MAXIGP0BID[6]
                            (rising edge-triggered cell PS7 clocked by clk_fpga_0  {rise@0.000ns fall@10.000ns period=20.000ns})
  Path Group:             clk_fpga_0
  Path Type:              Hold (Min at Fast Process Corner)
  Requirement:            0.000ns  (clk_fpga_0 rise@0.000ns - clk_fpga_0 rise@0.000ns)
  Data Path Delay:        0.386ns  (logic 0.141ns (36.493%)  route 0.245ns (63.507%))
  Logic Levels:           0  
  Clock Path Skew:        0.313ns (DCD - SCD - CPR)
    Destination Clock Delay (DCD):    1.843ns
    Source Clock Delay      (SCD):    1.412ns
    Clock Pessimism Removal (CPR):    0.118ns

    Location             Delay type                Incr(ns)  Path(ns)    Netlist Resource(s)
  -------------------------------------------------------------------    -------------------
                         (clock clk_fpga_0 rise edge)
                                                      0.000     0.000 r  
    PS7_X0Y0             PS7                          0.000     0.000 r  design_1_i/processing_system7_0/inst/PS7_i/FCLKCLK[0]
                         net (fo=1, routed)           0.804     0.804    design_1_i/processing_system7_0/inst/FCLK_CLK_unbuffered[0]
    BUFGCTRL_X0Y16       BUFG (Prop_bufg_I_O)         0.026     0.830 r  design_1_i/processing_system7_0/inst/buffer_fclk_clk_0.FCLK_CLK_0_BUFG/O
                         net (fo=883, routed)         0.582     1.412    design_1_i/ps7_0_axi_periph/s00_couplers/auto_pc/inst/gen_axilite.gen_b2s_conv.axilite_b2s/SI_REG/b.b_pipe/aclk
    SLICE_X2Y50          FDRE                                         r  design_1_i/ps7_0_axi_periph/s00_couplers/auto_pc/inst/gen_axilite.gen_b2s_conv.axilite_b2s/SI_REG/b.b_pipe/m_payload_i_reg[8]/C
  -------------------------------------------------------------------    -------------------
    SLICE_X2Y50          FDRE (Prop_fdre_C_Q)         0.141     1.553 r  design_1_i/ps7_0_axi_periph/s00_couplers/auto_pc/inst/gen_axilite.gen_b2s_conv.axilite_b2s/SI_REG/b.b_pipe/m_payload_i_reg[8]/Q
                         net (fo=1, routed)           0.245     1.798    design_1_i/processing_system7_0/inst/M_AXI_GP0_BID[6]
    PS7_X0Y0             PS7                                          r  design_1_i/processing_system7_0/inst/PS7_i/MAXIGP0BID[6]
  -------------------------------------------------------------------    -------------------

                         (clock clk_fpga_0 rise edge)
                                                      0.000     0.000 r  
    PS7_X0Y0             PS7                          0.000     0.000 r  design_1_i/processing_system7_0/inst/PS7_i/FCLKCLK[0]
                         net (fo=1, routed)           0.919     0.919    design_1_i/processing_system7_0/inst/FCLK_CLK_unbuffered[0]
    BUFGCTRL_X0Y16       BUFG (Prop_bufg_I_O)         0.029     0.948 r  design_1_i/processing_system7_0/inst/buffer_fclk_clk_0.FCLK_CLK_0_BUFG/O
                         net (fo=883, routed)         0.895     1.843    design_1_i/processing_system7_0/inst/M_AXI_GP0_ACLK
    PS7_X0Y0             PS7                                          r  design_1_i/processing_system7_0/inst/PS7_i/MAXIGP0ACLK
                         clock pessimism             -0.118     1.725    
    PS7_X0Y0             PS7 (Hold_ps7_MAXIGP0ACLK_MAXIGP0BID[6])
                                                      0.000     1.725    design_1_i/processing_system7_0/inst/PS7_i
  -------------------------------------------------------------------
                         required time                         -1.725    
                         arrival time                           1.798    
  -------------------------------------------------------------------
                         slack                                  0.073    

Slack (MET) :             0.086ns  (arrival time - required time)
  Source:                 design_1_i/ps7_0_axi_periph/s00_couplers/auto_pc/inst/gen_axilite.gen_b2s_conv.axilite_b2s/RD.r_channel_0/r_arid_r_reg[3]/C
                            (rising edge-triggered cell FDRE clocked by clk_fpga_0  {rise@0.000ns fall@10.000ns period=20.000ns})
  Destination:            design_1_i/ps7_0_axi_periph/s00_couplers/auto_pc/inst/gen_axilite.gen_b2s_conv.axilite_b2s/RD.r_channel_0/transaction_fifo_0/memory_reg[31][4]_srl32/D
                            (rising edge-triggered cell SRLC32E clocked by clk_fpga_0  {rise@0.000ns fall@10.000ns period=20.000ns})
  Path Group:             clk_fpga_0
  Path Type:              Hold (Min at Fast Process Corner)
  Requirement:            0.000ns  (clk_fpga_0 rise@0.000ns - clk_fpga_0 rise@0.000ns)
  Data Path Delay:        0.248ns  (logic 0.128ns (51.616%)  route 0.120ns (48.384%))
  Logic Levels:           0  
  Clock Path Skew:        0.033ns (DCD - SCD - CPR)
    Destination Clock Delay (DCD):    1.801ns
    Source Clock Delay      (SCD):    1.417ns
    Clock Pessimism Removal (CPR):    0.351ns

    Location             Delay type                Incr(ns)  Path(ns)    Netlist Resource(s)
  -------------------------------------------------------------------    -------------------
                         (clock clk_fpga_0 rise edge)
                                                      0.000     0.000 r  
    PS7_X0Y0             PS7                          0.000     0.000 r  design_1_i/processing_system7_0/inst/PS7_i/FCLKCLK[0]
                         net (fo=1, routed)           0.804     0.804    design_1_i/processing_system7_0/inst/FCLK_CLK_unbuffered[0]
    BUFGCTRL_X0Y16       BUFG (Prop_bufg_I_O)         0.026     0.830 r  design_1_i/processing_system7_0/inst/buffer_fclk_clk_0.FCLK_CLK_0_BUFG/O
                         net (fo=883, routed)         0.587     1.417    design_1_i/ps7_0_axi_periph/s00_couplers/auto_pc/inst/gen_axilite.gen_b2s_conv.axilite_b2s/RD.r_channel_0/aclk
    SLICE_X3Y43          FDRE                                         r  design_1_i/ps7_0_axi_periph/s00_couplers/auto_pc/inst/gen_axilite.gen_b2s_conv.axilite_b2s/RD.r_channel_0/r_arid_r_reg[3]/C
  -------------------------------------------------------------------    -------------------
    SLICE_X3Y43          FDRE (Prop_fdre_C_Q)         0.128     1.545 r  design_1_i/ps7_0_axi_periph/s00_couplers/auto_pc/inst/gen_axilite.gen_b2s_conv.axilite_b2s/RD.r_channel_0/r_arid_r_reg[3]/Q
                         net (fo=1, routed)           0.120     1.665    design_1_i/ps7_0_axi_periph/s00_couplers/auto_pc/inst/gen_axilite.gen_b2s_conv.axilite_b2s/RD.r_channel_0/transaction_fifo_0/in[4]
    SLICE_X0Y43          SRLC32E                                      r  design_1_i/ps7_0_axi_periph/s00_couplers/auto_pc/inst/gen_axilite.gen_b2s_conv.axilite_b2s/RD.r_channel_0/transaction_fifo_0/memory_reg[31][4]_srl32/D
  -------------------------------------------------------------------    -------------------

                         (clock clk_fpga_0 rise edge)
                                                      0.000     0.000 r  
    PS7_X0Y0             PS7                          0.000     0.000 r  design_1_i/processing_system7_0/inst/PS7_i/FCLKCLK[0]
                         net (fo=1, routed)           0.919     0.919    design_1_i/processing_system7_0/inst/FCLK_CLK_unbuffered[0]
    BUFGCTRL_X0Y16       BUFG (Prop_bufg_I_O)         0.029     0.948 r  design_1_i/processing_system7_0/inst/buffer_fclk_clk_0.FCLK_CLK_0_BUFG/O
                         net (fo=883, routed)         0.853     1.801    design_1_i/ps7_0_axi_periph/s00_couplers/auto_pc/inst/gen_axilite.gen_b2s_conv.axilite_b2s/RD.r_channel_0/transaction_fifo_0/aclk
    SLICE_X0Y43          SRLC32E                                      r  design_1_i/ps7_0_axi_periph/s00_couplers/auto_pc/inst/gen_axilite.gen_b2s_conv.axilite_b2s/RD.r_channel_0/transaction_fifo_0/memory_reg[31][4]_srl32/CLK
                         clock pessimism             -0.351     1.450    
    SLICE_X0Y43          SRLC32E (Hold_srlc32e_CLK_D)
                                                      0.129     1.579    design_1_i/ps7_0_axi_periph/s00_couplers/auto_pc/inst/gen_axilite.gen_b2s_conv.axilite_b2s/RD.r_channel_0/transaction_fifo_0/memory_reg[31][4]_srl32
  -------------------------------------------------------------------
                         required time                         -1.579    
                         arrival time                           1.665    
  -------------------------------------------------------------------
                         slack                                  0.086    

Slack (MET) :             0.090ns  (arrival time - required time)
  Source:                 design_1_i/ps7_0_axi_periph/s00_couplers/auto_pc/inst/gen_axilite.gen_b2s_conv.axilite_b2s/SI_REG/b.b_pipe/m_payload_i_reg[0]/C
                            (rising edge-triggered cell FDRE clocked by clk_fpga_0  {rise@0.000ns fall@10.000ns period=20.000ns})
  Destination:            design_1_i/processing_system7_0/inst/PS7_i/MAXIGP0BRESP[0]
                            (rising edge-triggered cell PS7 clocked by clk_fpga_0  {rise@0.000ns fall@10.000ns period=20.000ns})
  Path Group:             clk_fpga_0
  Path Type:              Hold (Min at Fast Process Corner)
  Requirement:            0.000ns  (clk_fpga_0 rise@0.000ns - clk_fpga_0 rise@0.000ns)
  Data Path Delay:        0.403ns  (logic 0.141ns (34.994%)  route 0.262ns (65.006%))
  Logic Levels:           0  
  Clock Path Skew:        0.313ns (DCD - SCD - CPR)
    Destination Clock Delay (DCD):    1.843ns
    Source Clock Delay      (SCD):    1.412ns
    Clock Pessimism Removal (CPR):    0.118ns

    Location             Delay type                Incr(ns)  Path(ns)    Netlist Resource(s)
  -------------------------------------------------------------------    -------------------
                         (clock clk_fpga_0 rise edge)
                                                      0.000     0.000 r  
    PS7_X0Y0             PS7                          0.000     0.000 r  design_1_i/processing_system7_0/inst/PS7_i/FCLKCLK[0]
                         net (fo=1, routed)           0.804     0.804    design_1_i/processing_system7_0/inst/FCLK_CLK_unbuffered[0]
    BUFGCTRL_X0Y16       BUFG (Prop_bufg_I_O)         0.026     0.830 r  design_1_i/processing_system7_0/inst/buffer_fclk_clk_0.FCLK_CLK_0_BUFG/O
                         net (fo=883, routed)         0.582     1.412    design_1_i/ps7_0_axi_periph/s00_couplers/auto_pc/inst/gen_axilite.gen_b2s_conv.axilite_b2s/SI_REG/b.b_pipe/aclk
    SLICE_X2Y50          FDRE                                         r  design_1_i/ps7_0_axi_periph/s00_couplers/auto_pc/inst/gen_axilite.gen_b2s_conv.axilite_b2s/SI_REG/b.b_pipe/m_payload_i_reg[0]/C
  -------------------------------------------------------------------    -------------------
    SLICE_X2Y50          FDRE (Prop_fdre_C_Q)         0.141     1.553 r  design_1_i/ps7_0_axi_periph/s00_couplers/auto_pc/inst/gen_axilite.gen_b2s_conv.axilite_b2s/SI_REG/b.b_pipe/m_payload_i_reg[0]/Q
                         net (fo=1, routed)           0.262     1.815    design_1_i/processing_system7_0/inst/M_AXI_GP0_BRESP[0]
    PS7_X0Y0             PS7                                          r  design_1_i/processing_system7_0/inst/PS7_i/MAXIGP0BRESP[0]
  -------------------------------------------------------------------    -------------------

                         (clock clk_fpga_0 rise edge)
                                                      0.000     0.000 r  
    PS7_X0Y0             PS7                          0.000     0.000 r  design_1_i/processing_system7_0/inst/PS7_i/FCLKCLK[0]
                         net (fo=1, routed)           0.919     0.919    design_1_i/processing_system7_0/inst/FCLK_CLK_unbuffered[0]
    BUFGCTRL_X0Y16       BUFG (Prop_bufg_I_O)         0.029     0.948 r  design_1_i/processing_system7_0/inst/buffer_fclk_clk_0.FCLK_CLK_0_BUFG/O
                         net (fo=883, routed)         0.895     1.843    design_1_i/processing_system7_0/inst/M_AXI_GP0_ACLK
    PS7_X0Y0             PS7                                          r  design_1_i/processing_system7_0/inst/PS7_i/MAXIGP0ACLK
                         clock pessimism             -0.118     1.725    
    PS7_X0Y0             PS7 (Hold_ps7_MAXIGP0ACLK_MAXIGP0BRESP[0])
                                                      0.000     1.725    design_1_i/processing_system7_0/inst/PS7_i
  -------------------------------------------------------------------
                         required time                         -1.725    
                         arrival time                           1.815    
  -------------------------------------------------------------------
                         slack                                  0.090    

Slack (MET) :             0.094ns  (arrival time - required time)
  Source:                 design_1_i/ps7_0_axi_periph/s00_couplers/auto_pc/inst/gen_axilite.gen_b2s_conv.axilite_b2s/SI_REG/b.b_pipe/s_ready_i_reg/C
                            (rising edge-triggered cell FDRE clocked by clk_fpga_0  {rise@0.000ns fall@10.000ns period=20.000ns})
  Destination:            design_1_i/ps7_0_axi_periph/s00_couplers/auto_pc/inst/gen_axilite.gen_b2s_conv.axilite_b2s/SI_REG/b.b_pipe/skid_buffer_reg[0]/CE
                            (rising edge-triggered cell FDRE clocked by clk_fpga_0  {rise@0.000ns fall@10.000ns period=20.000ns})
  Path Group:             clk_fpga_0
  Path Type:              Hold (Min at Fast Process Corner)
  Requirement:            0.000ns  (clk_fpga_0 rise@0.000ns - clk_fpga_0 rise@0.000ns)
  Data Path Delay:        0.318ns  (logic 0.141ns (44.336%)  route 0.177ns (55.665%))
  Logic Levels:           0  
  Clock Path Skew:        0.263ns (DCD - SCD - CPR)
    Destination Clock Delay (DCD):    1.799ns
    Source Clock Delay      (SCD):    1.418ns
    Clock Pessimism Removal (CPR):    0.118ns

    Location             Delay type                Incr(ns)  Path(ns)    Netlist Resource(s)
  -------------------------------------------------------------------    -------------------
                         (clock clk_fpga_0 rise edge)
                                                      0.000     0.000 r  
    PS7_X0Y0             PS7                          0.000     0.000 r  design_1_i/processing_system7_0/inst/PS7_i/FCLKCLK[0]
                         net (fo=1, routed)           0.804     0.804    design_1_i/processing_system7_0/inst/FCLK_CLK_unbuffered[0]
    BUFGCTRL_X0Y16       BUFG (Prop_bufg_I_O)         0.026     0.830 r  design_1_i/processing_system7_0/inst/buffer_fclk_clk_0.FCLK_CLK_0_BUFG/O
                         net (fo=883, routed)         0.588     1.418    design_1_i/ps7_0_axi_periph/s00_couplers/auto_pc/inst/gen_axilite.gen_b2s_conv.axilite_b2s/SI_REG/b.b_pipe/aclk
    SLICE_X2Y48          FDRE                                         r  design_1_i/ps7_0_axi_periph/s00_couplers/auto_pc/inst/gen_axilite.gen_b2s_conv.axilite_b2s/SI_REG/b.b_pipe/s_ready_i_reg/C
  -------------------------------------------------------------------    -------------------
    SLICE_X2Y48          FDRE (Prop_fdre_C_Q)         0.141     1.559 r  design_1_i/ps7_0_axi_periph/s00_couplers/auto_pc/inst/gen_axilite.gen_b2s_conv.axilite_b2s/SI_REG/b.b_pipe/s_ready_i_reg/Q
                         net (fo=32, routed)          0.177     1.736    design_1_i/ps7_0_axi_periph/s00_couplers/auto_pc/inst/gen_axilite.gen_b2s_conv.axilite_b2s/SI_REG/b.b_pipe/s_ready_i_reg_0
    SLICE_X3Y50          FDRE                                         r  design_1_i/ps7_0_axi_periph/s00_couplers/auto_pc/inst/gen_axilite.gen_b2s_conv.axilite_b2s/SI_REG/b.b_pipe/skid_buffer_reg[0]/CE
  -------------------------------------------------------------------    -------------------

                         (clock clk_fpga_0 rise edge)
                                                      0.000     0.000 r  
    PS7_X0Y0             PS7                          0.000     0.000 r  design_1_i/processing_system7_0/inst/PS7_i/FCLKCLK[0]
                         net (fo=1, routed)           0.919     0.919    design_1_i/processing_system7_0/inst/FCLK_CLK_unbuffered[0]
    BUFGCTRL_X0Y16       BUFG (Prop_bufg_I_O)         0.029     0.948 r  design_1_i/processing_system7_0/inst/buffer_fclk_clk_0.FCLK_CLK_0_BUFG/O
                         net (fo=883, routed)         0.851     1.799    design_1_i/ps7_0_axi_periph/s00_couplers/auto_pc/inst/gen_axilite.gen_b2s_conv.axilite_b2s/SI_REG/b.b_pipe/aclk
    SLICE_X3Y50          FDRE                                         r  design_1_i/ps7_0_axi_periph/s00_couplers/auto_pc/inst/gen_axilite.gen_b2s_conv.axilite_b2s/SI_REG/b.b_pipe/skid_buffer_reg[0]/C
                         clock pessimism             -0.118     1.681    
    SLICE_X3Y50          FDRE (Hold_fdre_C_CE)       -0.039     1.642    design_1_i/ps7_0_axi_periph/s00_couplers/auto_pc/inst/gen_axilite.gen_b2s_conv.axilite_b2s/SI_REG/b.b_pipe/skid_buffer_reg[0]
  -------------------------------------------------------------------
                         required time                         -1.642    
                         arrival time                           1.736    
  -------------------------------------------------------------------
                         slack                                  0.094    

Slack (MET) :             0.094ns  (arrival time - required time)
  Source:                 design_1_i/ps7_0_axi_periph/s00_couplers/auto_pc/inst/gen_axilite.gen_b2s_conv.axilite_b2s/SI_REG/b.b_pipe/s_ready_i_reg/C
                            (rising edge-triggered cell FDRE clocked by clk_fpga_0  {rise@0.000ns fall@10.000ns period=20.000ns})
  Destination:            design_1_i/ps7_0_axi_periph/s00_couplers/auto_pc/inst/gen_axilite.gen_b2s_conv.axilite_b2s/SI_REG/b.b_pipe/skid_buffer_reg[1]/CE
                            (rising edge-triggered cell FDRE clocked by clk_fpga_0  {rise@0.000ns fall@10.000ns period=20.000ns})
  Path Group:             clk_fpga_0
  Path Type:              Hold (Min at Fast Process Corner)
  Requirement:            0.000ns  (clk_fpga_0 rise@0.000ns - clk_fpga_0 rise@0.000ns)
  Data Path Delay:        0.318ns  (logic 0.141ns (44.336%)  route 0.177ns (55.665%))
  Logic Levels:           0  
  Clock Path Skew:        0.263ns (DCD - SCD - CPR)
    Destination Clock Delay (DCD):    1.799ns
    Source Clock Delay      (SCD):    1.418ns
    Clock Pessimism Removal (CPR):    0.118ns

    Location             Delay type                Incr(ns)  Path(ns)    Netlist Resource(s)
  -------------------------------------------------------------------    -------------------
                         (clock clk_fpga_0 rise edge)
                                                      0.000     0.000 r  
    PS7_X0Y0             PS7                          0.000     0.000 r  design_1_i/processing_system7_0/inst/PS7_i/FCLKCLK[0]
                         net (fo=1, routed)           0.804     0.804    design_1_i/processing_system7_0/inst/FCLK_CLK_unbuffered[0]
    BUFGCTRL_X0Y16       BUFG (Prop_bufg_I_O)         0.026     0.830 r  design_1_i/processing_system7_0/inst/buffer_fclk_clk_0.FCLK_CLK_0_BUFG/O
                         net (fo=883, routed)         0.588     1.418    design_1_i/ps7_0_axi_periph/s00_couplers/auto_pc/inst/gen_axilite.gen_b2s_conv.axilite_b2s/SI_REG/b.b_pipe/aclk
    SLICE_X2Y48          FDRE                                         r  design_1_i/ps7_0_axi_periph/s00_couplers/auto_pc/inst/gen_axilite.gen_b2s_conv.axilite_b2s/SI_REG/b.b_pipe/s_ready_i_reg/C
  -------------------------------------------------------------------    -------------------
    SLICE_X2Y48          FDRE (Prop_fdre_C_Q)         0.141     1.559 r  design_1_i/ps7_0_axi_periph/s00_couplers/auto_pc/inst/gen_axilite.gen_b2s_conv.axilite_b2s/SI_REG/b.b_pipe/s_ready_i_reg/Q
                         net (fo=32, routed)          0.177     1.736    design_1_i/ps7_0_axi_periph/s00_couplers/auto_pc/inst/gen_axilite.gen_b2s_conv.axilite_b2s/SI_REG/b.b_pipe/s_ready_i_reg_0
    SLICE_X3Y50          FDRE                                         r  design_1_i/ps7_0_axi_periph/s00_couplers/auto_pc/inst/gen_axilite.gen_b2s_conv.axilite_b2s/SI_REG/b.b_pipe/skid_buffer_reg[1]/CE
  -------------------------------------------------------------------    -------------------

                         (clock clk_fpga_0 rise edge)
                                                      0.000     0.000 r  
    PS7_X0Y0             PS7                          0.000     0.000 r  design_1_i/processing_system7_0/inst/PS7_i/FCLKCLK[0]
                         net (fo=1, routed)           0.919     0.919    design_1_i/processing_system7_0/inst/FCLK_CLK_unbuffered[0]
    BUFGCTRL_X0Y16       BUFG (Prop_bufg_I_O)         0.029     0.948 r  design_1_i/processing_system7_0/inst/buffer_fclk_clk_0.FCLK_CLK_0_BUFG/O
                         net (fo=883, routed)         0.851     1.799    design_1_i/ps7_0_axi_periph/s00_couplers/auto_pc/inst/gen_axilite.gen_b2s_conv.axilite_b2s/SI_REG/b.b_pipe/aclk
    SLICE_X3Y50          FDRE                                         r  design_1_i/ps7_0_axi_periph/s00_couplers/auto_pc/inst/gen_axilite.gen_b2s_conv.axilite_b2s/SI_REG/b.b_pipe/skid_buffer_reg[1]/C
                         clock pessimism             -0.118     1.681    
    SLICE_X3Y50          FDRE (Hold_fdre_C_CE)       -0.039     1.642    design_1_i/ps7_0_axi_periph/s00_couplers/auto_pc/inst/gen_axilite.gen_b2s_conv.axilite_b2s/SI_REG/b.b_pipe/skid_buffer_reg[1]
  -------------------------------------------------------------------
                         required time                         -1.642    
                         arrival time                           1.736    
  -------------------------------------------------------------------
                         slack                                  0.094    

Slack (MET) :             0.094ns  (arrival time - required time)
  Source:                 design_1_i/ps7_0_axi_periph/s00_couplers/auto_pc/inst/gen_axilite.gen_b2s_conv.axilite_b2s/SI_REG/b.b_pipe/s_ready_i_reg/C
                            (rising edge-triggered cell FDRE clocked by clk_fpga_0  {rise@0.000ns fall@10.000ns period=20.000ns})
  Destination:            design_1_i/ps7_0_axi_periph/s00_couplers/auto_pc/inst/gen_axilite.gen_b2s_conv.axilite_b2s/SI_REG/b.b_pipe/skid_buffer_reg[6]/CE
                            (rising edge-triggered cell FDRE clocked by clk_fpga_0  {rise@0.000ns fall@10.000ns period=20.000ns})
  Path Group:             clk_fpga_0
  Path Type:              Hold (Min at Fast Process Corner)
  Requirement:            0.000ns  (clk_fpga_0 rise@0.000ns - clk_fpga_0 rise@0.000ns)
  Data Path Delay:        0.318ns  (logic 0.141ns (44.336%)  route 0.177ns (55.665%))
  Logic Levels:           0  
  Clock Path Skew:        0.263ns (DCD - SCD - CPR)
    Destination Clock Delay (DCD):    1.799ns
    Source Clock Delay      (SCD):    1.418ns
    Clock Pessimism Removal (CPR):    0.118ns

    Location             Delay type                Incr(ns)  Path(ns)    Netlist Resource(s)
  -------------------------------------------------------------------    -------------------
                         (clock clk_fpga_0 rise edge)
                                                      0.000     0.000 r  
    PS7_X0Y0             PS7                          0.000     0.000 r  design_1_i/processing_system7_0/inst/PS7_i/FCLKCLK[0]
                         net (fo=1, routed)           0.804     0.804    design_1_i/processing_system7_0/inst/FCLK_CLK_unbuffered[0]
    BUFGCTRL_X0Y16       BUFG (Prop_bufg_I_O)         0.026     0.830 r  design_1_i/processing_system7_0/inst/buffer_fclk_clk_0.FCLK_CLK_0_BUFG/O
                         net (fo=883, routed)         0.588     1.418    design_1_i/ps7_0_axi_periph/s00_couplers/auto_pc/inst/gen_axilite.gen_b2s_conv.axilite_b2s/SI_REG/b.b_pipe/aclk
    SLICE_X2Y48          FDRE                                         r  design_1_i/ps7_0_axi_periph/s00_couplers/auto_pc/inst/gen_axilite.gen_b2s_conv.axilite_b2s/SI_REG/b.b_pipe/s_ready_i_reg/C
  -------------------------------------------------------------------    -------------------
    SLICE_X2Y48          FDRE (Prop_fdre_C_Q)         0.141     1.559 r  design_1_i/ps7_0_axi_periph/s00_couplers/auto_pc/inst/gen_axilite.gen_b2s_conv.axilite_b2s/SI_REG/b.b_pipe/s_ready_i_reg/Q
                         net (fo=32, routed)          0.177     1.736    design_1_i/ps7_0_axi_periph/s00_couplers/auto_pc/inst/gen_axilite.gen_b2s_conv.axilite_b2s/SI_REG/b.b_pipe/s_ready_i_reg_0
    SLICE_X3Y50          FDRE                                         r  design_1_i/ps7_0_axi_periph/s00_couplers/auto_pc/inst/gen_axilite.gen_b2s_conv.axilite_b2s/SI_REG/b.b_pipe/skid_buffer_reg[6]/CE
  -------------------------------------------------------------------    -------------------

                         (clock clk_fpga_0 rise edge)
                                                      0.000     0.000 r  
    PS7_X0Y0             PS7                          0.000     0.000 r  design_1_i/processing_system7_0/inst/PS7_i/FCLKCLK[0]
                         net (fo=1, routed)           0.919     0.919    design_1_i/processing_system7_0/inst/FCLK_CLK_unbuffered[0]
    BUFGCTRL_X0Y16       BUFG (Prop_bufg_I_O)         0.029     0.948 r  design_1_i/processing_system7_0/inst/buffer_fclk_clk_0.FCLK_CLK_0_BUFG/O
                         net (fo=883, routed)         0.851     1.799    design_1_i/ps7_0_axi_periph/s00_couplers/auto_pc/inst/gen_axilite.gen_b2s_conv.axilite_b2s/SI_REG/b.b_pipe/aclk
    SLICE_X3Y50          FDRE                                         r  design_1_i/ps7_0_axi_periph/s00_couplers/auto_pc/inst/gen_axilite.gen_b2s_conv.axilite_b2s/SI_REG/b.b_pipe/skid_buffer_reg[6]/C
                         clock pessimism             -0.118     1.681    
    SLICE_X3Y50          FDRE (Hold_fdre_C_CE)       -0.039     1.642    design_1_i/ps7_0_axi_periph/s00_couplers/auto_pc/inst/gen_axilite.gen_b2s_conv.axilite_b2s/SI_REG/b.b_pipe/skid_buffer_reg[6]
  -------------------------------------------------------------------
                         required time                         -1.642    
                         arrival time                           1.736    
  -------------------------------------------------------------------
                         slack                                  0.094    

Slack (MET) :             0.094ns  (arrival time - required time)
  Source:                 design_1_i/ps7_0_axi_periph/s00_couplers/auto_pc/inst/gen_axilite.gen_b2s_conv.axilite_b2s/SI_REG/b.b_pipe/s_ready_i_reg/C
                            (rising edge-triggered cell FDRE clocked by clk_fpga_0  {rise@0.000ns fall@10.000ns period=20.000ns})
  Destination:            design_1_i/ps7_0_axi_periph/s00_couplers/auto_pc/inst/gen_axilite.gen_b2s_conv.axilite_b2s/SI_REG/b.b_pipe/skid_buffer_reg[7]/CE
                            (rising edge-triggered cell FDRE clocked by clk_fpga_0  {rise@0.000ns fall@10.000ns period=20.000ns})
  Path Group:             clk_fpga_0
  Path Type:              Hold (Min at Fast Process Corner)
  Requirement:            0.000ns  (clk_fpga_0 rise@0.000ns - clk_fpga_0 rise@0.000ns)
  Data Path Delay:        0.318ns  (logic 0.141ns (44.336%)  route 0.177ns (55.665%))
  Logic Levels:           0  
  Clock Path Skew:        0.263ns (DCD - SCD - CPR)
    Destination Clock Delay (DCD):    1.799ns
    Source Clock Delay      (SCD):    1.418ns
    Clock Pessimism Removal (CPR):    0.118ns

    Location             Delay type                Incr(ns)  Path(ns)    Netlist Resource(s)
  -------------------------------------------------------------------    -------------------
                         (clock clk_fpga_0 rise edge)
                                                      0.000     0.000 r  
    PS7_X0Y0             PS7                          0.000     0.000 r  design_1_i/processing_system7_0/inst/PS7_i/FCLKCLK[0]
                         net (fo=1, routed)           0.804     0.804    design_1_i/processing_system7_0/inst/FCLK_CLK_unbuffered[0]
    BUFGCTRL_X0Y16       BUFG (Prop_bufg_I_O)         0.026     0.830 r  design_1_i/processing_system7_0/inst/buffer_fclk_clk_0.FCLK_CLK_0_BUFG/O
                         net (fo=883, routed)         0.588     1.418    design_1_i/ps7_0_axi_periph/s00_couplers/auto_pc/inst/gen_axilite.gen_b2s_conv.axilite_b2s/SI_REG/b.b_pipe/aclk
    SLICE_X2Y48          FDRE                                         r  design_1_i/ps7_0_axi_periph/s00_couplers/auto_pc/inst/gen_axilite.gen_b2s_conv.axilite_b2s/SI_REG/b.b_pipe/s_ready_i_reg/C
  -------------------------------------------------------------------    -------------------
    SLICE_X2Y48          FDRE (Prop_fdre_C_Q)         0.141     1.559 r  design_1_i/ps7_0_axi_periph/s00_couplers/auto_pc/inst/gen_axilite.gen_b2s_conv.axilite_b2s/SI_REG/b.b_pipe/s_ready_i_reg/Q
                         net (fo=32, routed)          0.177     1.736    design_1_i/ps7_0_axi_periph/s00_couplers/auto_pc/inst/gen_axilite.gen_b2s_conv.axilite_b2s/SI_REG/b.b_pipe/s_ready_i_reg_0
    SLICE_X3Y50          FDRE                                         r  design_1_i/ps7_0_axi_periph/s00_couplers/auto_pc/inst/gen_axilite.gen_b2s_conv.axilite_b2s/SI_REG/b.b_pipe/skid_buffer_reg[7]/CE
  -------------------------------------------------------------------    -------------------

                         (clock clk_fpga_0 rise edge)
                                                      0.000     0.000 r  
    PS7_X0Y0             PS7                          0.000     0.000 r  design_1_i/processing_system7_0/inst/PS7_i/FCLKCLK[0]
                         net (fo=1, routed)           0.919     0.919    design_1_i/processing_system7_0/inst/FCLK_CLK_unbuffered[0]
    BUFGCTRL_X0Y16       BUFG (Prop_bufg_I_O)         0.029     0.948 r  design_1_i/processing_system7_0/inst/buffer_fclk_clk_0.FCLK_CLK_0_BUFG/O
                         net (fo=883, routed)         0.851     1.799    design_1_i/ps7_0_axi_periph/s00_couplers/auto_pc/inst/gen_axilite.gen_b2s_conv.axilite_b2s/SI_REG/b.b_pipe/aclk
    SLICE_X3Y50          FDRE                                         r  design_1_i/ps7_0_axi_periph/s00_couplers/auto_pc/inst/gen_axilite.gen_b2s_conv.axilite_b2s/SI_REG/b.b_pipe/skid_buffer_reg[7]/C
                         clock pessimism             -0.118     1.681    
    SLICE_X3Y50          FDRE (Hold_fdre_C_CE)       -0.039     1.642    design_1_i/ps7_0_axi_periph/s00_couplers/auto_pc/inst/gen_axilite.gen_b2s_conv.axilite_b2s/SI_REG/b.b_pipe/skid_buffer_reg[7]
  -------------------------------------------------------------------
                         required time                         -1.642    
                         arrival time                           1.736    
  -------------------------------------------------------------------
                         slack                                  0.094    

Slack (MET) :             0.094ns  (arrival time - required time)
  Source:                 design_1_i/ps7_0_axi_periph/s00_couplers/auto_pc/inst/gen_axilite.gen_b2s_conv.axilite_b2s/SI_REG/b.b_pipe/s_ready_i_reg/C
                            (rising edge-triggered cell FDRE clocked by clk_fpga_0  {rise@0.000ns fall@10.000ns period=20.000ns})
  Destination:            design_1_i/ps7_0_axi_periph/s00_couplers/auto_pc/inst/gen_axilite.gen_b2s_conv.axilite_b2s/SI_REG/b.b_pipe/skid_buffer_reg[8]/CE
                            (rising edge-triggered cell FDRE clocked by clk_fpga_0  {rise@0.000ns fall@10.000ns period=20.000ns})
  Path Group:             clk_fpga_0
  Path Type:              Hold (Min at Fast Process Corner)
  Requirement:            0.000ns  (clk_fpga_0 rise@0.000ns - clk_fpga_0 rise@0.000ns)
  Data Path Delay:        0.318ns  (logic 0.141ns (44.336%)  route 0.177ns (55.665%))
  Logic Levels:           0  
  Clock Path Skew:        0.263ns (DCD - SCD - CPR)
    Destination Clock Delay (DCD):    1.799ns
    Source Clock Delay      (SCD):    1.418ns
    Clock Pessimism Removal (CPR):    0.118ns

    Location             Delay type                Incr(ns)  Path(ns)    Netlist Resource(s)
  -------------------------------------------------------------------    -------------------
                         (clock clk_fpga_0 rise edge)
                                                      0.000     0.000 r  
    PS7_X0Y0             PS7                          0.000     0.000 r  design_1_i/processing_system7_0/inst/PS7_i/FCLKCLK[0]
                         net (fo=1, routed)           0.804     0.804    design_1_i/processing_system7_0/inst/FCLK_CLK_unbuffered[0]
    BUFGCTRL_X0Y16       BUFG (Prop_bufg_I_O)         0.026     0.830 r  design_1_i/processing_system7_0/inst/buffer_fclk_clk_0.FCLK_CLK_0_BUFG/O
                         net (fo=883, routed)         0.588     1.418    design_1_i/ps7_0_axi_periph/s00_couplers/auto_pc/inst/gen_axilite.gen_b2s_conv.axilite_b2s/SI_REG/b.b_pipe/aclk
    SLICE_X2Y48          FDRE                                         r  design_1_i/ps7_0_axi_periph/s00_couplers/auto_pc/inst/gen_axilite.gen_b2s_conv.axilite_b2s/SI_REG/b.b_pipe/s_ready_i_reg/C
  -------------------------------------------------------------------    -------------------
    SLICE_X2Y48          FDRE (Prop_fdre_C_Q)         0.141     1.559 r  design_1_i/ps7_0_axi_periph/s00_couplers/auto_pc/inst/gen_axilite.gen_b2s_conv.axilite_b2s/SI_REG/b.b_pipe/s_ready_i_reg/Q
                         net (fo=32, routed)          0.177     1.736    design_1_i/ps7_0_axi_periph/s00_couplers/auto_pc/inst/gen_axilite.gen_b2s_conv.axilite_b2s/SI_REG/b.b_pipe/s_ready_i_reg_0
    SLICE_X3Y50          FDRE                                         r  design_1_i/ps7_0_axi_periph/s00_couplers/auto_pc/inst/gen_axilite.gen_b2s_conv.axilite_b2s/SI_REG/b.b_pipe/skid_buffer_reg[8]/CE
  -------------------------------------------------------------------    -------------------

                         (clock clk_fpga_0 rise edge)
                                                      0.000     0.000 r  
    PS7_X0Y0             PS7                          0.000     0.000 r  design_1_i/processing_system7_0/inst/PS7_i/FCLKCLK[0]
                         net (fo=1, routed)           0.919     0.919    design_1_i/processing_system7_0/inst/FCLK_CLK_unbuffered[0]
    BUFGCTRL_X0Y16       BUFG (Prop_bufg_I_O)         0.029     0.948 r  design_1_i/processing_system7_0/inst/buffer_fclk_clk_0.FCLK_CLK_0_BUFG/O
                         net (fo=883, routed)         0.851     1.799    design_1_i/ps7_0_axi_periph/s00_couplers/auto_pc/inst/gen_axilite.gen_b2s_conv.axilite_b2s/SI_REG/b.b_pipe/aclk
    SLICE_X3Y50          FDRE                                         r  design_1_i/ps7_0_axi_periph/s00_couplers/auto_pc/inst/gen_axilite.gen_b2s_conv.axilite_b2s/SI_REG/b.b_pipe/skid_buffer_reg[8]/C
                         clock pessimism             -0.118     1.681    
    SLICE_X3Y50          FDRE (Hold_fdre_C_CE)       -0.039     1.642    design_1_i/ps7_0_axi_periph/s00_couplers/auto_pc/inst/gen_axilite.gen_b2s_conv.axilite_b2s/SI_REG/b.b_pipe/skid_buffer_reg[8]
  -------------------------------------------------------------------
                         required time                         -1.642    
                         arrival time                           1.736    
  -------------------------------------------------------------------
                         slack                                  0.094    





Pulse Width Checks
--------------------------------------------------------------------------------------
Clock Name:         clk_fpga_0
Waveform(ns):       { 0.000 10.000 }
Period(ns):         20.000
Sources:            { design_1_i/processing_system7_0/inst/PS7_i/FCLKCLK[0] }

Check Type        Corner  Lib Pin      Reference Pin  Required(ns)  Actual(ns)  Slack(ns)  Location        Pin
Min Period        n/a     BUFG/I       n/a            2.155         20.000      17.845     BUFGCTRL_X0Y16  design_1_i/processing_system7_0/inst/buffer_fclk_clk_0.FCLK_CLK_0_BUFG/I
Min Period        n/a     FDRE/C       n/a            1.000         20.000      19.000     SLICE_X5Y48     design_1_i/axi_gpio_0/U0/ip2bus_data_i_D1_reg[0]/C
Min Period        n/a     FDRE/C       n/a            1.000         20.000      19.000     SLICE_X7Y46     design_1_i/axi_gpio_0/U0/ip2bus_data_i_D1_reg[10]/C
Min Period        n/a     FDRE/C       n/a            1.000         20.000      19.000     SLICE_X9Y45     design_1_i/axi_gpio_0/U0/ip2bus_data_i_D1_reg[11]/C
Min Period        n/a     FDRE/C       n/a            1.000         20.000      19.000     SLICE_X6Y44     design_1_i/axi_gpio_0/U0/ip2bus_data_i_D1_reg[12]/C
Min Period        n/a     FDRE/C       n/a            1.000         20.000      19.000     SLICE_X9Y45     design_1_i/axi_gpio_0/U0/ip2bus_data_i_D1_reg[13]/C
Min Period        n/a     FDRE/C       n/a            1.000         20.000      19.000     SLICE_X8Y40     design_1_i/axi_gpio_0/U0/ip2bus_data_i_D1_reg[14]/C
Min Period        n/a     FDRE/C       n/a            1.000         20.000      19.000     SLICE_X8Y40     design_1_i/axi_gpio_0/U0/ip2bus_data_i_D1_reg[15]/C
Min Period        n/a     FDRE/C       n/a            1.000         20.000      19.000     SLICE_X6Y43     design_1_i/axi_gpio_0/U0/ip2bus_data_i_D1_reg[16]/C
Min Period        n/a     FDRE/C       n/a            1.000         20.000      19.000     SLICE_X9Y45     design_1_i/axi_gpio_0/U0/ip2bus_data_i_D1_reg[17]/C
Low Pulse Width   Slow    SRLC32E/CLK  n/a            0.980         10.000      9.020      SLICE_X4Y40     design_1_i/ps7_0_axi_periph/s00_couplers/auto_pc/inst/gen_axilite.gen_b2s_conv.axilite_b2s/RD.r_channel_0/rd_data_fifo_0/memory_reg[31][0]_srl32/CLK
Low Pulse Width   Fast    SRLC32E/CLK  n/a            0.980         10.000      9.020      SLICE_X4Y40     design_1_i/ps7_0_axi_periph/s00_couplers/auto_pc/inst/gen_axilite.gen_b2s_conv.axilite_b2s/RD.r_channel_0/rd_data_fifo_0/memory_reg[31][0]_srl32/CLK
Low Pulse Width   Slow    SRLC32E/CLK  n/a            0.980         10.000      9.020      SLICE_X0Y41     design_1_i/ps7_0_axi_periph/s00_couplers/auto_pc/inst/gen_axilite.gen_b2s_conv.axilite_b2s/RD.r_channel_0/rd_data_fifo_0/memory_reg[31][10]_srl32/CLK
Low Pulse Width   Fast    SRLC32E/CLK  n/a            0.980         10.000      9.020      SLICE_X0Y41     design_1_i/ps7_0_axi_periph/s00_couplers/auto_pc/inst/gen_axilite.gen_b2s_conv.axilite_b2s/RD.r_channel_0/rd_data_fifo_0/memory_reg[31][10]_srl32/CLK
Low Pulse Width   Slow    SRLC32E/CLK  n/a            0.980         10.000      9.020      SLICE_X6Y41     design_1_i/ps7_0_axi_periph/s00_couplers/auto_pc/inst/gen_axilite.gen_b2s_conv.axilite_b2s/RD.r_channel_0/rd_data_fifo_0/memory_reg[31][11]_srl32/CLK
Low Pulse Width   Fast    SRLC32E/CLK  n/a            0.980         10.000      9.020      SLICE_X6Y41     design_1_i/ps7_0_axi_periph/s00_couplers/auto_pc/inst/gen_axilite.gen_b2s_conv.axilite_b2s/RD.r_channel_0/rd_data_fifo_0/memory_reg[31][11]_srl32/CLK
Low Pulse Width   Slow    SRLC32E/CLK  n/a            0.980         10.000      9.020      SLICE_X6Y41     design_1_i/ps7_0_axi_periph/s00_couplers/auto_pc/inst/gen_axilite.gen_b2s_conv.axilite_b2s/RD.r_channel_0/rd_data_fifo_0/memory_reg[31][12]_srl32/CLK
Low Pulse Width   Fast    SRLC32E/CLK  n/a            0.980         10.000      9.020      SLICE_X6Y41     design_1_i/ps7_0_axi_periph/s00_couplers/auto_pc/inst/gen_axilite.gen_b2s_conv.axilite_b2s/RD.r_channel_0/rd_data_fifo_0/memory_reg[31][12]_srl32/CLK
Low Pulse Width   Slow    SRLC32E/CLK  n/a            0.980         10.000      9.020      SLICE_X6Y42     design_1_i/ps7_0_axi_periph/s00_couplers/auto_pc/inst/gen_axilite.gen_b2s_conv.axilite_b2s/RD.r_channel_0/rd_data_fifo_0/memory_reg[31][13]_srl32/CLK
Low Pulse Width   Fast    SRLC32E/CLK  n/a            0.980         10.000      9.020      SLICE_X6Y42     design_1_i/ps7_0_axi_periph/s00_couplers/auto_pc/inst/gen_axilite.gen_b2s_conv.axilite_b2s/RD.r_channel_0/rd_data_fifo_0/memory_reg[31][13]_srl32/CLK
High Pulse Width  Slow    SRLC32E/CLK  n/a            0.980         10.000      9.020      SLICE_X4Y40     design_1_i/ps7_0_axi_periph/s00_couplers/auto_pc/inst/gen_axilite.gen_b2s_conv.axilite_b2s/RD.r_channel_0/rd_data_fifo_0/memory_reg[31][0]_srl32/CLK
High Pulse Width  Fast    SRLC32E/CLK  n/a            0.980         10.000      9.020      SLICE_X4Y40     design_1_i/ps7_0_axi_periph/s00_couplers/auto_pc/inst/gen_axilite.gen_b2s_conv.axilite_b2s/RD.r_channel_0/rd_data_fifo_0/memory_reg[31][0]_srl32/CLK
High Pulse Width  Slow    SRLC32E/CLK  n/a            0.980         10.000      9.020      SLICE_X0Y41     design_1_i/ps7_0_axi_periph/s00_couplers/auto_pc/inst/gen_axilite.gen_b2s_conv.axilite_b2s/RD.r_channel_0/rd_data_fifo_0/memory_reg[31][10]_srl32/CLK
High Pulse Width  Fast    SRLC32E/CLK  n/a            0.980         10.000      9.020      SLICE_X0Y41     design_1_i/ps7_0_axi_periph/s00_couplers/auto_pc/inst/gen_axilite.gen_b2s_conv.axilite_b2s/RD.r_channel_0/rd_data_fifo_0/memory_reg[31][10]_srl32/CLK
High Pulse Width  Slow    SRLC32E/CLK  n/a            0.980         10.000      9.020      SLICE_X6Y41     design_1_i/ps7_0_axi_periph/s00_couplers/auto_pc/inst/gen_axilite.gen_b2s_conv.axilite_b2s/RD.r_channel_0/rd_data_fifo_0/memory_reg[31][11]_srl32/CLK
High Pulse Width  Fast    SRLC32E/CLK  n/a            0.980         10.000      9.020      SLICE_X6Y41     design_1_i/ps7_0_axi_periph/s00_couplers/auto_pc/inst/gen_axilite.gen_b2s_conv.axilite_b2s/RD.r_channel_0/rd_data_fifo_0/memory_reg[31][11]_srl32/CLK
High Pulse Width  Slow    SRLC32E/CLK  n/a            0.980         10.000      9.020      SLICE_X6Y41     design_1_i/ps7_0_axi_periph/s00_couplers/auto_pc/inst/gen_axilite.gen_b2s_conv.axilite_b2s/RD.r_channel_0/rd_data_fifo_0/memory_reg[31][12]_srl32/CLK
High Pulse Width  Fast    SRLC32E/CLK  n/a            0.980         10.000      9.020      SLICE_X6Y41     design_1_i/ps7_0_axi_periph/s00_couplers/auto_pc/inst/gen_axilite.gen_b2s_conv.axilite_b2s/RD.r_channel_0/rd_data_fifo_0/memory_reg[31][12]_srl32/CLK
High Pulse Width  Slow    SRLC32E/CLK  n/a            0.980         10.000      9.020      SLICE_X6Y42     design_1_i/ps7_0_axi_periph/s00_couplers/auto_pc/inst/gen_axilite.gen_b2s_conv.axilite_b2s/RD.r_channel_0/rd_data_fifo_0/memory_reg[31][13]_srl32/CLK
High Pulse Width  Fast    SRLC32E/CLK  n/a            0.980         10.000      9.020      SLICE_X6Y42     design_1_i/ps7_0_axi_periph/s00_couplers/auto_pc/inst/gen_axilite.gen_b2s_conv.axilite_b2s/RD.r_channel_0/rd_data_fifo_0/memory_reg[31][13]_srl32/CLK



---------------------------------------------------------------------------------------------------
From Clock:  design_1_i/clk_wiz_0/inst/clk_in1
  To Clock:  design_1_i/clk_wiz_0/inst/clk_in1

Setup :           NA  Failing Endpoints,  Worst Slack           NA  ,  Total Violation           NA
Hold  :           NA  Failing Endpoints,  Worst Slack           NA  ,  Total Violation           NA
PW    :            0  Failing Endpoints,  Worst Slack        7.000ns,  Total Violation        0.000ns
---------------------------------------------------------------------------------------------------


Pulse Width Checks
--------------------------------------------------------------------------------------
Clock Name:         design_1_i/clk_wiz_0/inst/clk_in1
Waveform(ns):       { 0.000 10.000 }
Period(ns):         20.000
Sources:            { design_1_i/clk_wiz_0/inst/clk_in1 }

Check Type        Corner  Lib Pin            Reference Pin  Required(ns)  Actual(ns)  Slack(ns)  Location         Pin
Min Period        n/a     MMCME2_ADV/CLKIN1  n/a            1.249         20.000      18.751     MMCME2_ADV_X0Y0  design_1_i/clk_wiz_0/inst/mmcm_adv_inst/CLKIN1
Max Period        n/a     MMCME2_ADV/CLKIN1  n/a            100.000       20.000      80.000     MMCME2_ADV_X0Y0  design_1_i/clk_wiz_0/inst/mmcm_adv_inst/CLKIN1
Low Pulse Width   Slow    MMCME2_ADV/CLKIN1  n/a            3.000         10.000      7.000      MMCME2_ADV_X0Y0  design_1_i/clk_wiz_0/inst/mmcm_adv_inst/CLKIN1
Low Pulse Width   Fast    MMCME2_ADV/CLKIN1  n/a            3.000         10.000      7.000      MMCME2_ADV_X0Y0  design_1_i/clk_wiz_0/inst/mmcm_adv_inst/CLKIN1
High Pulse Width  Slow    MMCME2_ADV/CLKIN1  n/a            3.000         10.000      7.000      MMCME2_ADV_X0Y0  design_1_i/clk_wiz_0/inst/mmcm_adv_inst/CLKIN1
High Pulse Width  Fast    MMCME2_ADV/CLKIN1  n/a            3.000         10.000      7.000      MMCME2_ADV_X0Y0  design_1_i/clk_wiz_0/inst/mmcm_adv_inst/CLKIN1



---------------------------------------------------------------------------------------------------
From Clock:  clk_out100_design_1_clk_wiz_0_0
  To Clock:  clk_out100_design_1_clk_wiz_0_0

Setup :            0  Failing Endpoints,  Worst Slack        6.138ns,  Total Violation        0.000ns
Hold  :            0  Failing Endpoints,  Worst Slack        0.227ns,  Total Violation        0.000ns
PW    :            0  Failing Endpoints,  Worst Slack        4.500ns,  Total Violation        0.000ns
---------------------------------------------------------------------------------------------------


Max Delay Paths
--------------------------------------------------------------------------------------
Slack (MET) :             6.138ns  (required time - arrival time)
  Source:                 design_1_i/game_clock_0/U0/counter_reg[1]/C
                            (rising edge-triggered cell FDCE clocked by clk_out100_design_1_clk_wiz_0_0  {rise@0.000ns fall@5.000ns period=10.000ns})
  Destination:            design_1_i/game_clock_0/U0/counter_reg[22]/D
                            (rising edge-triggered cell FDCE clocked by clk_out100_design_1_clk_wiz_0_0  {rise@0.000ns fall@5.000ns period=10.000ns})
  Path Group:             clk_out100_design_1_clk_wiz_0_0
  Path Type:              Setup (Max at Slow Process Corner)
  Requirement:            10.000ns  (clk_out100_design_1_clk_wiz_0_0 rise@10.000ns - clk_out100_design_1_clk_wiz_0_0 rise@0.000ns)
  Data Path Delay:        3.786ns  (logic 2.343ns (61.893%)  route 1.443ns (38.107%))
  Logic Levels:           7  (CARRY4=6 LUT2=1)
  Clock Path Skew:        -0.069ns (DCD - SCD + CPR)
    Destination Clock Delay (DCD):    1.504ns = ( 11.504 - 10.000 ) 
    Source Clock Delay      (SCD):    1.678ns
    Clock Pessimism Removal (CPR):    0.105ns
  Clock Uncertainty:      0.088ns  ((TSJ^2 + DJ^2)^1/2) / 2 + PE
    Total System Jitter     (TSJ):    0.071ns
    Discrete Jitter          (DJ):    0.162ns
    Phase Error              (PE):    0.000ns

    Location             Delay type                Incr(ns)  Path(ns)    Netlist Resource(s)
  -------------------------------------------------------------------    -------------------
                         (clock clk_out100_design_1_clk_wiz_0_0 rise edge)
                                                      0.000     0.000 r  
    BUFGCTRL_X0Y16       BUFG                         0.000     0.000 r  design_1_i/processing_system7_0/inst/buffer_fclk_clk_0.FCLK_CLK_0_BUFG/O
                         net (fo=883, routed)         1.680     1.680    design_1_i/clk_wiz_0/inst/clk_in1
    MMCME2_ADV_X0Y0      MMCME2_ADV (Prop_mmcme2_adv_CLKIN1_CLKOUT2)
                                                     -3.538    -1.858 r  design_1_i/clk_wiz_0/inst/mmcm_adv_inst/CLKOUT2
                         net (fo=1, routed)           1.760    -0.098    design_1_i/clk_wiz_0/inst/clk_out100_design_1_clk_wiz_0_0
    BUFGCTRL_X0Y2        BUFG (Prop_bufg_I_O)         0.101     0.003 r  design_1_i/clk_wiz_0/inst/clkout3_buf/O
                         net (fo=62, routed)          1.675     1.678    design_1_i/game_clock_0/U0/clk_100mhz
    SLICE_X15Y42         FDCE                                         r  design_1_i/game_clock_0/U0/counter_reg[1]/C
  -------------------------------------------------------------------    -------------------
    SLICE_X15Y42         FDCE (Prop_fdce_C_Q)         0.419     2.097 r  design_1_i/game_clock_0/U0/counter_reg[1]/Q
                         net (fo=2, routed)           0.597     2.694    design_1_i/game_clock_0/U0/counter[1]
    SLICE_X17Y42         CARRY4 (Prop_carry4_S[0]_CO[3])
                                                      0.831     3.525 r  design_1_i/game_clock_0/U0/counter0_carry/CO[3]
                         net (fo=1, routed)           0.000     3.525    design_1_i/game_clock_0/U0/counter0_carry_n_0
    SLICE_X17Y43         CARRY4 (Prop_carry4_CI_CO[3])
                                                      0.114     3.639 r  design_1_i/game_clock_0/U0/counter0_carry__0/CO[3]
                         net (fo=1, routed)           0.000     3.639    design_1_i/game_clock_0/U0/counter0_carry__0_n_0
    SLICE_X17Y44         CARRY4 (Prop_carry4_CI_CO[3])
                                                      0.114     3.753 r  design_1_i/game_clock_0/U0/counter0_carry__1/CO[3]
                         net (fo=1, routed)           0.000     3.753    design_1_i/game_clock_0/U0/counter0_carry__1_n_0
    SLICE_X17Y45         CARRY4 (Prop_carry4_CI_CO[3])
                                                      0.114     3.867 r  design_1_i/game_clock_0/U0/counter0_carry__2/CO[3]
                         net (fo=1, routed)           0.000     3.867    design_1_i/game_clock_0/U0/counter0_carry__2_n_0
    SLICE_X17Y46         CARRY4 (Prop_carry4_CI_CO[3])
                                                      0.114     3.981 r  design_1_i/game_clock_0/U0/counter0_carry__3/CO[3]
                         net (fo=1, routed)           0.000     3.981    design_1_i/game_clock_0/U0/counter0_carry__3_n_0
    SLICE_X17Y47         CARRY4 (Prop_carry4_CI_O[1])
                                                      0.334     4.315 r  design_1_i/game_clock_0/U0/counter0_carry__4/O[1]
                         net (fo=1, routed)           0.846     5.161    design_1_i/game_clock_0/U0/data0[22]
    SLICE_X16Y47         LUT2 (Prop_lut2_I1_O)        0.303     5.464 r  design_1_i/game_clock_0/U0/counter[22]_i_1/O
                         net (fo=1, routed)           0.000     5.464    design_1_i/game_clock_0/U0/counter_0[22]
    SLICE_X16Y47         FDCE                                         r  design_1_i/game_clock_0/U0/counter_reg[22]/D
  -------------------------------------------------------------------    -------------------

                         (clock clk_out100_design_1_clk_wiz_0_0 rise edge)
                                                     10.000    10.000 r  
    BUFGCTRL_X0Y16       BUFG                         0.000    10.000 r  design_1_i/processing_system7_0/inst/buffer_fclk_clk_0.FCLK_CLK_0_BUFG/O
                         net (fo=883, routed)         1.490    11.490    design_1_i/clk_wiz_0/inst/clk_in1
    MMCME2_ADV_X0Y0      MMCME2_ADV (Prop_mmcme2_adv_CLKIN1_CLKOUT2)
                                                     -3.177     8.313 r  design_1_i/clk_wiz_0/inst/mmcm_adv_inst/CLKOUT2
                         net (fo=1, routed)           1.599     9.912    design_1_i/clk_wiz_0/inst/clk_out100_design_1_clk_wiz_0_0
    BUFGCTRL_X0Y2        BUFG (Prop_bufg_I_O)         0.091    10.003 r  design_1_i/clk_wiz_0/inst/clkout3_buf/O
                         net (fo=62, routed)          1.501    11.504    design_1_i/game_clock_0/U0/clk_100mhz
    SLICE_X16Y47         FDCE                                         r  design_1_i/game_clock_0/U0/counter_reg[22]/C
                         clock pessimism              0.105    11.609    
                         clock uncertainty           -0.088    11.521    
    SLICE_X16Y47         FDCE (Setup_fdce_C_D)        0.081    11.602    design_1_i/game_clock_0/U0/counter_reg[22]
  -------------------------------------------------------------------
                         required time                         11.602    
                         arrival time                          -5.464    
  -------------------------------------------------------------------
                         slack                                  6.138    

Slack (MET) :             6.221ns  (required time - arrival time)
  Source:                 design_1_i/game_clock_0/U0/counter_reg[9]/C
                            (rising edge-triggered cell FDCE clocked by clk_out100_design_1_clk_wiz_0_0  {rise@0.000ns fall@5.000ns period=10.000ns})
  Destination:            design_1_i/game_clock_0/U0/clk_state_reg/D
                            (rising edge-triggered cell FDCE clocked by clk_out100_design_1_clk_wiz_0_0  {rise@0.000ns fall@5.000ns period=10.000ns})
  Path Group:             clk_out100_design_1_clk_wiz_0_0
  Path Type:              Setup (Max at Slow Process Corner)
  Requirement:            10.000ns  (clk_out100_design_1_clk_wiz_0_0 rise@10.000ns - clk_out100_design_1_clk_wiz_0_0 rise@0.000ns)
  Data Path Delay:        3.650ns  (logic 1.027ns (28.135%)  route 2.623ns (71.865%))
  Logic Levels:           3  (LUT2=1 LUT4=1 LUT6=1)
  Clock Path Skew:        -0.069ns (DCD - SCD + CPR)
    Destination Clock Delay (DCD):    1.503ns = ( 11.503 - 10.000 ) 
    Source Clock Delay      (SCD):    1.677ns
    Clock Pessimism Removal (CPR):    0.105ns
  Clock Uncertainty:      0.088ns  ((TSJ^2 + DJ^2)^1/2) / 2 + PE
    Total System Jitter     (TSJ):    0.071ns
    Discrete Jitter          (DJ):    0.162ns
    Phase Error              (PE):    0.000ns

    Location             Delay type                Incr(ns)  Path(ns)    Netlist Resource(s)
  -------------------------------------------------------------------    -------------------
                         (clock clk_out100_design_1_clk_wiz_0_0 rise edge)
                                                      0.000     0.000 r  
    BUFGCTRL_X0Y16       BUFG                         0.000     0.000 r  design_1_i/processing_system7_0/inst/buffer_fclk_clk_0.FCLK_CLK_0_BUFG/O
                         net (fo=883, routed)         1.680     1.680    design_1_i/clk_wiz_0/inst/clk_in1
    MMCME2_ADV_X0Y0      MMCME2_ADV (Prop_mmcme2_adv_CLKIN1_CLKOUT2)
                                                     -3.538    -1.858 r  design_1_i/clk_wiz_0/inst/mmcm_adv_inst/CLKOUT2
                         net (fo=1, routed)           1.760    -0.098    design_1_i/clk_wiz_0/inst/clk_out100_design_1_clk_wiz_0_0
    BUFGCTRL_X0Y2        BUFG (Prop_bufg_I_O)         0.101     0.003 r  design_1_i/clk_wiz_0/inst/clkout3_buf/O
                         net (fo=62, routed)          1.674     1.677    design_1_i/game_clock_0/U0/clk_100mhz
    SLICE_X16Y44         FDCE                                         r  design_1_i/game_clock_0/U0/counter_reg[9]/C
  -------------------------------------------------------------------    -------------------
    SLICE_X16Y44         FDCE (Prop_fdce_C_Q)         0.478     2.155 f  design_1_i/game_clock_0/U0/counter_reg[9]/Q
                         net (fo=2, routed)           0.873     3.028    design_1_i/game_clock_0/U0/counter[9]
    SLICE_X16Y44         LUT4 (Prop_lut4_I0_O)        0.301     3.329 r  design_1_i/game_clock_0/U0/clk_state_i_5/O
                         net (fo=1, routed)           0.982     4.311    design_1_i/game_clock_0/U0/clk_state_i_5_n_0
    SLICE_X16Y44         LUT6 (Prop_lut6_I2_O)        0.124     4.435 r  design_1_i/game_clock_0/U0/clk_state_i_2/O
                         net (fo=24, routed)          0.768     5.203    design_1_i/game_clock_0/U0/clk_state_i_2_n_0
    SLICE_X15Y42         LUT2 (Prop_lut2_I0_O)        0.124     5.327 r  design_1_i/game_clock_0/U0/clk_state_i_1/O
                         net (fo=1, routed)           0.000     5.327    design_1_i/game_clock_0/U0/clk_state_i_1_n_0
    SLICE_X15Y42         FDCE                                         r  design_1_i/game_clock_0/U0/clk_state_reg/D
  -------------------------------------------------------------------    -------------------

                         (clock clk_out100_design_1_clk_wiz_0_0 rise edge)
                                                     10.000    10.000 r  
    BUFGCTRL_X0Y16       BUFG                         0.000    10.000 r  design_1_i/processing_system7_0/inst/buffer_fclk_clk_0.FCLK_CLK_0_BUFG/O
                         net (fo=883, routed)         1.490    11.490    design_1_i/clk_wiz_0/inst/clk_in1
    MMCME2_ADV_X0Y0      MMCME2_ADV (Prop_mmcme2_adv_CLKIN1_CLKOUT2)
                                                     -3.177     8.313 r  design_1_i/clk_wiz_0/inst/mmcm_adv_inst/CLKOUT2
                         net (fo=1, routed)           1.599     9.912    design_1_i/clk_wiz_0/inst/clk_out100_design_1_clk_wiz_0_0
    BUFGCTRL_X0Y2        BUFG (Prop_bufg_I_O)         0.091    10.003 r  design_1_i/clk_wiz_0/inst/clkout3_buf/O
                         net (fo=62, routed)          1.500    11.503    design_1_i/game_clock_0/U0/clk_100mhz
    SLICE_X15Y42         FDCE                                         r  design_1_i/game_clock_0/U0/clk_state_reg/C
                         clock pessimism              0.105    11.608    
                         clock uncertainty           -0.088    11.520    
    SLICE_X15Y42         FDCE (Setup_fdce_C_D)        0.029    11.549    design_1_i/game_clock_0/U0/clk_state_reg
  -------------------------------------------------------------------
                         required time                         11.549    
                         arrival time                          -5.327    
  -------------------------------------------------------------------
                         slack                                  6.221    

Slack (MET) :             6.238ns  (required time - arrival time)
  Source:                 design_1_i/game_clock_0/U0/counter_reg[1]/C
                            (rising edge-triggered cell FDCE clocked by clk_out100_design_1_clk_wiz_0_0  {rise@0.000ns fall@5.000ns period=10.000ns})
  Destination:            design_1_i/game_clock_0/U0/counter_reg[21]/D
                            (rising edge-triggered cell FDCE clocked by clk_out100_design_1_clk_wiz_0_0  {rise@0.000ns fall@5.000ns period=10.000ns})
  Path Group:             clk_out100_design_1_clk_wiz_0_0
  Path Type:              Setup (Max at Slow Process Corner)
  Requirement:            10.000ns  (clk_out100_design_1_clk_wiz_0_0 rise@10.000ns - clk_out100_design_1_clk_wiz_0_0 rise@0.000ns)
  Data Path Delay:        3.722ns  (logic 2.253ns (60.525%)  route 1.469ns (39.475%))
  Logic Levels:           7  (CARRY4=6 LUT2=1)
  Clock Path Skew:        -0.069ns (DCD - SCD + CPR)
    Destination Clock Delay (DCD):    1.504ns = ( 11.504 - 10.000 ) 
    Source Clock Delay      (SCD):    1.678ns
    Clock Pessimism Removal (CPR):    0.105ns
  Clock Uncertainty:      0.088ns  ((TSJ^2 + DJ^2)^1/2) / 2 + PE
    Total System Jitter     (TSJ):    0.071ns
    Discrete Jitter          (DJ):    0.162ns
    Phase Error              (PE):    0.000ns

    Location             Delay type                Incr(ns)  Path(ns)    Netlist Resource(s)
  -------------------------------------------------------------------    -------------------
                         (clock clk_out100_design_1_clk_wiz_0_0 rise edge)
                                                      0.000     0.000 r  
    BUFGCTRL_X0Y16       BUFG                         0.000     0.000 r  design_1_i/processing_system7_0/inst/buffer_fclk_clk_0.FCLK_CLK_0_BUFG/O
                         net (fo=883, routed)         1.680     1.680    design_1_i/clk_wiz_0/inst/clk_in1
    MMCME2_ADV_X0Y0      MMCME2_ADV (Prop_mmcme2_adv_CLKIN1_CLKOUT2)
                                                     -3.538    -1.858 r  design_1_i/clk_wiz_0/inst/mmcm_adv_inst/CLKOUT2
                         net (fo=1, routed)           1.760    -0.098    design_1_i/clk_wiz_0/inst/clk_out100_design_1_clk_wiz_0_0
    BUFGCTRL_X0Y2        BUFG (Prop_bufg_I_O)         0.101     0.003 r  design_1_i/clk_wiz_0/inst/clkout3_buf/O
                         net (fo=62, routed)          1.675     1.678    design_1_i/game_clock_0/U0/clk_100mhz
    SLICE_X15Y42         FDCE                                         r  design_1_i/game_clock_0/U0/counter_reg[1]/C
  -------------------------------------------------------------------    -------------------
    SLICE_X15Y42         FDCE (Prop_fdce_C_Q)         0.419     2.097 r  design_1_i/game_clock_0/U0/counter_reg[1]/Q
                         net (fo=2, routed)           0.597     2.694    design_1_i/game_clock_0/U0/counter[1]
    SLICE_X17Y42         CARRY4 (Prop_carry4_S[0]_CO[3])
                                                      0.831     3.525 r  design_1_i/game_clock_0/U0/counter0_carry/CO[3]
                         net (fo=1, routed)           0.000     3.525    design_1_i/game_clock_0/U0/counter0_carry_n_0
    SLICE_X17Y43         CARRY4 (Prop_carry4_CI_CO[3])
                                                      0.114     3.639 r  design_1_i/game_clock_0/U0/counter0_carry__0/CO[3]
                         net (fo=1, routed)           0.000     3.639    design_1_i/game_clock_0/U0/counter0_carry__0_n_0
    SLICE_X17Y44         CARRY4 (Prop_carry4_CI_CO[3])
                                                      0.114     3.753 r  design_1_i/game_clock_0/U0/counter0_carry__1/CO[3]
                         net (fo=1, routed)           0.000     3.753    design_1_i/game_clock_0/U0/counter0_carry__1_n_0
    SLICE_X17Y45         CARRY4 (Prop_carry4_CI_CO[3])
                                                      0.114     3.867 r  design_1_i/game_clock_0/U0/counter0_carry__2/CO[3]
                         net (fo=1, routed)           0.000     3.867    design_1_i/game_clock_0/U0/counter0_carry__2_n_0
    SLICE_X17Y46         CARRY4 (Prop_carry4_CI_CO[3])
                                                      0.114     3.981 r  design_1_i/game_clock_0/U0/counter0_carry__3/CO[3]
                         net (fo=1, routed)           0.000     3.981    design_1_i/game_clock_0/U0/counter0_carry__3_n_0
    SLICE_X17Y47         CARRY4 (Prop_carry4_CI_O[0])
                                                      0.222     4.203 r  design_1_i/game_clock_0/U0/counter0_carry__4/O[0]
                         net (fo=1, routed)           0.873     5.075    design_1_i/game_clock_0/U0/data0[21]
    SLICE_X16Y47         LUT2 (Prop_lut2_I1_O)        0.325     5.400 r  design_1_i/game_clock_0/U0/counter[21]_i_1/O
                         net (fo=1, routed)           0.000     5.400    design_1_i/game_clock_0/U0/counter_0[21]
    SLICE_X16Y47         FDCE                                         r  design_1_i/game_clock_0/U0/counter_reg[21]/D
  -------------------------------------------------------------------    -------------------

                         (clock clk_out100_design_1_clk_wiz_0_0 rise edge)
                                                     10.000    10.000 r  
    BUFGCTRL_X0Y16       BUFG                         0.000    10.000 r  design_1_i/processing_system7_0/inst/buffer_fclk_clk_0.FCLK_CLK_0_BUFG/O
                         net (fo=883, routed)         1.490    11.490    design_1_i/clk_wiz_0/inst/clk_in1
    MMCME2_ADV_X0Y0      MMCME2_ADV (Prop_mmcme2_adv_CLKIN1_CLKOUT2)
                                                     -3.177     8.313 r  design_1_i/clk_wiz_0/inst/mmcm_adv_inst/CLKOUT2
                         net (fo=1, routed)           1.599     9.912    design_1_i/clk_wiz_0/inst/clk_out100_design_1_clk_wiz_0_0
    BUFGCTRL_X0Y2        BUFG (Prop_bufg_I_O)         0.091    10.003 r  design_1_i/clk_wiz_0/inst/clkout3_buf/O
                         net (fo=62, routed)          1.501    11.504    design_1_i/game_clock_0/U0/clk_100mhz
    SLICE_X16Y47         FDCE                                         r  design_1_i/game_clock_0/U0/counter_reg[21]/C
                         clock pessimism              0.105    11.609    
                         clock uncertainty           -0.088    11.521    
    SLICE_X16Y47         FDCE (Setup_fdce_C_D)        0.118    11.639    design_1_i/game_clock_0/U0/counter_reg[21]
  -------------------------------------------------------------------
                         required time                         11.639    
                         arrival time                          -5.400    
  -------------------------------------------------------------------
                         slack                                  6.238    

Slack (MET) :             6.251ns  (required time - arrival time)
  Source:                 design_1_i/game_clock_0/U0/counter_reg[1]/C
                            (rising edge-triggered cell FDCE clocked by clk_out100_design_1_clk_wiz_0_0  {rise@0.000ns fall@5.000ns period=10.000ns})
  Destination:            design_1_i/game_clock_0/U0/counter_reg[18]/D
                            (rising edge-triggered cell FDCE clocked by clk_out100_design_1_clk_wiz_0_0  {rise@0.000ns fall@5.000ns period=10.000ns})
  Path Group:             clk_out100_design_1_clk_wiz_0_0
  Path Type:              Setup (Max at Slow Process Corner)
  Requirement:            10.000ns  (clk_out100_design_1_clk_wiz_0_0 rise@10.000ns - clk_out100_design_1_clk_wiz_0_0 rise@0.000ns)
  Data Path Delay:        3.672ns  (logic 2.229ns (60.710%)  route 1.443ns (39.290%))
  Logic Levels:           6  (CARRY4=5 LUT2=1)
  Clock Path Skew:        -0.070ns (DCD - SCD + CPR)
    Destination Clock Delay (DCD):    1.503ns = ( 11.503 - 10.000 ) 
    Source Clock Delay      (SCD):    1.678ns
    Clock Pessimism Removal (CPR):    0.105ns
  Clock Uncertainty:      0.088ns  ((TSJ^2 + DJ^2)^1/2) / 2 + PE
    Total System Jitter     (TSJ):    0.071ns
    Discrete Jitter          (DJ):    0.162ns
    Phase Error              (PE):    0.000ns

    Location             Delay type                Incr(ns)  Path(ns)    Netlist Resource(s)
  -------------------------------------------------------------------    -------------------
                         (clock clk_out100_design_1_clk_wiz_0_0 rise edge)
                                                      0.000     0.000 r  
    BUFGCTRL_X0Y16       BUFG                         0.000     0.000 r  design_1_i/processing_system7_0/inst/buffer_fclk_clk_0.FCLK_CLK_0_BUFG/O
                         net (fo=883, routed)         1.680     1.680    design_1_i/clk_wiz_0/inst/clk_in1
    MMCME2_ADV_X0Y0      MMCME2_ADV (Prop_mmcme2_adv_CLKIN1_CLKOUT2)
                                                     -3.538    -1.858 r  design_1_i/clk_wiz_0/inst/mmcm_adv_inst/CLKOUT2
                         net (fo=1, routed)           1.760    -0.098    design_1_i/clk_wiz_0/inst/clk_out100_design_1_clk_wiz_0_0
    BUFGCTRL_X0Y2        BUFG (Prop_bufg_I_O)         0.101     0.003 r  design_1_i/clk_wiz_0/inst/clkout3_buf/O
                         net (fo=62, routed)          1.675     1.678    design_1_i/game_clock_0/U0/clk_100mhz
    SLICE_X15Y42         FDCE                                         r  design_1_i/game_clock_0/U0/counter_reg[1]/C
  -------------------------------------------------------------------    -------------------
    SLICE_X15Y42         FDCE (Prop_fdce_C_Q)         0.419     2.097 r  design_1_i/game_clock_0/U0/counter_reg[1]/Q
                         net (fo=2, routed)           0.597     2.694    design_1_i/game_clock_0/U0/counter[1]
    SLICE_X17Y42         CARRY4 (Prop_carry4_S[0]_CO[3])
                                                      0.831     3.525 r  design_1_i/game_clock_0/U0/counter0_carry/CO[3]
                         net (fo=1, routed)           0.000     3.525    design_1_i/game_clock_0/U0/counter0_carry_n_0
    SLICE_X17Y43         CARRY4 (Prop_carry4_CI_CO[3])
                                                      0.114     3.639 r  design_1_i/game_clock_0/U0/counter0_carry__0/CO[3]
                         net (fo=1, routed)           0.000     3.639    design_1_i/game_clock_0/U0/counter0_carry__0_n_0
    SLICE_X17Y44         CARRY4 (Prop_carry4_CI_CO[3])
                                                      0.114     3.753 r  design_1_i/game_clock_0/U0/counter0_carry__1/CO[3]
                         net (fo=1, routed)           0.000     3.753    design_1_i/game_clock_0/U0/counter0_carry__1_n_0
    SLICE_X17Y45         CARRY4 (Prop_carry4_CI_CO[3])
                                                      0.114     3.867 r  design_1_i/game_clock_0/U0/counter0_carry__2/CO[3]
                         net (fo=1, routed)           0.000     3.867    design_1_i/game_clock_0/U0/counter0_carry__2_n_0
    SLICE_X17Y46         CARRY4 (Prop_carry4_CI_O[1])
                                                      0.334     4.201 r  design_1_i/game_clock_0/U0/counter0_carry__3/O[1]
                         net (fo=1, routed)           0.846     5.047    design_1_i/game_clock_0/U0/data0[18]
    SLICE_X16Y46         LUT2 (Prop_lut2_I1_O)        0.303     5.350 r  design_1_i/game_clock_0/U0/counter[18]_i_1/O
                         net (fo=1, routed)           0.000     5.350    design_1_i/game_clock_0/U0/counter_0[18]
    SLICE_X16Y46         FDCE                                         r  design_1_i/game_clock_0/U0/counter_reg[18]/D
  -------------------------------------------------------------------    -------------------

                         (clock clk_out100_design_1_clk_wiz_0_0 rise edge)
                                                     10.000    10.000 r  
    BUFGCTRL_X0Y16       BUFG                         0.000    10.000 r  design_1_i/processing_system7_0/inst/buffer_fclk_clk_0.FCLK_CLK_0_BUFG/O
                         net (fo=883, routed)         1.490    11.490    design_1_i/clk_wiz_0/inst/clk_in1
    MMCME2_ADV_X0Y0      MMCME2_ADV (Prop_mmcme2_adv_CLKIN1_CLKOUT2)
                                                     -3.177     8.313 r  design_1_i/clk_wiz_0/inst/mmcm_adv_inst/CLKOUT2
                         net (fo=1, routed)           1.599     9.912    design_1_i/clk_wiz_0/inst/clk_out100_design_1_clk_wiz_0_0
    BUFGCTRL_X0Y2        BUFG (Prop_bufg_I_O)         0.091    10.003 r  design_1_i/clk_wiz_0/inst/clkout3_buf/O
                         net (fo=62, routed)          1.500    11.503    design_1_i/game_clock_0/U0/clk_100mhz
    SLICE_X16Y46         FDCE                                         r  design_1_i/game_clock_0/U0/counter_reg[18]/C
                         clock pessimism              0.105    11.608    
                         clock uncertainty           -0.088    11.520    
    SLICE_X16Y46         FDCE (Setup_fdce_C_D)        0.081    11.601    design_1_i/game_clock_0/U0/counter_reg[18]
  -------------------------------------------------------------------
                         required time                         11.601    
                         arrival time                          -5.350    
  -------------------------------------------------------------------
                         slack                                  6.251    

Slack (MET) :             6.273ns  (required time - arrival time)
  Source:                 design_1_i/game_clock_0/U0/counter_reg[9]/C
                            (rising edge-triggered cell FDCE clocked by clk_out100_design_1_clk_wiz_0_0  {rise@0.000ns fall@5.000ns period=10.000ns})
  Destination:            design_1_i/game_clock_0/U0/counter_reg[1]/D
                            (rising edge-triggered cell FDCE clocked by clk_out100_design_1_clk_wiz_0_0  {rise@0.000ns fall@5.000ns period=10.000ns})
  Path Group:             clk_out100_design_1_clk_wiz_0_0
  Path Type:              Setup (Max at Slow Process Corner)
  Requirement:            10.000ns  (clk_out100_design_1_clk_wiz_0_0 rise@10.000ns - clk_out100_design_1_clk_wiz_0_0 rise@0.000ns)
  Data Path Delay:        3.644ns  (logic 1.021ns (28.017%)  route 2.623ns (71.983%))
  Logic Levels:           3  (LUT2=1 LUT4=1 LUT6=1)
  Clock Path Skew:        -0.069ns (DCD - SCD + CPR)
    Destination Clock Delay (DCD):    1.503ns = ( 11.503 - 10.000 ) 
    Source Clock Delay      (SCD):    1.677ns
    Clock Pessimism Removal (CPR):    0.105ns
  Clock Uncertainty:      0.088ns  ((TSJ^2 + DJ^2)^1/2) / 2 + PE
    Total System Jitter     (TSJ):    0.071ns
    Discrete Jitter          (DJ):    0.162ns
    Phase Error              (PE):    0.000ns

    Location             Delay type                Incr(ns)  Path(ns)    Netlist Resource(s)
  -------------------------------------------------------------------    -------------------
                         (clock clk_out100_design_1_clk_wiz_0_0 rise edge)
                                                      0.000     0.000 r  
    BUFGCTRL_X0Y16       BUFG                         0.000     0.000 r  design_1_i/processing_system7_0/inst/buffer_fclk_clk_0.FCLK_CLK_0_BUFG/O
                         net (fo=883, routed)         1.680     1.680    design_1_i/clk_wiz_0/inst/clk_in1
    MMCME2_ADV_X0Y0      MMCME2_ADV (Prop_mmcme2_adv_CLKIN1_CLKOUT2)
                                                     -3.538    -1.858 r  design_1_i/clk_wiz_0/inst/mmcm_adv_inst/CLKOUT2
                         net (fo=1, routed)           1.760    -0.098    design_1_i/clk_wiz_0/inst/clk_out100_design_1_clk_wiz_0_0
    BUFGCTRL_X0Y2        BUFG (Prop_bufg_I_O)         0.101     0.003 r  design_1_i/clk_wiz_0/inst/clkout3_buf/O
                         net (fo=62, routed)          1.674     1.677    design_1_i/game_clock_0/U0/clk_100mhz
    SLICE_X16Y44         FDCE                                         r  design_1_i/game_clock_0/U0/counter_reg[9]/C
  -------------------------------------------------------------------    -------------------
    SLICE_X16Y44         FDCE (Prop_fdce_C_Q)         0.478     2.155 f  design_1_i/game_clock_0/U0/counter_reg[9]/Q
                         net (fo=2, routed)           0.873     3.028    design_1_i/game_clock_0/U0/counter[9]
    SLICE_X16Y44         LUT4 (Prop_lut4_I0_O)        0.301     3.329 r  design_1_i/game_clock_0/U0/clk_state_i_5/O
                         net (fo=1, routed)           0.982     4.311    design_1_i/game_clock_0/U0/clk_state_i_5_n_0
    SLICE_X16Y44         LUT6 (Prop_lut6_I2_O)        0.124     4.435 r  design_1_i/game_clock_0/U0/clk_state_i_2/O
                         net (fo=24, routed)          0.768     5.203    design_1_i/game_clock_0/U0/clk_state_i_2_n_0
    SLICE_X15Y42         LUT2 (Prop_lut2_I0_O)        0.118     5.321 r  design_1_i/game_clock_0/U0/counter[1]_i_1/O
                         net (fo=1, routed)           0.000     5.321    design_1_i/game_clock_0/U0/counter_0[1]
    SLICE_X15Y42         FDCE                                         r  design_1_i/game_clock_0/U0/counter_reg[1]/D
  -------------------------------------------------------------------    -------------------

                         (clock clk_out100_design_1_clk_wiz_0_0 rise edge)
                                                     10.000    10.000 r  
    BUFGCTRL_X0Y16       BUFG                         0.000    10.000 r  design_1_i/processing_system7_0/inst/buffer_fclk_clk_0.FCLK_CLK_0_BUFG/O
                         net (fo=883, routed)         1.490    11.490    design_1_i/clk_wiz_0/inst/clk_in1
    MMCME2_ADV_X0Y0      MMCME2_ADV (Prop_mmcme2_adv_CLKIN1_CLKOUT2)
                                                     -3.177     8.313 r  design_1_i/clk_wiz_0/inst/mmcm_adv_inst/CLKOUT2
                         net (fo=1, routed)           1.599     9.912    design_1_i/clk_wiz_0/inst/clk_out100_design_1_clk_wiz_0_0
    BUFGCTRL_X0Y2        BUFG (Prop_bufg_I_O)         0.091    10.003 r  design_1_i/clk_wiz_0/inst/clkout3_buf/O
                         net (fo=62, routed)          1.500    11.503    design_1_i/game_clock_0/U0/clk_100mhz
    SLICE_X15Y42         FDCE                                         r  design_1_i/game_clock_0/U0/counter_reg[1]/C
                         clock pessimism              0.105    11.608    
                         clock uncertainty           -0.088    11.520    
    SLICE_X15Y42         FDCE (Setup_fdce_C_D)        0.075    11.595    design_1_i/game_clock_0/U0/counter_reg[1]
  -------------------------------------------------------------------
                         required time                         11.595    
                         arrival time                          -5.321    
  -------------------------------------------------------------------
                         slack                                  6.273    

Slack (MET) :             6.307ns  (required time - arrival time)
  Source:                 design_1_i/game_clock_0/U0/counter_reg[9]/C
                            (rising edge-triggered cell FDCE clocked by clk_out100_design_1_clk_wiz_0_0  {rise@0.000ns fall@5.000ns period=10.000ns})
  Destination:            design_1_i/game_clock_0/U0/counter_reg[20]/D
                            (rising edge-triggered cell FDCE clocked by clk_out100_design_1_clk_wiz_0_0  {rise@0.000ns fall@5.000ns period=10.000ns})
  Path Group:             clk_out100_design_1_clk_wiz_0_0
  Path Type:              Setup (Max at Slow Process Corner)
  Requirement:            10.000ns  (clk_out100_design_1_clk_wiz_0_0 rise@10.000ns - clk_out100_design_1_clk_wiz_0_0 rise@0.000ns)
  Data Path Delay:        3.648ns  (logic 1.027ns (28.154%)  route 2.621ns (71.846%))
  Logic Levels:           3  (LUT2=1 LUT4=1 LUT6=1)
  Clock Path Skew:        -0.034ns (DCD - SCD + CPR)
    Destination Clock Delay (DCD):    1.504ns = ( 11.504 - 10.000 ) 
    Source Clock Delay      (SCD):    1.677ns
    Clock Pessimism Removal (CPR):    0.139ns
  Clock Uncertainty:      0.088ns  ((TSJ^2 + DJ^2)^1/2) / 2 + PE
    Total System Jitter     (TSJ):    0.071ns
    Discrete Jitter          (DJ):    0.162ns
    Phase Error              (PE):    0.000ns

    Location             Delay type                Incr(ns)  Path(ns)    Netlist Resource(s)
  -------------------------------------------------------------------    -------------------
                         (clock clk_out100_design_1_clk_wiz_0_0 rise edge)
                                                      0.000     0.000 r  
    BUFGCTRL_X0Y16       BUFG                         0.000     0.000 r  design_1_i/processing_system7_0/inst/buffer_fclk_clk_0.FCLK_CLK_0_BUFG/O
                         net (fo=883, routed)         1.680     1.680    design_1_i/clk_wiz_0/inst/clk_in1
    MMCME2_ADV_X0Y0      MMCME2_ADV (Prop_mmcme2_adv_CLKIN1_CLKOUT2)
                                                     -3.538    -1.858 r  design_1_i/clk_wiz_0/inst/mmcm_adv_inst/CLKOUT2
                         net (fo=1, routed)           1.760    -0.098    design_1_i/clk_wiz_0/inst/clk_out100_design_1_clk_wiz_0_0
    BUFGCTRL_X0Y2        BUFG (Prop_bufg_I_O)         0.101     0.003 r  design_1_i/clk_wiz_0/inst/clkout3_buf/O
                         net (fo=62, routed)          1.674     1.677    design_1_i/game_clock_0/U0/clk_100mhz
    SLICE_X16Y44         FDCE                                         r  design_1_i/game_clock_0/U0/counter_reg[9]/C
  -------------------------------------------------------------------    -------------------
    SLICE_X16Y44         FDCE (Prop_fdce_C_Q)         0.478     2.155 f  design_1_i/game_clock_0/U0/counter_reg[9]/Q
                         net (fo=2, routed)           0.873     3.028    design_1_i/game_clock_0/U0/counter[9]
    SLICE_X16Y44         LUT4 (Prop_lut4_I0_O)        0.301     3.329 r  design_1_i/game_clock_0/U0/clk_state_i_5/O
                         net (fo=1, routed)           0.982     4.311    design_1_i/game_clock_0/U0/clk_state_i_5_n_0
    SLICE_X16Y44         LUT6 (Prop_lut6_I2_O)        0.124     4.435 r  design_1_i/game_clock_0/U0/clk_state_i_2/O
                         net (fo=24, routed)          0.766     5.201    design_1_i/game_clock_0/U0/clk_state_i_2_n_0
    SLICE_X16Y47         LUT2 (Prop_lut2_I0_O)        0.124     5.325 r  design_1_i/game_clock_0/U0/counter[20]_i_1/O
                         net (fo=1, routed)           0.000     5.325    design_1_i/game_clock_0/U0/counter_0[20]
    SLICE_X16Y47         FDCE                                         r  design_1_i/game_clock_0/U0/counter_reg[20]/D
  -------------------------------------------------------------------    -------------------

                         (clock clk_out100_design_1_clk_wiz_0_0 rise edge)
                                                     10.000    10.000 r  
    BUFGCTRL_X0Y16       BUFG                         0.000    10.000 r  design_1_i/processing_system7_0/inst/buffer_fclk_clk_0.FCLK_CLK_0_BUFG/O
                         net (fo=883, routed)         1.490    11.490    design_1_i/clk_wiz_0/inst/clk_in1
    MMCME2_ADV_X0Y0      MMCME2_ADV (Prop_mmcme2_adv_CLKIN1_CLKOUT2)
                                                     -3.177     8.313 r  design_1_i/clk_wiz_0/inst/mmcm_adv_inst/CLKOUT2
                         net (fo=1, routed)           1.599     9.912    design_1_i/clk_wiz_0/inst/clk_out100_design_1_clk_wiz_0_0
    BUFGCTRL_X0Y2        BUFG (Prop_bufg_I_O)         0.091    10.003 r  design_1_i/clk_wiz_0/inst/clkout3_buf/O
                         net (fo=62, routed)          1.501    11.504    design_1_i/game_clock_0/U0/clk_100mhz
    SLICE_X16Y47         FDCE                                         r  design_1_i/game_clock_0/U0/counter_reg[20]/C
                         clock pessimism              0.139    11.643    
                         clock uncertainty           -0.088    11.555    
    SLICE_X16Y47         FDCE (Setup_fdce_C_D)        0.077    11.632    design_1_i/game_clock_0/U0/counter_reg[20]
  -------------------------------------------------------------------
                         required time                         11.632    
                         arrival time                          -5.325    
  -------------------------------------------------------------------
                         slack                                  6.307    

Slack (MET) :             6.344ns  (required time - arrival time)
  Source:                 design_1_i/game_clock_0/U0/counter_reg[9]/C
                            (rising edge-triggered cell FDCE clocked by clk_out100_design_1_clk_wiz_0_0  {rise@0.000ns fall@5.000ns period=10.000ns})
  Destination:            design_1_i/game_clock_0/U0/counter_reg[23]/D
                            (rising edge-triggered cell FDCE clocked by clk_out100_design_1_clk_wiz_0_0  {rise@0.000ns fall@5.000ns period=10.000ns})
  Path Group:             clk_out100_design_1_clk_wiz_0_0
  Path Type:              Setup (Max at Slow Process Corner)
  Requirement:            10.000ns  (clk_out100_design_1_clk_wiz_0_0 rise@10.000ns - clk_out100_design_1_clk_wiz_0_0 rise@0.000ns)
  Data Path Delay:        3.652ns  (logic 1.020ns (27.931%)  route 2.632ns (72.069%))
  Logic Levels:           3  (LUT2=1 LUT4=1 LUT6=1)
  Clock Path Skew:        -0.034ns (DCD - SCD + CPR)
    Destination Clock Delay (DCD):    1.504ns = ( 11.504 - 10.000 ) 
    Source Clock Delay      (SCD):    1.677ns
    Clock Pessimism Removal (CPR):    0.139ns
  Clock Uncertainty:      0.088ns  ((TSJ^2 + DJ^2)^1/2) / 2 + PE
    Total System Jitter     (TSJ):    0.071ns
    Discrete Jitter          (DJ):    0.162ns
    Phase Error              (PE):    0.000ns

    Location             Delay type                Incr(ns)  Path(ns)    Netlist Resource(s)
  -------------------------------------------------------------------    -------------------
                         (clock clk_out100_design_1_clk_wiz_0_0 rise edge)
                                                      0.000     0.000 r  
    BUFGCTRL_X0Y16       BUFG                         0.000     0.000 r  design_1_i/processing_system7_0/inst/buffer_fclk_clk_0.FCLK_CLK_0_BUFG/O
                         net (fo=883, routed)         1.680     1.680    design_1_i/clk_wiz_0/inst/clk_in1
    MMCME2_ADV_X0Y0      MMCME2_ADV (Prop_mmcme2_adv_CLKIN1_CLKOUT2)
                                                     -3.538    -1.858 r  design_1_i/clk_wiz_0/inst/mmcm_adv_inst/CLKOUT2
                         net (fo=1, routed)           1.760    -0.098    design_1_i/clk_wiz_0/inst/clk_out100_design_1_clk_wiz_0_0
    BUFGCTRL_X0Y2        BUFG (Prop_bufg_I_O)         0.101     0.003 r  design_1_i/clk_wiz_0/inst/clkout3_buf/O
                         net (fo=62, routed)          1.674     1.677    design_1_i/game_clock_0/U0/clk_100mhz
    SLICE_X16Y44         FDCE                                         r  design_1_i/game_clock_0/U0/counter_reg[9]/C
  -------------------------------------------------------------------    -------------------
    SLICE_X16Y44         FDCE (Prop_fdce_C_Q)         0.478     2.155 f  design_1_i/game_clock_0/U0/counter_reg[9]/Q
                         net (fo=2, routed)           0.873     3.028    design_1_i/game_clock_0/U0/counter[9]
    SLICE_X16Y44         LUT4 (Prop_lut4_I0_O)        0.301     3.329 r  design_1_i/game_clock_0/U0/clk_state_i_5/O
                         net (fo=1, routed)           0.982     4.311    design_1_i/game_clock_0/U0/clk_state_i_5_n_0
    SLICE_X16Y44         LUT6 (Prop_lut6_I2_O)        0.124     4.435 r  design_1_i/game_clock_0/U0/clk_state_i_2/O
                         net (fo=24, routed)          0.777     5.212    design_1_i/game_clock_0/U0/clk_state_i_2_n_0
    SLICE_X16Y47         LUT2 (Prop_lut2_I0_O)        0.117     5.329 r  design_1_i/game_clock_0/U0/counter[23]_i_1/O
                         net (fo=1, routed)           0.000     5.329    design_1_i/game_clock_0/U0/counter_0[23]
    SLICE_X16Y47         FDCE                                         r  design_1_i/game_clock_0/U0/counter_reg[23]/D
  -------------------------------------------------------------------    -------------------

                         (clock clk_out100_design_1_clk_wiz_0_0 rise edge)
                                                     10.000    10.000 r  
    BUFGCTRL_X0Y16       BUFG                         0.000    10.000 r  design_1_i/processing_system7_0/inst/buffer_fclk_clk_0.FCLK_CLK_0_BUFG/O
                         net (fo=883, routed)         1.490    11.490    design_1_i/clk_wiz_0/inst/clk_in1
    MMCME2_ADV_X0Y0      MMCME2_ADV (Prop_mmcme2_adv_CLKIN1_CLKOUT2)
                                                     -3.177     8.313 r  design_1_i/clk_wiz_0/inst/mmcm_adv_inst/CLKOUT2
                         net (fo=1, routed)           1.599     9.912    design_1_i/clk_wiz_0/inst/clk_out100_design_1_clk_wiz_0_0
    BUFGCTRL_X0Y2        BUFG (Prop_bufg_I_O)         0.091    10.003 r  design_1_i/clk_wiz_0/inst/clkout3_buf/O
                         net (fo=62, routed)          1.501    11.504    design_1_i/game_clock_0/U0/clk_100mhz
    SLICE_X16Y47         FDCE                                         r  design_1_i/game_clock_0/U0/counter_reg[23]/C
                         clock pessimism              0.139    11.643    
                         clock uncertainty           -0.088    11.555    
    SLICE_X16Y47         FDCE (Setup_fdce_C_D)        0.118    11.673    design_1_i/game_clock_0/U0/counter_reg[23]
  -------------------------------------------------------------------
                         required time                         11.673    
                         arrival time                          -5.329    
  -------------------------------------------------------------------
                         slack                                  6.344    

Slack (MET) :             6.351ns  (required time - arrival time)
  Source:                 design_1_i/game_clock_0/U0/counter_reg[1]/C
                            (rising edge-triggered cell FDCE clocked by clk_out100_design_1_clk_wiz_0_0  {rise@0.000ns fall@5.000ns period=10.000ns})
  Destination:            design_1_i/game_clock_0/U0/counter_reg[17]/D
                            (rising edge-triggered cell FDCE clocked by clk_out100_design_1_clk_wiz_0_0  {rise@0.000ns fall@5.000ns period=10.000ns})
  Path Group:             clk_out100_design_1_clk_wiz_0_0
  Path Type:              Setup (Max at Slow Process Corner)
  Requirement:            10.000ns  (clk_out100_design_1_clk_wiz_0_0 rise@10.000ns - clk_out100_design_1_clk_wiz_0_0 rise@0.000ns)
  Data Path Delay:        3.608ns  (logic 2.139ns (59.278%)  route 1.469ns (40.722%))
  Logic Levels:           6  (CARRY4=5 LUT2=1)
  Clock Path Skew:        -0.070ns (DCD - SCD + CPR)
    Destination Clock Delay (DCD):    1.503ns = ( 11.503 - 10.000 ) 
    Source Clock Delay      (SCD):    1.678ns
    Clock Pessimism Removal (CPR):    0.105ns
  Clock Uncertainty:      0.088ns  ((TSJ^2 + DJ^2)^1/2) / 2 + PE
    Total System Jitter     (TSJ):    0.071ns
    Discrete Jitter          (DJ):    0.162ns
    Phase Error              (PE):    0.000ns

    Location             Delay type                Incr(ns)  Path(ns)    Netlist Resource(s)
  -------------------------------------------------------------------    -------------------
                         (clock clk_out100_design_1_clk_wiz_0_0 rise edge)
                                                      0.000     0.000 r  
    BUFGCTRL_X0Y16       BUFG                         0.000     0.000 r  design_1_i/processing_system7_0/inst/buffer_fclk_clk_0.FCLK_CLK_0_BUFG/O
                         net (fo=883, routed)         1.680     1.680    design_1_i/clk_wiz_0/inst/clk_in1
    MMCME2_ADV_X0Y0      MMCME2_ADV (Prop_mmcme2_adv_CLKIN1_CLKOUT2)
                                                     -3.538    -1.858 r  design_1_i/clk_wiz_0/inst/mmcm_adv_inst/CLKOUT2
                         net (fo=1, routed)           1.760    -0.098    design_1_i/clk_wiz_0/inst/clk_out100_design_1_clk_wiz_0_0
    BUFGCTRL_X0Y2        BUFG (Prop_bufg_I_O)         0.101     0.003 r  design_1_i/clk_wiz_0/inst/clkout3_buf/O
                         net (fo=62, routed)          1.675     1.678    design_1_i/game_clock_0/U0/clk_100mhz
    SLICE_X15Y42         FDCE                                         r  design_1_i/game_clock_0/U0/counter_reg[1]/C
  -------------------------------------------------------------------    -------------------
    SLICE_X15Y42         FDCE (Prop_fdce_C_Q)         0.419     2.097 r  design_1_i/game_clock_0/U0/counter_reg[1]/Q
                         net (fo=2, routed)           0.597     2.694    design_1_i/game_clock_0/U0/counter[1]
    SLICE_X17Y42         CARRY4 (Prop_carry4_S[0]_CO[3])
                                                      0.831     3.525 r  design_1_i/game_clock_0/U0/counter0_carry/CO[3]
                         net (fo=1, routed)           0.000     3.525    design_1_i/game_clock_0/U0/counter0_carry_n_0
    SLICE_X17Y43         CARRY4 (Prop_carry4_CI_CO[3])
                                                      0.114     3.639 r  design_1_i/game_clock_0/U0/counter0_carry__0/CO[3]
                         net (fo=1, routed)           0.000     3.639    design_1_i/game_clock_0/U0/counter0_carry__0_n_0
    SLICE_X17Y44         CARRY4 (Prop_carry4_CI_CO[3])
                                                      0.114     3.753 r  design_1_i/game_clock_0/U0/counter0_carry__1/CO[3]
                         net (fo=1, routed)           0.000     3.753    design_1_i/game_clock_0/U0/counter0_carry__1_n_0
    SLICE_X17Y45         CARRY4 (Prop_carry4_CI_CO[3])
                                                      0.114     3.867 r  design_1_i/game_clock_0/U0/counter0_carry__2/CO[3]
                         net (fo=1, routed)           0.000     3.867    design_1_i/game_clock_0/U0/counter0_carry__2_n_0
    SLICE_X17Y46         CARRY4 (Prop_carry4_CI_O[0])
                                                      0.222     4.089 r  design_1_i/game_clock_0/U0/counter0_carry__3/O[0]
                         net (fo=1, routed)           0.873     4.961    design_1_i/game_clock_0/U0/data0[17]
    SLICE_X16Y46         LUT2 (Prop_lut2_I1_O)        0.325     5.286 r  design_1_i/game_clock_0/U0/counter[17]_i_1/O
                         net (fo=1, routed)           0.000     5.286    design_1_i/game_clock_0/U0/counter_0[17]
    SLICE_X16Y46         FDCE                                         r  design_1_i/game_clock_0/U0/counter_reg[17]/D
  -------------------------------------------------------------------    -------------------

                         (clock clk_out100_design_1_clk_wiz_0_0 rise edge)
                                                     10.000    10.000 r  
    BUFGCTRL_X0Y16       BUFG                         0.000    10.000 r  design_1_i/processing_system7_0/inst/buffer_fclk_clk_0.FCLK_CLK_0_BUFG/O
                         net (fo=883, routed)         1.490    11.490    design_1_i/clk_wiz_0/inst/clk_in1
    MMCME2_ADV_X0Y0      MMCME2_ADV (Prop_mmcme2_adv_CLKIN1_CLKOUT2)
                                                     -3.177     8.313 r  design_1_i/clk_wiz_0/inst/mmcm_adv_inst/CLKOUT2
                         net (fo=1, routed)           1.599     9.912    design_1_i/clk_wiz_0/inst/clk_out100_design_1_clk_wiz_0_0
    BUFGCTRL_X0Y2        BUFG (Prop_bufg_I_O)         0.091    10.003 r  design_1_i/clk_wiz_0/inst/clkout3_buf/O
                         net (fo=62, routed)          1.500    11.503    design_1_i/game_clock_0/U0/clk_100mhz
    SLICE_X16Y46         FDCE                                         r  design_1_i/game_clock_0/U0/counter_reg[17]/C
                         clock pessimism              0.105    11.608    
                         clock uncertainty           -0.088    11.520    
    SLICE_X16Y46         FDCE (Setup_fdce_C_D)        0.118    11.638    design_1_i/game_clock_0/U0/counter_reg[17]
  -------------------------------------------------------------------
                         required time                         11.638    
                         arrival time                          -5.286    
  -------------------------------------------------------------------
                         slack                                  6.351    

Slack (MET) :             6.362ns  (required time - arrival time)
  Source:                 design_1_i/game_clock_0/U0/counter_reg[9]/C
                            (rising edge-triggered cell FDCE clocked by clk_out100_design_1_clk_wiz_0_0  {rise@0.000ns fall@5.000ns period=10.000ns})
  Destination:            design_1_i/game_clock_0/U0/counter_reg[2]/D
                            (rising edge-triggered cell FDCE clocked by clk_out100_design_1_clk_wiz_0_0  {rise@0.000ns fall@5.000ns period=10.000ns})
  Path Group:             clk_out100_design_1_clk_wiz_0_0
  Path Type:              Setup (Max at Slow Process Corner)
  Requirement:            10.000ns  (clk_out100_design_1_clk_wiz_0_0 rise@10.000ns - clk_out100_design_1_clk_wiz_0_0 rise@0.000ns)
  Data Path Delay:        3.511ns  (logic 1.027ns (29.249%)  route 2.484ns (70.751%))
  Logic Levels:           3  (LUT2=1 LUT4=1 LUT6=1)
  Clock Path Skew:        -0.069ns (DCD - SCD + CPR)
    Destination Clock Delay (DCD):    1.503ns = ( 11.503 - 10.000 ) 
    Source Clock Delay      (SCD):    1.677ns
    Clock Pessimism Removal (CPR):    0.105ns
  Clock Uncertainty:      0.088ns  ((TSJ^2 + DJ^2)^1/2) / 2 + PE
    Total System Jitter     (TSJ):    0.071ns
    Discrete Jitter          (DJ):    0.162ns
    Phase Error              (PE):    0.000ns

    Location             Delay type                Incr(ns)  Path(ns)    Netlist Resource(s)
  -------------------------------------------------------------------    -------------------
                         (clock clk_out100_design_1_clk_wiz_0_0 rise edge)
                                                      0.000     0.000 r  
    BUFGCTRL_X0Y16       BUFG                         0.000     0.000 r  design_1_i/processing_system7_0/inst/buffer_fclk_clk_0.FCLK_CLK_0_BUFG/O
                         net (fo=883, routed)         1.680     1.680    design_1_i/clk_wiz_0/inst/clk_in1
    MMCME2_ADV_X0Y0      MMCME2_ADV (Prop_mmcme2_adv_CLKIN1_CLKOUT2)
                                                     -3.538    -1.858 r  design_1_i/clk_wiz_0/inst/mmcm_adv_inst/CLKOUT2
                         net (fo=1, routed)           1.760    -0.098    design_1_i/clk_wiz_0/inst/clk_out100_design_1_clk_wiz_0_0
    BUFGCTRL_X0Y2        BUFG (Prop_bufg_I_O)         0.101     0.003 r  design_1_i/clk_wiz_0/inst/clkout3_buf/O
                         net (fo=62, routed)          1.674     1.677    design_1_i/game_clock_0/U0/clk_100mhz
    SLICE_X16Y44         FDCE                                         r  design_1_i/game_clock_0/U0/counter_reg[9]/C
  -------------------------------------------------------------------    -------------------
    SLICE_X16Y44         FDCE (Prop_fdce_C_Q)         0.478     2.155 f  design_1_i/game_clock_0/U0/counter_reg[9]/Q
                         net (fo=2, routed)           0.873     3.028    design_1_i/game_clock_0/U0/counter[9]
    SLICE_X16Y44         LUT4 (Prop_lut4_I0_O)        0.301     3.329 r  design_1_i/game_clock_0/U0/clk_state_i_5/O
                         net (fo=1, routed)           0.982     4.311    design_1_i/game_clock_0/U0/clk_state_i_5_n_0
    SLICE_X16Y44         LUT6 (Prop_lut6_I2_O)        0.124     4.435 r  design_1_i/game_clock_0/U0/clk_state_i_2/O
                         net (fo=24, routed)          0.629     5.064    design_1_i/game_clock_0/U0/clk_state_i_2_n_0
    SLICE_X15Y42         LUT2 (Prop_lut2_I0_O)        0.124     5.188 r  design_1_i/game_clock_0/U0/counter[2]_i_1/O
                         net (fo=1, routed)           0.000     5.188    design_1_i/game_clock_0/U0/counter_0[2]
    SLICE_X15Y42         FDCE                                         r  design_1_i/game_clock_0/U0/counter_reg[2]/D
  -------------------------------------------------------------------    -------------------

                         (clock clk_out100_design_1_clk_wiz_0_0 rise edge)
                                                     10.000    10.000 r  
    BUFGCTRL_X0Y16       BUFG                         0.000    10.000 r  design_1_i/processing_system7_0/inst/buffer_fclk_clk_0.FCLK_CLK_0_BUFG/O
                         net (fo=883, routed)         1.490    11.490    design_1_i/clk_wiz_0/inst/clk_in1
    MMCME2_ADV_X0Y0      MMCME2_ADV (Prop_mmcme2_adv_CLKIN1_CLKOUT2)
                                                     -3.177     8.313 r  design_1_i/clk_wiz_0/inst/mmcm_adv_inst/CLKOUT2
                         net (fo=1, routed)           1.599     9.912    design_1_i/clk_wiz_0/inst/clk_out100_design_1_clk_wiz_0_0
    BUFGCTRL_X0Y2        BUFG (Prop_bufg_I_O)         0.091    10.003 r  design_1_i/clk_wiz_0/inst/clkout3_buf/O
                         net (fo=62, routed)          1.500    11.503    design_1_i/game_clock_0/U0/clk_100mhz
    SLICE_X15Y42         FDCE                                         r  design_1_i/game_clock_0/U0/counter_reg[2]/C
                         clock pessimism              0.105    11.608    
                         clock uncertainty           -0.088    11.520    
    SLICE_X15Y42         FDCE (Setup_fdce_C_D)        0.031    11.551    design_1_i/game_clock_0/U0/counter_reg[2]
  -------------------------------------------------------------------
                         required time                         11.551    
                         arrival time                          -5.188    
  -------------------------------------------------------------------
                         slack                                  6.362    

Slack (MET) :             6.365ns  (required time - arrival time)
  Source:                 design_1_i/game_clock_0/U0/counter_reg[1]/C
                            (rising edge-triggered cell FDCE clocked by clk_out100_design_1_clk_wiz_0_0  {rise@0.000ns fall@5.000ns period=10.000ns})
  Destination:            design_1_i/game_clock_0/U0/counter_reg[14]/D
                            (rising edge-triggered cell FDCE clocked by clk_out100_design_1_clk_wiz_0_0  {rise@0.000ns fall@5.000ns period=10.000ns})
  Path Group:             clk_out100_design_1_clk_wiz_0_0
  Path Type:              Setup (Max at Slow Process Corner)
  Requirement:            10.000ns  (clk_out100_design_1_clk_wiz_0_0 rise@10.000ns - clk_out100_design_1_clk_wiz_0_0 rise@0.000ns)
  Data Path Delay:        3.558ns  (logic 2.115ns (59.451%)  route 1.443ns (40.549%))
  Logic Levels:           5  (CARRY4=4 LUT2=1)
  Clock Path Skew:        -0.070ns (DCD - SCD + CPR)
    Destination Clock Delay (DCD):    1.503ns = ( 11.503 - 10.000 ) 
    Source Clock Delay      (SCD):    1.678ns
    Clock Pessimism Removal (CPR):    0.105ns
  Clock Uncertainty:      0.088ns  ((TSJ^2 + DJ^2)^1/2) / 2 + PE
    Total System Jitter     (TSJ):    0.071ns
    Discrete Jitter          (DJ):    0.162ns
    Phase Error              (PE):    0.000ns

    Location             Delay type                Incr(ns)  Path(ns)    Netlist Resource(s)
  -------------------------------------------------------------------    -------------------
                         (clock clk_out100_design_1_clk_wiz_0_0 rise edge)
                                                      0.000     0.000 r  
    BUFGCTRL_X0Y16       BUFG                         0.000     0.000 r  design_1_i/processing_system7_0/inst/buffer_fclk_clk_0.FCLK_CLK_0_BUFG/O
                         net (fo=883, routed)         1.680     1.680    design_1_i/clk_wiz_0/inst/clk_in1
    MMCME2_ADV_X0Y0      MMCME2_ADV (Prop_mmcme2_adv_CLKIN1_CLKOUT2)
                                                     -3.538    -1.858 r  design_1_i/clk_wiz_0/inst/mmcm_adv_inst/CLKOUT2
                         net (fo=1, routed)           1.760    -0.098    design_1_i/clk_wiz_0/inst/clk_out100_design_1_clk_wiz_0_0
    BUFGCTRL_X0Y2        BUFG (Prop_bufg_I_O)         0.101     0.003 r  design_1_i/clk_wiz_0/inst/clkout3_buf/O
                         net (fo=62, routed)          1.675     1.678    design_1_i/game_clock_0/U0/clk_100mhz
    SLICE_X15Y42         FDCE                                         r  design_1_i/game_clock_0/U0/counter_reg[1]/C
  -------------------------------------------------------------------    -------------------
    SLICE_X15Y42         FDCE (Prop_fdce_C_Q)         0.419     2.097 r  design_1_i/game_clock_0/U0/counter_reg[1]/Q
                         net (fo=2, routed)           0.597     2.694    design_1_i/game_clock_0/U0/counter[1]
    SLICE_X17Y42         CARRY4 (Prop_carry4_S[0]_CO[3])
                                                      0.831     3.525 r  design_1_i/game_clock_0/U0/counter0_carry/CO[3]
                         net (fo=1, routed)           0.000     3.525    design_1_i/game_clock_0/U0/counter0_carry_n_0
    SLICE_X17Y43         CARRY4 (Prop_carry4_CI_CO[3])
                                                      0.114     3.639 r  design_1_i/game_clock_0/U0/counter0_carry__0/CO[3]
                         net (fo=1, routed)           0.000     3.639    design_1_i/game_clock_0/U0/counter0_carry__0_n_0
    SLICE_X17Y44         CARRY4 (Prop_carry4_CI_CO[3])
                                                      0.114     3.753 r  design_1_i/game_clock_0/U0/counter0_carry__1/CO[3]
                         net (fo=1, routed)           0.000     3.753    design_1_i/game_clock_0/U0/counter0_carry__1_n_0
    SLICE_X17Y45         CARRY4 (Prop_carry4_CI_O[1])
                                                      0.334     4.087 r  design_1_i/game_clock_0/U0/counter0_carry__2/O[1]
                         net (fo=1, routed)           0.846     4.933    design_1_i/game_clock_0/U0/data0[14]
    SLICE_X16Y45         LUT2 (Prop_lut2_I1_O)        0.303     5.236 r  design_1_i/game_clock_0/U0/counter[14]_i_1/O
                         net (fo=1, routed)           0.000     5.236    design_1_i/game_clock_0/U0/counter_0[14]
    SLICE_X16Y45         FDCE                                         r  design_1_i/game_clock_0/U0/counter_reg[14]/D
  -------------------------------------------------------------------    -------------------

                         (clock clk_out100_design_1_clk_wiz_0_0 rise edge)
                                                     10.000    10.000 r  
    BUFGCTRL_X0Y16       BUFG                         0.000    10.000 r  design_1_i/processing_system7_0/inst/buffer_fclk_clk_0.FCLK_CLK_0_BUFG/O
                         net (fo=883, routed)         1.490    11.490    design_1_i/clk_wiz_0/inst/clk_in1
    MMCME2_ADV_X0Y0      MMCME2_ADV (Prop_mmcme2_adv_CLKIN1_CLKOUT2)
                                                     -3.177     8.313 r  design_1_i/clk_wiz_0/inst/mmcm_adv_inst/CLKOUT2
                         net (fo=1, routed)           1.599     9.912    design_1_i/clk_wiz_0/inst/clk_out100_design_1_clk_wiz_0_0
    BUFGCTRL_X0Y2        BUFG (Prop_bufg_I_O)         0.091    10.003 r  design_1_i/clk_wiz_0/inst/clkout3_buf/O
                         net (fo=62, routed)          1.500    11.503    design_1_i/game_clock_0/U0/clk_100mhz
    SLICE_X16Y45         FDCE                                         r  design_1_i/game_clock_0/U0/counter_reg[14]/C
                         clock pessimism              0.105    11.608    
                         clock uncertainty           -0.088    11.520    
    SLICE_X16Y45         FDCE (Setup_fdce_C_D)        0.081    11.601    design_1_i/game_clock_0/U0/counter_reg[14]
  -------------------------------------------------------------------
                         required time                         11.601    
                         arrival time                          -5.236    
  -------------------------------------------------------------------
                         slack                                  6.365    





Min Delay Paths
--------------------------------------------------------------------------------------
Slack (MET) :             0.227ns  (arrival time - required time)
  Source:                 design_1_i/seven_segment_clock_0/U0/counter_reg[0]/C
                            (rising edge-triggered cell FDCE clocked by clk_out100_design_1_clk_wiz_0_0  {rise@0.000ns fall@5.000ns period=10.000ns})
  Destination:            design_1_i/seven_segment_clock_0/U0/counter_reg[0]/D
                            (rising edge-triggered cell FDCE clocked by clk_out100_design_1_clk_wiz_0_0  {rise@0.000ns fall@5.000ns period=10.000ns})
  Path Group:             clk_out100_design_1_clk_wiz_0_0
  Path Type:              Hold (Min at Fast Process Corner)
  Requirement:            0.000ns  (clk_out100_design_1_clk_wiz_0_0 rise@0.000ns - clk_out100_design_1_clk_wiz_0_0 rise@0.000ns)
  Data Path Delay:        0.319ns  (logic 0.186ns (58.347%)  route 0.133ns (41.653%))
  Logic Levels:           1  (LUT1=1)
  Clock Path Skew:        0.000ns (DCD - SCD - CPR)
    Destination Clock Delay (DCD):    0.831ns
    Source Clock Delay      (SCD):    0.563ns
    Clock Pessimism Removal (CPR):    0.268ns

    Location             Delay type                Incr(ns)  Path(ns)    Netlist Resource(s)
  -------------------------------------------------------------------    -------------------
                         (clock clk_out100_design_1_clk_wiz_0_0 rise edge)
                                                      0.000     0.000 r  
    BUFGCTRL_X0Y16       BUFG                         0.000     0.000 r  design_1_i/processing_system7_0/inst/buffer_fclk_clk_0.FCLK_CLK_0_BUFG/O
                         net (fo=883, routed)         0.548     0.548    design_1_i/clk_wiz_0/inst/clk_in1
    MMCME2_ADV_X0Y0      MMCME2_ADV (Prop_mmcme2_adv_CLKIN1_CLKOUT2)
                                                     -1.053    -0.506 r  design_1_i/clk_wiz_0/inst/mmcm_adv_inst/CLKOUT2
                         net (fo=1, routed)           0.482    -0.024    design_1_i/clk_wiz_0/inst/clk_out100_design_1_clk_wiz_0_0
    BUFGCTRL_X0Y2        BUFG (Prop_bufg_I_O)         0.026     0.002 r  design_1_i/clk_wiz_0/inst/clkout3_buf/O
                         net (fo=62, routed)          0.561     0.563    design_1_i/seven_segment_clock_0/U0/clk_100mhz
    SLICE_X17Y39         FDCE                                         r  design_1_i/seven_segment_clock_0/U0/counter_reg[0]/C
  -------------------------------------------------------------------    -------------------
    SLICE_X17Y39         FDCE (Prop_fdce_C_Q)         0.141     0.704 f  design_1_i/seven_segment_clock_0/U0/counter_reg[0]/Q
                         net (fo=3, routed)           0.133     0.836    design_1_i/seven_segment_clock_0/U0/counter[0]
    SLICE_X17Y39         LUT1 (Prop_lut1_I0_O)        0.045     0.881 r  design_1_i/seven_segment_clock_0/U0/counter[0]_i_1/O
                         net (fo=1, routed)           0.000     0.881    design_1_i/seven_segment_clock_0/U0/counter_0[0]
    SLICE_X17Y39         FDCE                                         r  design_1_i/seven_segment_clock_0/U0/counter_reg[0]/D
  -------------------------------------------------------------------    -------------------

                         (clock clk_out100_design_1_clk_wiz_0_0 rise edge)
                                                      0.000     0.000 r  
    BUFGCTRL_X0Y16       BUFG                         0.000     0.000 r  design_1_i/processing_system7_0/inst/buffer_fclk_clk_0.FCLK_CLK_0_BUFG/O
                         net (fo=883, routed)         0.814     0.814    design_1_i/clk_wiz_0/inst/clk_in1
    MMCME2_ADV_X0Y0      MMCME2_ADV (Prop_mmcme2_adv_CLKIN1_CLKOUT2)
                                                     -1.369    -0.555 r  design_1_i/clk_wiz_0/inst/mmcm_adv_inst/CLKOUT2
                         net (fo=1, routed)           0.528    -0.027    design_1_i/clk_wiz_0/inst/clk_out100_design_1_clk_wiz_0_0
    BUFGCTRL_X0Y2        BUFG (Prop_bufg_I_O)         0.029     0.002 r  design_1_i/clk_wiz_0/inst/clkout3_buf/O
                         net (fo=62, routed)          0.829     0.831    design_1_i/seven_segment_clock_0/U0/clk_100mhz
    SLICE_X17Y39         FDCE                                         r  design_1_i/seven_segment_clock_0/U0/counter_reg[0]/C
                         clock pessimism             -0.268     0.563    
    SLICE_X17Y39         FDCE (Hold_fdce_C_D)         0.092     0.655    design_1_i/seven_segment_clock_0/U0/counter_reg[0]
  -------------------------------------------------------------------
                         required time                         -0.655    
                         arrival time                           0.881    
  -------------------------------------------------------------------
                         slack                                  0.227    

Slack (MET) :             0.278ns  (arrival time - required time)
  Source:                 design_1_i/seven_segment_clock_0/U0/clk_state_reg/C
                            (rising edge-triggered cell FDCE clocked by clk_out100_design_1_clk_wiz_0_0  {rise@0.000ns fall@5.000ns period=10.000ns})
  Destination:            design_1_i/seven_segment_clock_0/U0/clk_state_reg/D
                            (rising edge-triggered cell FDCE clocked by clk_out100_design_1_clk_wiz_0_0  {rise@0.000ns fall@5.000ns period=10.000ns})
  Path Group:             clk_out100_design_1_clk_wiz_0_0
  Path Type:              Hold (Min at Fast Process Corner)
  Requirement:            0.000ns  (clk_out100_design_1_clk_wiz_0_0 rise@0.000ns - clk_out100_design_1_clk_wiz_0_0 rise@0.000ns)
  Data Path Delay:        0.369ns  (logic 0.186ns (50.461%)  route 0.183ns (49.539%))
  Logic Levels:           1  (LUT2=1)
  Clock Path Skew:        0.000ns (DCD - SCD - CPR)
    Destination Clock Delay (DCD):    0.831ns
    Source Clock Delay      (SCD):    0.563ns
    Clock Pessimism Removal (CPR):    0.268ns

    Location             Delay type                Incr(ns)  Path(ns)    Netlist Resource(s)
  -------------------------------------------------------------------    -------------------
                         (clock clk_out100_design_1_clk_wiz_0_0 rise edge)
                                                      0.000     0.000 r  
    BUFGCTRL_X0Y16       BUFG                         0.000     0.000 r  design_1_i/processing_system7_0/inst/buffer_fclk_clk_0.FCLK_CLK_0_BUFG/O
                         net (fo=883, routed)         0.548     0.548    design_1_i/clk_wiz_0/inst/clk_in1
    MMCME2_ADV_X0Y0      MMCME2_ADV (Prop_mmcme2_adv_CLKIN1_CLKOUT2)
                                                     -1.053    -0.506 r  design_1_i/clk_wiz_0/inst/mmcm_adv_inst/CLKOUT2
                         net (fo=1, routed)           0.482    -0.024    design_1_i/clk_wiz_0/inst/clk_out100_design_1_clk_wiz_0_0
    BUFGCTRL_X0Y2        BUFG (Prop_bufg_I_O)         0.026     0.002 r  design_1_i/clk_wiz_0/inst/clkout3_buf/O
                         net (fo=62, routed)          0.561     0.563    design_1_i/seven_segment_clock_0/U0/clk_100mhz
    SLICE_X17Y39         FDCE                                         r  design_1_i/seven_segment_clock_0/U0/clk_state_reg/C
  -------------------------------------------------------------------    -------------------
    SLICE_X17Y39         FDCE (Prop_fdce_C_Q)         0.141     0.704 r  design_1_i/seven_segment_clock_0/U0/clk_state_reg/Q
                         net (fo=17, routed)          0.183     0.886    design_1_i/seven_segment_clock_0/U0/clk_10khz
    SLICE_X17Y39         LUT2 (Prop_lut2_I1_O)        0.045     0.931 r  design_1_i/seven_segment_clock_0/U0/clk_state_i_1/O
                         net (fo=1, routed)           0.000     0.931    design_1_i/seven_segment_clock_0/U0/clk_state_i_1_n_0
    SLICE_X17Y39         FDCE                                         r  design_1_i/seven_segment_clock_0/U0/clk_state_reg/D
  -------------------------------------------------------------------    -------------------

                         (clock clk_out100_design_1_clk_wiz_0_0 rise edge)
                                                      0.000     0.000 r  
    BUFGCTRL_X0Y16       BUFG                         0.000     0.000 r  design_1_i/processing_system7_0/inst/buffer_fclk_clk_0.FCLK_CLK_0_BUFG/O
                         net (fo=883, routed)         0.814     0.814    design_1_i/clk_wiz_0/inst/clk_in1
    MMCME2_ADV_X0Y0      MMCME2_ADV (Prop_mmcme2_adv_CLKIN1_CLKOUT2)
                                                     -1.369    -0.555 r  design_1_i/clk_wiz_0/inst/mmcm_adv_inst/CLKOUT2
                         net (fo=1, routed)           0.528    -0.027    design_1_i/clk_wiz_0/inst/clk_out100_design_1_clk_wiz_0_0
    BUFGCTRL_X0Y2        BUFG (Prop_bufg_I_O)         0.029     0.002 r  design_1_i/clk_wiz_0/inst/clkout3_buf/O
                         net (fo=62, routed)          0.829     0.831    design_1_i/seven_segment_clock_0/U0/clk_100mhz
    SLICE_X17Y39         FDCE                                         r  design_1_i/seven_segment_clock_0/U0/clk_state_reg/C
                         clock pessimism             -0.268     0.563    
    SLICE_X17Y39         FDCE (Hold_fdce_C_D)         0.091     0.654    design_1_i/seven_segment_clock_0/U0/clk_state_reg
  -------------------------------------------------------------------
                         required time                         -0.654    
                         arrival time                           0.931    
  -------------------------------------------------------------------
                         slack                                  0.278    

Slack (MET) :             0.278ns  (arrival time - required time)
  Source:                 design_1_i/game_clock_0/U0/clk_state_reg/C
                            (rising edge-triggered cell FDCE clocked by clk_out100_design_1_clk_wiz_0_0  {rise@0.000ns fall@5.000ns period=10.000ns})
  Destination:            design_1_i/game_clock_0/U0/clk_state_reg/D
                            (rising edge-triggered cell FDCE clocked by clk_out100_design_1_clk_wiz_0_0  {rise@0.000ns fall@5.000ns period=10.000ns})
  Path Group:             clk_out100_design_1_clk_wiz_0_0
  Path Type:              Hold (Min at Fast Process Corner)
  Requirement:            0.000ns  (clk_out100_design_1_clk_wiz_0_0 rise@0.000ns - clk_out100_design_1_clk_wiz_0_0 rise@0.000ns)
  Data Path Delay:        0.369ns  (logic 0.186ns (50.452%)  route 0.183ns (49.548%))
  Logic Levels:           1  (LUT2=1)
  Clock Path Skew:        0.000ns (DCD - SCD - CPR)
    Destination Clock Delay (DCD):    0.832ns
    Source Clock Delay      (SCD):    0.564ns
    Clock Pessimism Removal (CPR):    0.268ns

    Location             Delay type                Incr(ns)  Path(ns)    Netlist Resource(s)
  -------------------------------------------------------------------    -------------------
                         (clock clk_out100_design_1_clk_wiz_0_0 rise edge)
                                                      0.000     0.000 r  
    BUFGCTRL_X0Y16       BUFG                         0.000     0.000 r  design_1_i/processing_system7_0/inst/buffer_fclk_clk_0.FCLK_CLK_0_BUFG/O
                         net (fo=883, routed)         0.548     0.548    design_1_i/clk_wiz_0/inst/clk_in1
    MMCME2_ADV_X0Y0      MMCME2_ADV (Prop_mmcme2_adv_CLKIN1_CLKOUT2)
                                                     -1.053    -0.506 r  design_1_i/clk_wiz_0/inst/mmcm_adv_inst/CLKOUT2
                         net (fo=1, routed)           0.482    -0.024    design_1_i/clk_wiz_0/inst/clk_out100_design_1_clk_wiz_0_0
    BUFGCTRL_X0Y2        BUFG (Prop_bufg_I_O)         0.026     0.002 r  design_1_i/clk_wiz_0/inst/clkout3_buf/O
                         net (fo=62, routed)          0.562     0.564    design_1_i/game_clock_0/U0/clk_100mhz
    SLICE_X15Y42         FDCE                                         r  design_1_i/game_clock_0/U0/clk_state_reg/C
  -------------------------------------------------------------------    -------------------
    SLICE_X15Y42         FDCE (Prop_fdce_C_Q)         0.141     0.705 r  design_1_i/game_clock_0/U0/clk_state_reg/Q
                         net (fo=23, routed)          0.183     0.887    design_1_i/game_clock_0/U0/clk_10hz
    SLICE_X15Y42         LUT2 (Prop_lut2_I1_O)        0.045     0.932 r  design_1_i/game_clock_0/U0/clk_state_i_1/O
                         net (fo=1, routed)           0.000     0.932    design_1_i/game_clock_0/U0/clk_state_i_1_n_0
    SLICE_X15Y42         FDCE                                         r  design_1_i/game_clock_0/U0/clk_state_reg/D
  -------------------------------------------------------------------    -------------------

                         (clock clk_out100_design_1_clk_wiz_0_0 rise edge)
                                                      0.000     0.000 r  
    BUFGCTRL_X0Y16       BUFG                         0.000     0.000 r  design_1_i/processing_system7_0/inst/buffer_fclk_clk_0.FCLK_CLK_0_BUFG/O
                         net (fo=883, routed)         0.814     0.814    design_1_i/clk_wiz_0/inst/clk_in1
    MMCME2_ADV_X0Y0      MMCME2_ADV (Prop_mmcme2_adv_CLKIN1_CLKOUT2)
                                                     -1.369    -0.555 r  design_1_i/clk_wiz_0/inst/mmcm_adv_inst/CLKOUT2
                         net (fo=1, routed)           0.528    -0.027    design_1_i/clk_wiz_0/inst/clk_out100_design_1_clk_wiz_0_0
    BUFGCTRL_X0Y2        BUFG (Prop_bufg_I_O)         0.029     0.002 r  design_1_i/clk_wiz_0/inst/clkout3_buf/O
                         net (fo=62, routed)          0.830     0.832    design_1_i/game_clock_0/U0/clk_100mhz
    SLICE_X15Y42         FDCE                                         r  design_1_i/game_clock_0/U0/clk_state_reg/C
                         clock pessimism             -0.268     0.564    
    SLICE_X15Y42         FDCE (Hold_fdce_C_D)         0.091     0.655    design_1_i/game_clock_0/U0/clk_state_reg
  -------------------------------------------------------------------
                         required time                         -0.655    
                         arrival time                           0.932    
  -------------------------------------------------------------------
                         slack                                  0.278    

Slack (MET) :             0.397ns  (arrival time - required time)
  Source:                 design_1_i/game_clock_0/U0/counter_reg[0]/C
                            (rising edge-triggered cell FDCE clocked by clk_out100_design_1_clk_wiz_0_0  {rise@0.000ns fall@5.000ns period=10.000ns})
  Destination:            design_1_i/game_clock_0/U0/counter_reg[0]/D
                            (rising edge-triggered cell FDCE clocked by clk_out100_design_1_clk_wiz_0_0  {rise@0.000ns fall@5.000ns period=10.000ns})
  Path Group:             clk_out100_design_1_clk_wiz_0_0
  Path Type:              Hold (Min at Fast Process Corner)
  Requirement:            0.000ns  (clk_out100_design_1_clk_wiz_0_0 rise@0.000ns - clk_out100_design_1_clk_wiz_0_0 rise@0.000ns)
  Data Path Delay:        0.467ns  (logic 0.186ns (39.829%)  route 0.281ns (60.171%))
  Logic Levels:           1  (LUT1=1)
  Clock Path Skew:        0.000ns (DCD - SCD - CPR)
    Destination Clock Delay (DCD):    0.832ns
    Source Clock Delay      (SCD):    0.564ns
    Clock Pessimism Removal (CPR):    0.268ns

    Location             Delay type                Incr(ns)  Path(ns)    Netlist Resource(s)
  -------------------------------------------------------------------    -------------------
                         (clock clk_out100_design_1_clk_wiz_0_0 rise edge)
                                                      0.000     0.000 r  
    BUFGCTRL_X0Y16       BUFG                         0.000     0.000 r  design_1_i/processing_system7_0/inst/buffer_fclk_clk_0.FCLK_CLK_0_BUFG/O
                         net (fo=883, routed)         0.548     0.548    design_1_i/clk_wiz_0/inst/clk_in1
    MMCME2_ADV_X0Y0      MMCME2_ADV (Prop_mmcme2_adv_CLKIN1_CLKOUT2)
                                                     -1.053    -0.506 r  design_1_i/clk_wiz_0/inst/mmcm_adv_inst/CLKOUT2
                         net (fo=1, routed)           0.482    -0.024    design_1_i/clk_wiz_0/inst/clk_out100_design_1_clk_wiz_0_0
    BUFGCTRL_X0Y2        BUFG (Prop_bufg_I_O)         0.026     0.002 r  design_1_i/clk_wiz_0/inst/clkout3_buf/O
                         net (fo=62, routed)          0.562     0.564    design_1_i/game_clock_0/U0/clk_100mhz
    SLICE_X14Y42         FDCE                                         r  design_1_i/game_clock_0/U0/counter_reg[0]/C
  -------------------------------------------------------------------    -------------------
    SLICE_X14Y42         FDCE (Prop_fdce_C_Q)         0.141     0.705 f  design_1_i/game_clock_0/U0/counter_reg[0]/Q
                         net (fo=3, routed)           0.099     0.803    design_1_i/game_clock_0/U0/counter[0]
    SLICE_X15Y42         LUT1 (Prop_lut1_I0_O)        0.045     0.848 r  design_1_i/game_clock_0/U0/counter[0]_i_1/O
                         net (fo=1, routed)           0.182     1.031    design_1_i/game_clock_0/U0/counter_0[0]
    SLICE_X14Y42         FDCE                                         r  design_1_i/game_clock_0/U0/counter_reg[0]/D
  -------------------------------------------------------------------    -------------------

                         (clock clk_out100_design_1_clk_wiz_0_0 rise edge)
                                                      0.000     0.000 r  
    BUFGCTRL_X0Y16       BUFG                         0.000     0.000 r  design_1_i/processing_system7_0/inst/buffer_fclk_clk_0.FCLK_CLK_0_BUFG/O
                         net (fo=883, routed)         0.814     0.814    design_1_i/clk_wiz_0/inst/clk_in1
    MMCME2_ADV_X0Y0      MMCME2_ADV (Prop_mmcme2_adv_CLKIN1_CLKOUT2)
                                                     -1.369    -0.555 r  design_1_i/clk_wiz_0/inst/mmcm_adv_inst/CLKOUT2
                         net (fo=1, routed)           0.528    -0.027    design_1_i/clk_wiz_0/inst/clk_out100_design_1_clk_wiz_0_0
    BUFGCTRL_X0Y2        BUFG (Prop_bufg_I_O)         0.029     0.002 r  design_1_i/clk_wiz_0/inst/clkout3_buf/O
                         net (fo=62, routed)          0.830     0.832    design_1_i/game_clock_0/U0/clk_100mhz
    SLICE_X14Y42         FDCE                                         r  design_1_i/game_clock_0/U0/counter_reg[0]/C
                         clock pessimism             -0.268     0.564    
    SLICE_X14Y42         FDCE (Hold_fdce_C_D)         0.070     0.634    design_1_i/game_clock_0/U0/counter_reg[0]
  -------------------------------------------------------------------
                         required time                         -0.634    
                         arrival time                           1.031    
  -------------------------------------------------------------------
                         slack                                  0.397    

Slack (MET) :             0.468ns  (arrival time - required time)
  Source:                 design_1_i/seven_segment_clock_0/U0/counter_reg[4]/C
                            (rising edge-triggered cell FDCE clocked by clk_out100_design_1_clk_wiz_0_0  {rise@0.000ns fall@5.000ns period=10.000ns})
  Destination:            design_1_i/seven_segment_clock_0/U0/counter_reg[11]/D
                            (rising edge-triggered cell FDCE clocked by clk_out100_design_1_clk_wiz_0_0  {rise@0.000ns fall@5.000ns period=10.000ns})
  Path Group:             clk_out100_design_1_clk_wiz_0_0
  Path Type:              Hold (Min at Fast Process Corner)
  Requirement:            0.000ns  (clk_out100_design_1_clk_wiz_0_0 rise@0.000ns - clk_out100_design_1_clk_wiz_0_0 rise@0.000ns)
  Data Path Delay:        0.591ns  (logic 0.234ns (39.609%)  route 0.357ns (60.391%))
  Logic Levels:           2  (LUT2=1 LUT6=1)
  Clock Path Skew:        0.016ns (DCD - SCD - CPR)
    Destination Clock Delay (DCD):    0.832ns
    Source Clock Delay      (SCD):    0.564ns
    Clock Pessimism Removal (CPR):    0.252ns

    Location             Delay type                Incr(ns)  Path(ns)    Netlist Resource(s)
  -------------------------------------------------------------------    -------------------
                         (clock clk_out100_design_1_clk_wiz_0_0 rise edge)
                                                      0.000     0.000 r  
    BUFGCTRL_X0Y16       BUFG                         0.000     0.000 r  design_1_i/processing_system7_0/inst/buffer_fclk_clk_0.FCLK_CLK_0_BUFG/O
                         net (fo=883, routed)         0.548     0.548    design_1_i/clk_wiz_0/inst/clk_in1
    MMCME2_ADV_X0Y0      MMCME2_ADV (Prop_mmcme2_adv_CLKIN1_CLKOUT2)
                                                     -1.053    -0.506 r  design_1_i/clk_wiz_0/inst/mmcm_adv_inst/CLKOUT2
                         net (fo=1, routed)           0.482    -0.024    design_1_i/clk_wiz_0/inst/clk_out100_design_1_clk_wiz_0_0
    BUFGCTRL_X0Y2        BUFG (Prop_bufg_I_O)         0.026     0.002 r  design_1_i/clk_wiz_0/inst/clkout3_buf/O
                         net (fo=62, routed)          0.562     0.564    design_1_i/seven_segment_clock_0/U0/clk_100mhz
    SLICE_X17Y40         FDCE                                         r  design_1_i/seven_segment_clock_0/U0/counter_reg[4]/C
  -------------------------------------------------------------------    -------------------
    SLICE_X17Y40         FDCE (Prop_fdce_C_Q)         0.141     0.705 r  design_1_i/seven_segment_clock_0/U0/counter_reg[4]/Q
                         net (fo=2, routed)           0.202     0.907    design_1_i/seven_segment_clock_0/U0/counter[4]
    SLICE_X17Y40         LUT6 (Prop_lut6_I4_O)        0.045     0.952 r  design_1_i/seven_segment_clock_0/U0/clk_state_i_2/O
                         net (fo=14, routed)          0.154     1.106    design_1_i/seven_segment_clock_0/U0/clk_state_i_2_n_0
    SLICE_X17Y41         LUT2 (Prop_lut2_I0_O)        0.048     1.154 r  design_1_i/seven_segment_clock_0/U0/counter[11]_i_1/O
                         net (fo=1, routed)           0.000     1.154    design_1_i/seven_segment_clock_0/U0/counter_0[11]
    SLICE_X17Y41         FDCE                                         r  design_1_i/seven_segment_clock_0/U0/counter_reg[11]/D
  -------------------------------------------------------------------    -------------------

                         (clock clk_out100_design_1_clk_wiz_0_0 rise edge)
                                                      0.000     0.000 r  
    BUFGCTRL_X0Y16       BUFG                         0.000     0.000 r  design_1_i/processing_system7_0/inst/buffer_fclk_clk_0.FCLK_CLK_0_BUFG/O
                         net (fo=883, routed)         0.814     0.814    design_1_i/clk_wiz_0/inst/clk_in1
    MMCME2_ADV_X0Y0      MMCME2_ADV (Prop_mmcme2_adv_CLKIN1_CLKOUT2)
                                                     -1.369    -0.555 r  design_1_i/clk_wiz_0/inst/mmcm_adv_inst/CLKOUT2
                         net (fo=1, routed)           0.528    -0.027    design_1_i/clk_wiz_0/inst/clk_out100_design_1_clk_wiz_0_0
    BUFGCTRL_X0Y2        BUFG (Prop_bufg_I_O)         0.029     0.002 r  design_1_i/clk_wiz_0/inst/clkout3_buf/O
                         net (fo=62, routed)          0.830     0.832    design_1_i/seven_segment_clock_0/U0/clk_100mhz
    SLICE_X17Y41         FDCE                                         r  design_1_i/seven_segment_clock_0/U0/counter_reg[11]/C
                         clock pessimism             -0.252     0.580    
    SLICE_X17Y41         FDCE (Hold_fdce_C_D)         0.107     0.687    design_1_i/seven_segment_clock_0/U0/counter_reg[11]
  -------------------------------------------------------------------
                         required time                         -0.687    
                         arrival time                           1.154    
  -------------------------------------------------------------------
                         slack                                  0.468    

Slack (MET) :             0.470ns  (arrival time - required time)
  Source:                 design_1_i/seven_segment_clock_0/U0/counter_reg[4]/C
                            (rising edge-triggered cell FDCE clocked by clk_out100_design_1_clk_wiz_0_0  {rise@0.000ns fall@5.000ns period=10.000ns})
  Destination:            design_1_i/seven_segment_clock_0/U0/counter_reg[13]/D
                            (rising edge-triggered cell FDCE clocked by clk_out100_design_1_clk_wiz_0_0  {rise@0.000ns fall@5.000ns period=10.000ns})
  Path Group:             clk_out100_design_1_clk_wiz_0_0
  Path Type:              Hold (Min at Fast Process Corner)
  Requirement:            0.000ns  (clk_out100_design_1_clk_wiz_0_0 rise@0.000ns - clk_out100_design_1_clk_wiz_0_0 rise@0.000ns)
  Data Path Delay:        0.593ns  (logic 0.235ns (39.644%)  route 0.358ns (60.356%))
  Logic Levels:           2  (LUT2=1 LUT6=1)
  Clock Path Skew:        0.016ns (DCD - SCD - CPR)
    Destination Clock Delay (DCD):    0.832ns
    Source Clock Delay      (SCD):    0.564ns
    Clock Pessimism Removal (CPR):    0.252ns

    Location             Delay type                Incr(ns)  Path(ns)    Netlist Resource(s)
  -------------------------------------------------------------------    -------------------
                         (clock clk_out100_design_1_clk_wiz_0_0 rise edge)
                                                      0.000     0.000 r  
    BUFGCTRL_X0Y16       BUFG                         0.000     0.000 r  design_1_i/processing_system7_0/inst/buffer_fclk_clk_0.FCLK_CLK_0_BUFG/O
                         net (fo=883, routed)         0.548     0.548    design_1_i/clk_wiz_0/inst/clk_in1
    MMCME2_ADV_X0Y0      MMCME2_ADV (Prop_mmcme2_adv_CLKIN1_CLKOUT2)
                                                     -1.053    -0.506 r  design_1_i/clk_wiz_0/inst/mmcm_adv_inst/CLKOUT2
                         net (fo=1, routed)           0.482    -0.024    design_1_i/clk_wiz_0/inst/clk_out100_design_1_clk_wiz_0_0
    BUFGCTRL_X0Y2        BUFG (Prop_bufg_I_O)         0.026     0.002 r  design_1_i/clk_wiz_0/inst/clkout3_buf/O
                         net (fo=62, routed)          0.562     0.564    design_1_i/seven_segment_clock_0/U0/clk_100mhz
    SLICE_X17Y40         FDCE                                         r  design_1_i/seven_segment_clock_0/U0/counter_reg[4]/C
  -------------------------------------------------------------------    -------------------
    SLICE_X17Y40         FDCE (Prop_fdce_C_Q)         0.141     0.705 r  design_1_i/seven_segment_clock_0/U0/counter_reg[4]/Q
                         net (fo=2, routed)           0.202     0.907    design_1_i/seven_segment_clock_0/U0/counter[4]
    SLICE_X17Y40         LUT6 (Prop_lut6_I4_O)        0.045     0.952 r  design_1_i/seven_segment_clock_0/U0/clk_state_i_2/O
                         net (fo=14, routed)          0.155     1.107    design_1_i/seven_segment_clock_0/U0/clk_state_i_2_n_0
    SLICE_X17Y41         LUT2 (Prop_lut2_I0_O)        0.049     1.156 r  design_1_i/seven_segment_clock_0/U0/counter[13]_i_1/O
                         net (fo=1, routed)           0.000     1.156    design_1_i/seven_segment_clock_0/U0/counter_0[13]
    SLICE_X17Y41         FDCE                                         r  design_1_i/seven_segment_clock_0/U0/counter_reg[13]/D
  -------------------------------------------------------------------    -------------------

                         (clock clk_out100_design_1_clk_wiz_0_0 rise edge)
                                                      0.000     0.000 r  
    BUFGCTRL_X0Y16       BUFG                         0.000     0.000 r  design_1_i/processing_system7_0/inst/buffer_fclk_clk_0.FCLK_CLK_0_BUFG/O
                         net (fo=883, routed)         0.814     0.814    design_1_i/clk_wiz_0/inst/clk_in1
    MMCME2_ADV_X0Y0      MMCME2_ADV (Prop_mmcme2_adv_CLKIN1_CLKOUT2)
                                                     -1.369    -0.555 r  design_1_i/clk_wiz_0/inst/mmcm_adv_inst/CLKOUT2
                         net (fo=1, routed)           0.528    -0.027    design_1_i/clk_wiz_0/inst/clk_out100_design_1_clk_wiz_0_0
    BUFGCTRL_X0Y2        BUFG (Prop_bufg_I_O)         0.029     0.002 r  design_1_i/clk_wiz_0/inst/clkout3_buf/O
                         net (fo=62, routed)          0.830     0.832    design_1_i/seven_segment_clock_0/U0/clk_100mhz
    SLICE_X17Y41         FDCE                                         r  design_1_i/seven_segment_clock_0/U0/counter_reg[13]/C
                         clock pessimism             -0.252     0.580    
    SLICE_X17Y41         FDCE (Hold_fdce_C_D)         0.107     0.687    design_1_i/seven_segment_clock_0/U0/counter_reg[13]
  -------------------------------------------------------------------
                         required time                         -0.687    
                         arrival time                           1.156    
  -------------------------------------------------------------------
                         slack                                  0.470    

Slack (MET) :             0.481ns  (arrival time - required time)
  Source:                 design_1_i/seven_segment_clock_0/U0/counter_reg[4]/C
                            (rising edge-triggered cell FDCE clocked by clk_out100_design_1_clk_wiz_0_0  {rise@0.000ns fall@5.000ns period=10.000ns})
  Destination:            design_1_i/seven_segment_clock_0/U0/counter_reg[12]/D
                            (rising edge-triggered cell FDCE clocked by clk_out100_design_1_clk_wiz_0_0  {rise@0.000ns fall@5.000ns period=10.000ns})
  Path Group:             clk_out100_design_1_clk_wiz_0_0
  Path Type:              Hold (Min at Fast Process Corner)
  Requirement:            0.000ns  (clk_out100_design_1_clk_wiz_0_0 rise@0.000ns - clk_out100_design_1_clk_wiz_0_0 rise@0.000ns)
  Data Path Delay:        0.589ns  (logic 0.231ns (39.234%)  route 0.358ns (60.766%))
  Logic Levels:           2  (LUT2=1 LUT6=1)
  Clock Path Skew:        0.016ns (DCD - SCD - CPR)
    Destination Clock Delay (DCD):    0.832ns
    Source Clock Delay      (SCD):    0.564ns
    Clock Pessimism Removal (CPR):    0.252ns

    Location             Delay type                Incr(ns)  Path(ns)    Netlist Resource(s)
  -------------------------------------------------------------------    -------------------
                         (clock clk_out100_design_1_clk_wiz_0_0 rise edge)
                                                      0.000     0.000 r  
    BUFGCTRL_X0Y16       BUFG                         0.000     0.000 r  design_1_i/processing_system7_0/inst/buffer_fclk_clk_0.FCLK_CLK_0_BUFG/O
                         net (fo=883, routed)         0.548     0.548    design_1_i/clk_wiz_0/inst/clk_in1
    MMCME2_ADV_X0Y0      MMCME2_ADV (Prop_mmcme2_adv_CLKIN1_CLKOUT2)
                                                     -1.053    -0.506 r  design_1_i/clk_wiz_0/inst/mmcm_adv_inst/CLKOUT2
                         net (fo=1, routed)           0.482    -0.024    design_1_i/clk_wiz_0/inst/clk_out100_design_1_clk_wiz_0_0
    BUFGCTRL_X0Y2        BUFG (Prop_bufg_I_O)         0.026     0.002 r  design_1_i/clk_wiz_0/inst/clkout3_buf/O
                         net (fo=62, routed)          0.562     0.564    design_1_i/seven_segment_clock_0/U0/clk_100mhz
    SLICE_X17Y40         FDCE                                         r  design_1_i/seven_segment_clock_0/U0/counter_reg[4]/C
  -------------------------------------------------------------------    -------------------
    SLICE_X17Y40         FDCE (Prop_fdce_C_Q)         0.141     0.705 r  design_1_i/seven_segment_clock_0/U0/counter_reg[4]/Q
                         net (fo=2, routed)           0.202     0.907    design_1_i/seven_segment_clock_0/U0/counter[4]
    SLICE_X17Y40         LUT6 (Prop_lut6_I4_O)        0.045     0.952 r  design_1_i/seven_segment_clock_0/U0/clk_state_i_2/O
                         net (fo=14, routed)          0.155     1.107    design_1_i/seven_segment_clock_0/U0/clk_state_i_2_n_0
    SLICE_X17Y41         LUT2 (Prop_lut2_I0_O)        0.045     1.152 r  design_1_i/seven_segment_clock_0/U0/counter[12]_i_1/O
                         net (fo=1, routed)           0.000     1.152    design_1_i/seven_segment_clock_0/U0/counter_0[12]
    SLICE_X17Y41         FDCE                                         r  design_1_i/seven_segment_clock_0/U0/counter_reg[12]/D
  -------------------------------------------------------------------    -------------------

                         (clock clk_out100_design_1_clk_wiz_0_0 rise edge)
                                                      0.000     0.000 r  
    BUFGCTRL_X0Y16       BUFG                         0.000     0.000 r  design_1_i/processing_system7_0/inst/buffer_fclk_clk_0.FCLK_CLK_0_BUFG/O
                         net (fo=883, routed)         0.814     0.814    design_1_i/clk_wiz_0/inst/clk_in1
    MMCME2_ADV_X0Y0      MMCME2_ADV (Prop_mmcme2_adv_CLKIN1_CLKOUT2)
                                                     -1.369    -0.555 r  design_1_i/clk_wiz_0/inst/mmcm_adv_inst/CLKOUT2
                         net (fo=1, routed)           0.528    -0.027    design_1_i/clk_wiz_0/inst/clk_out100_design_1_clk_wiz_0_0
    BUFGCTRL_X0Y2        BUFG (Prop_bufg_I_O)         0.029     0.002 r  design_1_i/clk_wiz_0/inst/clkout3_buf/O
                         net (fo=62, routed)          0.830     0.832    design_1_i/seven_segment_clock_0/U0/clk_100mhz
    SLICE_X17Y41         FDCE                                         r  design_1_i/seven_segment_clock_0/U0/counter_reg[12]/C
                         clock pessimism             -0.252     0.580    
    SLICE_X17Y41         FDCE (Hold_fdce_C_D)         0.092     0.672    design_1_i/seven_segment_clock_0/U0/counter_reg[12]
  -------------------------------------------------------------------
                         required time                         -0.672    
                         arrival time                           1.152    
  -------------------------------------------------------------------
                         slack                                  0.481    

Slack (MET) :             0.481ns  (arrival time - required time)
  Source:                 design_1_i/seven_segment_clock_0/U0/counter_reg[4]/C
                            (rising edge-triggered cell FDCE clocked by clk_out100_design_1_clk_wiz_0_0  {rise@0.000ns fall@5.000ns period=10.000ns})
  Destination:            design_1_i/seven_segment_clock_0/U0/counter_reg[10]/D
                            (rising edge-triggered cell FDCE clocked by clk_out100_design_1_clk_wiz_0_0  {rise@0.000ns fall@5.000ns period=10.000ns})
  Path Group:             clk_out100_design_1_clk_wiz_0_0
  Path Type:              Hold (Min at Fast Process Corner)
  Requirement:            0.000ns  (clk_out100_design_1_clk_wiz_0_0 rise@0.000ns - clk_out100_design_1_clk_wiz_0_0 rise@0.000ns)
  Data Path Delay:        0.588ns  (logic 0.231ns (39.301%)  route 0.357ns (60.699%))
  Logic Levels:           2  (LUT2=1 LUT6=1)
  Clock Path Skew:        0.016ns (DCD - SCD - CPR)
    Destination Clock Delay (DCD):    0.832ns
    Source Clock Delay      (SCD):    0.564ns
    Clock Pessimism Removal (CPR):    0.252ns

    Location             Delay type                Incr(ns)  Path(ns)    Netlist Resource(s)
  -------------------------------------------------------------------    -------------------
                         (clock clk_out100_design_1_clk_wiz_0_0 rise edge)
                                                      0.000     0.000 r  
    BUFGCTRL_X0Y16       BUFG                         0.000     0.000 r  design_1_i/processing_system7_0/inst/buffer_fclk_clk_0.FCLK_CLK_0_BUFG/O
                         net (fo=883, routed)         0.548     0.548    design_1_i/clk_wiz_0/inst/clk_in1
    MMCME2_ADV_X0Y0      MMCME2_ADV (Prop_mmcme2_adv_CLKIN1_CLKOUT2)
                                                     -1.053    -0.506 r  design_1_i/clk_wiz_0/inst/mmcm_adv_inst/CLKOUT2
                         net (fo=1, routed)           0.482    -0.024    design_1_i/clk_wiz_0/inst/clk_out100_design_1_clk_wiz_0_0
    BUFGCTRL_X0Y2        BUFG (Prop_bufg_I_O)         0.026     0.002 r  design_1_i/clk_wiz_0/inst/clkout3_buf/O
                         net (fo=62, routed)          0.562     0.564    design_1_i/seven_segment_clock_0/U0/clk_100mhz
    SLICE_X17Y40         FDCE                                         r  design_1_i/seven_segment_clock_0/U0/counter_reg[4]/C
  -------------------------------------------------------------------    -------------------
    SLICE_X17Y40         FDCE (Prop_fdce_C_Q)         0.141     0.705 r  design_1_i/seven_segment_clock_0/U0/counter_reg[4]/Q
                         net (fo=2, routed)           0.202     0.907    design_1_i/seven_segment_clock_0/U0/counter[4]
    SLICE_X17Y40         LUT6 (Prop_lut6_I4_O)        0.045     0.952 r  design_1_i/seven_segment_clock_0/U0/clk_state_i_2/O
                         net (fo=14, routed)          0.154     1.106    design_1_i/seven_segment_clock_0/U0/clk_state_i_2_n_0
    SLICE_X17Y41         LUT2 (Prop_lut2_I0_O)        0.045     1.151 r  design_1_i/seven_segment_clock_0/U0/counter[10]_i_1/O
                         net (fo=1, routed)           0.000     1.151    design_1_i/seven_segment_clock_0/U0/counter_0[10]
    SLICE_X17Y41         FDCE                                         r  design_1_i/seven_segment_clock_0/U0/counter_reg[10]/D
  -------------------------------------------------------------------    -------------------

                         (clock clk_out100_design_1_clk_wiz_0_0 rise edge)
                                                      0.000     0.000 r  
    BUFGCTRL_X0Y16       BUFG                         0.000     0.000 r  design_1_i/processing_system7_0/inst/buffer_fclk_clk_0.FCLK_CLK_0_BUFG/O
                         net (fo=883, routed)         0.814     0.814    design_1_i/clk_wiz_0/inst/clk_in1
    MMCME2_ADV_X0Y0      MMCME2_ADV (Prop_mmcme2_adv_CLKIN1_CLKOUT2)
                                                     -1.369    -0.555 r  design_1_i/clk_wiz_0/inst/mmcm_adv_inst/CLKOUT2
                         net (fo=1, routed)           0.528    -0.027    design_1_i/clk_wiz_0/inst/clk_out100_design_1_clk_wiz_0_0
    BUFGCTRL_X0Y2        BUFG (Prop_bufg_I_O)         0.029     0.002 r  design_1_i/clk_wiz_0/inst/clkout3_buf/O
                         net (fo=62, routed)          0.830     0.832    design_1_i/seven_segment_clock_0/U0/clk_100mhz
    SLICE_X17Y41         FDCE                                         r  design_1_i/seven_segment_clock_0/U0/counter_reg[10]/C
                         clock pessimism             -0.252     0.580    
    SLICE_X17Y41         FDCE (Hold_fdce_C_D)         0.091     0.671    design_1_i/seven_segment_clock_0/U0/counter_reg[10]
  -------------------------------------------------------------------
                         required time                         -0.671    
                         arrival time                           1.151    
  -------------------------------------------------------------------
                         slack                                  0.481    

Slack (MET) :             0.526ns  (arrival time - required time)
  Source:                 design_1_i/seven_segment_clock_0/U0/counter_reg[4]/C
                            (rising edge-triggered cell FDCE clocked by clk_out100_design_1_clk_wiz_0_0  {rise@0.000ns fall@5.000ns period=10.000ns})
  Destination:            design_1_i/seven_segment_clock_0/U0/counter_reg[5]/D
                            (rising edge-triggered cell FDCE clocked by clk_out100_design_1_clk_wiz_0_0  {rise@0.000ns fall@5.000ns period=10.000ns})
  Path Group:             clk_out100_design_1_clk_wiz_0_0
  Path Type:              Hold (Min at Fast Process Corner)
  Requirement:            0.000ns  (clk_out100_design_1_clk_wiz_0_0 rise@0.000ns - clk_out100_design_1_clk_wiz_0_0 rise@0.000ns)
  Data Path Delay:        0.633ns  (logic 0.234ns (36.991%)  route 0.399ns (63.009%))
  Logic Levels:           2  (LUT2=1 LUT6=1)
  Clock Path Skew:        0.000ns (DCD - SCD - CPR)
    Destination Clock Delay (DCD):    0.832ns
    Source Clock Delay      (SCD):    0.564ns
    Clock Pessimism Removal (CPR):    0.268ns

    Location             Delay type                Incr(ns)  Path(ns)    Netlist Resource(s)
  -------------------------------------------------------------------    -------------------
                         (clock clk_out100_design_1_clk_wiz_0_0 rise edge)
                                                      0.000     0.000 r  
    BUFGCTRL_X0Y16       BUFG                         0.000     0.000 r  design_1_i/processing_system7_0/inst/buffer_fclk_clk_0.FCLK_CLK_0_BUFG/O
                         net (fo=883, routed)         0.548     0.548    design_1_i/clk_wiz_0/inst/clk_in1
    MMCME2_ADV_X0Y0      MMCME2_ADV (Prop_mmcme2_adv_CLKIN1_CLKOUT2)
                                                     -1.053    -0.506 r  design_1_i/clk_wiz_0/inst/mmcm_adv_inst/CLKOUT2
                         net (fo=1, routed)           0.482    -0.024    design_1_i/clk_wiz_0/inst/clk_out100_design_1_clk_wiz_0_0
    BUFGCTRL_X0Y2        BUFG (Prop_bufg_I_O)         0.026     0.002 r  design_1_i/clk_wiz_0/inst/clkout3_buf/O
                         net (fo=62, routed)          0.562     0.564    design_1_i/seven_segment_clock_0/U0/clk_100mhz
    SLICE_X17Y40         FDCE                                         r  design_1_i/seven_segment_clock_0/U0/counter_reg[4]/C
  -------------------------------------------------------------------    -------------------
    SLICE_X17Y40         FDCE (Prop_fdce_C_Q)         0.141     0.705 r  design_1_i/seven_segment_clock_0/U0/counter_reg[4]/Q
                         net (fo=2, routed)           0.202     0.907    design_1_i/seven_segment_clock_0/U0/counter[4]
    SLICE_X17Y40         LUT6 (Prop_lut6_I4_O)        0.045     0.952 r  design_1_i/seven_segment_clock_0/U0/clk_state_i_2/O
                         net (fo=14, routed)          0.196     1.148    design_1_i/seven_segment_clock_0/U0/clk_state_i_2_n_0
    SLICE_X17Y40         LUT2 (Prop_lut2_I0_O)        0.048     1.196 r  design_1_i/seven_segment_clock_0/U0/counter[5]_i_1/O
                         net (fo=1, routed)           0.000     1.196    design_1_i/seven_segment_clock_0/U0/counter_0[5]
    SLICE_X17Y40         FDCE                                         r  design_1_i/seven_segment_clock_0/U0/counter_reg[5]/D
  -------------------------------------------------------------------    -------------------

                         (clock clk_out100_design_1_clk_wiz_0_0 rise edge)
                                                      0.000     0.000 r  
    BUFGCTRL_X0Y16       BUFG                         0.000     0.000 r  design_1_i/processing_system7_0/inst/buffer_fclk_clk_0.FCLK_CLK_0_BUFG/O
                         net (fo=883, routed)         0.814     0.814    design_1_i/clk_wiz_0/inst/clk_in1
    MMCME2_ADV_X0Y0      MMCME2_ADV (Prop_mmcme2_adv_CLKIN1_CLKOUT2)
                                                     -1.369    -0.555 r  design_1_i/clk_wiz_0/inst/mmcm_adv_inst/CLKOUT2
                         net (fo=1, routed)           0.528    -0.027    design_1_i/clk_wiz_0/inst/clk_out100_design_1_clk_wiz_0_0
    BUFGCTRL_X0Y2        BUFG (Prop_bufg_I_O)         0.029     0.002 r  design_1_i/clk_wiz_0/inst/clkout3_buf/O
                         net (fo=62, routed)          0.830     0.832    design_1_i/seven_segment_clock_0/U0/clk_100mhz
    SLICE_X17Y40         FDCE                                         r  design_1_i/seven_segment_clock_0/U0/counter_reg[5]/C
                         clock pessimism             -0.268     0.564    
    SLICE_X17Y40         FDCE (Hold_fdce_C_D)         0.107     0.671    design_1_i/seven_segment_clock_0/U0/counter_reg[5]
  -------------------------------------------------------------------
                         required time                         -0.671    
                         arrival time                           1.196    
  -------------------------------------------------------------------
                         slack                                  0.526    

Slack (MET) :             0.528ns  (arrival time - required time)
  Source:                 design_1_i/seven_segment_clock_0/U0/counter_reg[4]/C
                            (rising edge-triggered cell FDCE clocked by clk_out100_design_1_clk_wiz_0_0  {rise@0.000ns fall@5.000ns period=10.000ns})
  Destination:            design_1_i/seven_segment_clock_0/U0/counter_reg[7]/D
                            (rising edge-triggered cell FDCE clocked by clk_out100_design_1_clk_wiz_0_0  {rise@0.000ns fall@5.000ns period=10.000ns})
  Path Group:             clk_out100_design_1_clk_wiz_0_0
  Path Type:              Hold (Min at Fast Process Corner)
  Requirement:            0.000ns  (clk_out100_design_1_clk_wiz_0_0 rise@0.000ns - clk_out100_design_1_clk_wiz_0_0 rise@0.000ns)
  Data Path Delay:        0.635ns  (logic 0.235ns (37.032%)  route 0.400ns (62.968%))
  Logic Levels:           2  (LUT2=1 LUT6=1)
  Clock Path Skew:        0.000ns (DCD - SCD - CPR)
    Destination Clock Delay (DCD):    0.832ns
    Source Clock Delay      (SCD):    0.564ns
    Clock Pessimism Removal (CPR):    0.268ns

    Location             Delay type                Incr(ns)  Path(ns)    Netlist Resource(s)
  -------------------------------------------------------------------    -------------------
                         (clock clk_out100_design_1_clk_wiz_0_0 rise edge)
                                                      0.000     0.000 r  
    BUFGCTRL_X0Y16       BUFG                         0.000     0.000 r  design_1_i/processing_system7_0/inst/buffer_fclk_clk_0.FCLK_CLK_0_BUFG/O
                         net (fo=883, routed)         0.548     0.548    design_1_i/clk_wiz_0/inst/clk_in1
    MMCME2_ADV_X0Y0      MMCME2_ADV (Prop_mmcme2_adv_CLKIN1_CLKOUT2)
                                                     -1.053    -0.506 r  design_1_i/clk_wiz_0/inst/mmcm_adv_inst/CLKOUT2
                         net (fo=1, routed)           0.482    -0.024    design_1_i/clk_wiz_0/inst/clk_out100_design_1_clk_wiz_0_0
    BUFGCTRL_X0Y2        BUFG (Prop_bufg_I_O)         0.026     0.002 r  design_1_i/clk_wiz_0/inst/clkout3_buf/O
                         net (fo=62, routed)          0.562     0.564    design_1_i/seven_segment_clock_0/U0/clk_100mhz
    SLICE_X17Y40         FDCE                                         r  design_1_i/seven_segment_clock_0/U0/counter_reg[4]/C
  -------------------------------------------------------------------    -------------------
    SLICE_X17Y40         FDCE (Prop_fdce_C_Q)         0.141     0.705 r  design_1_i/seven_segment_clock_0/U0/counter_reg[4]/Q
                         net (fo=2, routed)           0.202     0.907    design_1_i/seven_segment_clock_0/U0/counter[4]
    SLICE_X17Y40         LUT6 (Prop_lut6_I4_O)        0.045     0.952 r  design_1_i/seven_segment_clock_0/U0/clk_state_i_2/O
                         net (fo=14, routed)          0.197     1.149    design_1_i/seven_segment_clock_0/U0/clk_state_i_2_n_0
    SLICE_X17Y40         LUT2 (Prop_lut2_I0_O)        0.049     1.198 r  design_1_i/seven_segment_clock_0/U0/counter[7]_i_1/O
                         net (fo=1, routed)           0.000     1.198    design_1_i/seven_segment_clock_0/U0/counter_0[7]
    SLICE_X17Y40         FDCE                                         r  design_1_i/seven_segment_clock_0/U0/counter_reg[7]/D
  -------------------------------------------------------------------    -------------------

                         (clock clk_out100_design_1_clk_wiz_0_0 rise edge)
                                                      0.000     0.000 r  
    BUFGCTRL_X0Y16       BUFG                         0.000     0.000 r  design_1_i/processing_system7_0/inst/buffer_fclk_clk_0.FCLK_CLK_0_BUFG/O
                         net (fo=883, routed)         0.814     0.814    design_1_i/clk_wiz_0/inst/clk_in1
    MMCME2_ADV_X0Y0      MMCME2_ADV (Prop_mmcme2_adv_CLKIN1_CLKOUT2)
                                                     -1.369    -0.555 r  design_1_i/clk_wiz_0/inst/mmcm_adv_inst/CLKOUT2
                         net (fo=1, routed)           0.528    -0.027    design_1_i/clk_wiz_0/inst/clk_out100_design_1_clk_wiz_0_0
    BUFGCTRL_X0Y2        BUFG (Prop_bufg_I_O)         0.029     0.002 r  design_1_i/clk_wiz_0/inst/clkout3_buf/O
                         net (fo=62, routed)          0.830     0.832    design_1_i/seven_segment_clock_0/U0/clk_100mhz
    SLICE_X17Y40         FDCE                                         r  design_1_i/seven_segment_clock_0/U0/counter_reg[7]/C
                         clock pessimism             -0.268     0.564    
    SLICE_X17Y40         FDCE (Hold_fdce_C_D)         0.107     0.671    design_1_i/seven_segment_clock_0/U0/counter_reg[7]
  -------------------------------------------------------------------
                         required time                         -0.671    
                         arrival time                           1.198    
  -------------------------------------------------------------------
                         slack                                  0.528    





Pulse Width Checks
--------------------------------------------------------------------------------------
Clock Name:         clk_out100_design_1_clk_wiz_0_0
Waveform(ns):       { 0.000 5.000 }
Period(ns):         10.000
Sources:            { design_1_i/clk_wiz_0/inst/mmcm_adv_inst/CLKOUT2 }

Check Type        Corner  Lib Pin             Reference Pin  Required(ns)  Actual(ns)  Slack(ns)  Location         Pin
Min Period        n/a     BUFG/I              n/a            2.155         10.000      7.845      BUFGCTRL_X0Y2    design_1_i/clk_wiz_0/inst/clkout3_buf/I
Min Period        n/a     MMCME2_ADV/CLKOUT2  n/a            1.249         10.000      8.751      MMCME2_ADV_X0Y0  design_1_i/clk_wiz_0/inst/mmcm_adv_inst/CLKOUT2
Min Period        n/a     FDCE/C              n/a            1.000         10.000      9.000      SLICE_X15Y42     design_1_i/game_clock_0/U0/clk_state_reg/C
Min Period        n/a     FDCE/C              n/a            1.000         10.000      9.000      SLICE_X14Y42     design_1_i/game_clock_0/U0/counter_reg[0]/C
Min Period        n/a     FDCE/C              n/a            1.000         10.000      9.000      SLICE_X16Y44     design_1_i/game_clock_0/U0/counter_reg[10]/C
Min Period        n/a     FDCE/C              n/a            1.000         10.000      9.000      SLICE_X16Y44     design_1_i/game_clock_0/U0/counter_reg[11]/C
Min Period        n/a     FDCE/C              n/a            1.000         10.000      9.000      SLICE_X16Y45     design_1_i/game_clock_0/U0/counter_reg[12]/C
Min Period        n/a     FDCE/C              n/a            1.000         10.000      9.000      SLICE_X16Y45     design_1_i/game_clock_0/U0/counter_reg[13]/C
Min Period        n/a     FDCE/C              n/a            1.000         10.000      9.000      SLICE_X16Y45     design_1_i/game_clock_0/U0/counter_reg[14]/C
Min Period        n/a     FDCE/C              n/a            1.000         10.000      9.000      SLICE_X16Y45     design_1_i/game_clock_0/U0/counter_reg[15]/C
Max Period        n/a     MMCME2_ADV/CLKOUT2  n/a            213.360       10.000      203.360    MMCME2_ADV_X0Y0  design_1_i/clk_wiz_0/inst/mmcm_adv_inst/CLKOUT2
Low Pulse Width   Slow    FDCE/C              n/a            0.500         5.000       4.500      SLICE_X15Y42     design_1_i/game_clock_0/U0/clk_state_reg/C
Low Pulse Width   Fast    FDCE/C              n/a            0.500         5.000       4.500      SLICE_X15Y42     design_1_i/game_clock_0/U0/clk_state_reg/C
Low Pulse Width   Slow    FDCE/C              n/a            0.500         5.000       4.500      SLICE_X14Y42     design_1_i/game_clock_0/U0/counter_reg[0]/C
Low Pulse Width   Fast    FDCE/C              n/a            0.500         5.000       4.500      SLICE_X14Y42     design_1_i/game_clock_0/U0/counter_reg[0]/C
Low Pulse Width   Slow    FDCE/C              n/a            0.500         5.000       4.500      SLICE_X16Y44     design_1_i/game_clock_0/U0/counter_reg[10]/C
Low Pulse Width   Fast    FDCE/C              n/a            0.500         5.000       4.500      SLICE_X16Y44     design_1_i/game_clock_0/U0/counter_reg[10]/C
Low Pulse Width   Slow    FDCE/C              n/a            0.500         5.000       4.500      SLICE_X16Y44     design_1_i/game_clock_0/U0/counter_reg[11]/C
Low Pulse Width   Fast    FDCE/C              n/a            0.500         5.000       4.500      SLICE_X16Y44     design_1_i/game_clock_0/U0/counter_reg[11]/C
Low Pulse Width   Slow    FDCE/C              n/a            0.500         5.000       4.500      SLICE_X16Y45     design_1_i/game_clock_0/U0/counter_reg[12]/C
Low Pulse Width   Fast    FDCE/C              n/a            0.500         5.000       4.500      SLICE_X16Y45     design_1_i/game_clock_0/U0/counter_reg[12]/C
High Pulse Width  Slow    FDCE/C              n/a            0.500         5.000       4.500      SLICE_X15Y42     design_1_i/game_clock_0/U0/clk_state_reg/C
High Pulse Width  Fast    FDCE/C              n/a            0.500         5.000       4.500      SLICE_X15Y42     design_1_i/game_clock_0/U0/clk_state_reg/C
High Pulse Width  Slow    FDCE/C              n/a            0.500         5.000       4.500      SLICE_X14Y42     design_1_i/game_clock_0/U0/counter_reg[0]/C
High Pulse Width  Fast    FDCE/C              n/a            0.500         5.000       4.500      SLICE_X14Y42     design_1_i/game_clock_0/U0/counter_reg[0]/C
High Pulse Width  Slow    FDCE/C              n/a            0.500         5.000       4.500      SLICE_X16Y44     design_1_i/game_clock_0/U0/counter_reg[10]/C
High Pulse Width  Fast    FDCE/C              n/a            0.500         5.000       4.500      SLICE_X16Y44     design_1_i/game_clock_0/U0/counter_reg[10]/C
High Pulse Width  Slow    FDCE/C              n/a            0.500         5.000       4.500      SLICE_X16Y44     design_1_i/game_clock_0/U0/counter_reg[11]/C
High Pulse Width  Fast    FDCE/C              n/a            0.500         5.000       4.500      SLICE_X16Y44     design_1_i/game_clock_0/U0/counter_reg[11]/C
High Pulse Width  Slow    FDCE/C              n/a            0.500         5.000       4.500      SLICE_X16Y45     design_1_i/game_clock_0/U0/counter_reg[12]/C
High Pulse Width  Fast    FDCE/C              n/a            0.500         5.000       4.500      SLICE_X16Y45     design_1_i/game_clock_0/U0/counter_reg[12]/C



---------------------------------------------------------------------------------------------------
From Clock:  clk_out125_design_1_clk_wiz_0_0
  To Clock:  clk_out125_design_1_clk_wiz_0_0

Setup :           NA  Failing Endpoints,  Worst Slack           NA  ,  Total Violation           NA
Hold  :           NA  Failing Endpoints,  Worst Slack           NA  ,  Total Violation           NA
PW    :            0  Failing Endpoints,  Worst Slack        5.845ns,  Total Violation        0.000ns
---------------------------------------------------------------------------------------------------


Pulse Width Checks
--------------------------------------------------------------------------------------
Clock Name:         clk_out125_design_1_clk_wiz_0_0
Waveform(ns):       { 0.000 4.000 }
Period(ns):         8.000
Sources:            { design_1_i/clk_wiz_0/inst/mmcm_adv_inst/CLKOUT1 }

Check Type  Corner  Lib Pin             Reference Pin  Required(ns)  Actual(ns)  Slack(ns)  Location         Pin
Min Period  n/a     BUFG/I              n/a            2.155         8.000       5.845      BUFGCTRL_X0Y1    design_1_i/clk_wiz_0/inst/clkout2_buf/I
Min Period  n/a     OSERDESE2/CLK       n/a            1.667         8.000       6.333      OLOGIC_X0Y8      design_1_i/hdmi_tx_0/inst/serial_b/oserdes_m/CLK
Min Period  n/a     OSERDESE2/CLK       n/a            1.667         8.000       6.333      OLOGIC_X0Y7      design_1_i/hdmi_tx_0/inst/serial_b/oserdes_s/CLK
Min Period  n/a     OSERDESE2/CLK       n/a            1.667         8.000       6.333      OLOGIC_X0Y26     design_1_i/hdmi_tx_0/inst/serial_clk/oserdes_m/CLK
Min Period  n/a     OSERDESE2/CLK       n/a            1.667         8.000       6.333      OLOGIC_X0Y25     design_1_i/hdmi_tx_0/inst/serial_clk/oserdes_s/CLK
Min Period  n/a     OSERDESE2/CLK       n/a            1.667         8.000       6.333      OLOGIC_X0Y4      design_1_i/hdmi_tx_0/inst/serial_g/oserdes_m/CLK
Min Period  n/a     OSERDESE2/CLK       n/a            1.667         8.000       6.333      OLOGIC_X0Y3      design_1_i/hdmi_tx_0/inst/serial_g/oserdes_s/CLK
Min Period  n/a     OSERDESE2/CLK       n/a            1.667         8.000       6.333      OLOGIC_X0Y24     design_1_i/hdmi_tx_0/inst/serial_r/oserdes_m/CLK
Min Period  n/a     OSERDESE2/CLK       n/a            1.667         8.000       6.333      OLOGIC_X0Y23     design_1_i/hdmi_tx_0/inst/serial_r/oserdes_s/CLK
Min Period  n/a     MMCME2_ADV/CLKOUT1  n/a            1.249         8.000       6.751      MMCME2_ADV_X0Y0  design_1_i/clk_wiz_0/inst/mmcm_adv_inst/CLKOUT1
Max Period  n/a     MMCME2_ADV/CLKOUT1  n/a            213.360       8.000       205.360    MMCME2_ADV_X0Y0  design_1_i/clk_wiz_0/inst/mmcm_adv_inst/CLKOUT1



---------------------------------------------------------------------------------------------------
From Clock:  clk_out25_design_1_clk_wiz_0_0
  To Clock:  clk_out25_design_1_clk_wiz_0_0

Setup :            0  Failing Endpoints,  Worst Slack       24.262ns,  Total Violation        0.000ns
Hold  :            0  Failing Endpoints,  Worst Slack        0.104ns,  Total Violation        0.000ns
PW    :            0  Failing Endpoints,  Worst Slack       19.020ns,  Total Violation        0.000ns
---------------------------------------------------------------------------------------------------


Max Delay Paths
--------------------------------------------------------------------------------------
Slack (MET) :             24.262ns  (required time - arrival time)
  Source:                 design_1_i/vga_controller_0/U0/h_count_reg[8]/C
                            (rising edge-triggered cell FDRE clocked by clk_out25_design_1_clk_wiz_0_0  {rise@0.000ns fall@20.000ns period=40.000ns})
  Destination:            design_1_i/hdmi_tx_0/inst/srldly_0/srl[29].srl16_i/D
                            (rising edge-triggered cell SRL16E clocked by clk_out25_design_1_clk_wiz_0_0  {rise@0.000ns fall@20.000ns period=40.000ns})
  Path Group:             clk_out25_design_1_clk_wiz_0_0
  Path Type:              Setup (Max at Slow Process Corner)
  Requirement:            40.000ns  (clk_out25_design_1_clk_wiz_0_0 rise@40.000ns - clk_out25_design_1_clk_wiz_0_0 rise@0.000ns)
  Data Path Delay:        15.275ns  (logic 8.358ns (54.718%)  route 6.917ns (45.282%))
  Logic Levels:           9  (CARRY4=4 DSP48E1=2 LUT2=2 LUT4=1)
  Clock Path Skew:        -0.089ns (DCD - SCD + CPR)
    Destination Clock Delay (DCD):    1.578ns = ( 41.578 - 40.000 ) 
    Source Clock Delay      (SCD):    1.671ns
    Clock Pessimism Removal (CPR):    0.004ns
  Clock Uncertainty:      0.123ns  ((TSJ^2 + DJ^2)^1/2) / 2 + PE
    Total System Jitter     (TSJ):    0.071ns
    Discrete Jitter          (DJ):    0.236ns
    Phase Error              (PE):    0.000ns

    Location             Delay type                Incr(ns)  Path(ns)    Netlist Resource(s)
  -------------------------------------------------------------------    -------------------
                         (clock clk_out25_design_1_clk_wiz_0_0 rise edge)
                                                      0.000     0.000 r  
    BUFGCTRL_X0Y16       BUFG                         0.000     0.000 r  design_1_i/processing_system7_0/inst/buffer_fclk_clk_0.FCLK_CLK_0_BUFG/O
                         net (fo=883, routed)         1.680     1.680    design_1_i/clk_wiz_0/inst/clk_in1
    MMCME2_ADV_X0Y0      MMCME2_ADV (Prop_mmcme2_adv_CLKIN1_CLKOUT0)
                                                     -3.538    -1.858 r  design_1_i/clk_wiz_0/inst/mmcm_adv_inst/CLKOUT0
                         net (fo=1, routed)           1.760    -0.098    design_1_i/clk_wiz_0/inst/clk_out25_design_1_clk_wiz_0_0
    BUFGCTRL_X0Y0        BUFG (Prop_bufg_I_O)         0.101     0.003 r  design_1_i/clk_wiz_0/inst/clkout1_buf/O
                         net (fo=184, routed)         1.668     1.671    design_1_i/vga_controller_0/U0/clk
    SLICE_X12Y29         FDRE                                         r  design_1_i/vga_controller_0/U0/h_count_reg[8]/C
  -------------------------------------------------------------------    -------------------
    SLICE_X12Y29         FDRE (Prop_fdre_C_Q)         0.478     2.149 r  design_1_i/vga_controller_0/U0/h_count_reg[8]/Q
                         net (fo=12, routed)          1.183     3.332    design_1_i/vga_controller_0/U0/h_count_reg[8]
    SLICE_X11Y32         LUT2 (Prop_lut2_I0_O)        0.301     3.633 r  design_1_i/vga_controller_0/U0/i__carry__1_i_2__2/O
                         net (fo=1, routed)           0.000     3.633    design_1_i/vga_controller_0/U0/i__carry__1_i_2__2_n_0
    SLICE_X11Y32         CARRY4 (Prop_carry4_S[0]_O[2])
                                                      0.547     4.180 r  design_1_i/vga_controller_0/U0/red3_inferred__2/i__carry__1/O[2]
                         net (fo=28, routed)          0.996     5.176    design_1_i/vga_controller_0/U0/red3_inferred__2/i__carry__1_n_5
    DSP48_X0Y12          DSP48E1 (Prop_dsp48e1_A[16]_PCOUT[47])
                                                      4.214     9.390 r  design_1_i/vga_controller_0/U0/red2/PCOUT[47]
                         net (fo=1, routed)           0.002     9.392    design_1_i/vga_controller_0/U0/red2_n_106
    DSP48_X0Y13          DSP48E1 (Prop_dsp48e1_PCIN[47]_P[4])
                                                      1.518    10.910 f  design_1_i/vga_controller_0/U0/red1/P[4]
                         net (fo=1, routed)           0.995    11.906    design_1_i/vga_controller_0/U0/red1_n_101
    SLICE_X9Y31          LUT2 (Prop_lut2_I1_O)        0.124    12.030 r  design_1_i/vga_controller_0/U0/red0_carry_i_6/O
                         net (fo=1, routed)           0.000    12.030    design_1_i/vga_controller_0/U0/red0_carry_i_6_n_0
    SLICE_X9Y31          CARRY4 (Prop_carry4_S[1]_CO[3])
                                                      0.550    12.580 r  design_1_i/vga_controller_0/U0/red0_carry/CO[3]
                         net (fo=1, routed)           0.000    12.580    design_1_i/vga_controller_0/U0/red0_carry_n_0
    SLICE_X9Y32          CARRY4 (Prop_carry4_CI_CO[3])
                                                      0.114    12.694 r  design_1_i/vga_controller_0/U0/red0_carry__0/CO[3]
                         net (fo=1, routed)           0.000    12.694    design_1_i/vga_controller_0/U0/red0_carry__0_n_0
    SLICE_X9Y33          CARRY4 (Prop_carry4_CI_CO[1])
                                                      0.157    12.851 r  design_1_i/vga_controller_0/U0/red0_carry__1/CO[1]
                         net (fo=2, routed)           1.048    13.899    design_1_i/vga_controller_0/U0/red0_carry__1_n_2
    SLICE_X12Y28         LUT4 (Prop_lut4_I3_O)        0.355    14.254 r  design_1_i/vga_controller_0/U0/green[0]_INST_0/O
                         net (fo=8, routed)           2.692    16.946    design_1_i/hdmi_tx_0/inst/srldly_0/data_i[16]
    SLICE_X38Y6          SRL16E                                       r  design_1_i/hdmi_tx_0/inst/srldly_0/srl[29].srl16_i/D
  -------------------------------------------------------------------    -------------------

                         (clock clk_out25_design_1_clk_wiz_0_0 rise edge)
                                                     40.000    40.000 r  
    BUFGCTRL_X0Y16       BUFG                         0.000    40.000 r  design_1_i/processing_system7_0/inst/buffer_fclk_clk_0.FCLK_CLK_0_BUFG/O
                         net (fo=883, routed)         1.490    41.490    design_1_i/clk_wiz_0/inst/clk_in1
    MMCME2_ADV_X0Y0      MMCME2_ADV (Prop_mmcme2_adv_CLKIN1_CLKOUT0)
                                                     -3.177    38.313 r  design_1_i/clk_wiz_0/inst/mmcm_adv_inst/CLKOUT0
                         net (fo=1, routed)           1.599    39.912    design_1_i/clk_wiz_0/inst/clk_out25_design_1_clk_wiz_0_0
    BUFGCTRL_X0Y0        BUFG (Prop_bufg_I_O)         0.091    40.003 r  design_1_i/clk_wiz_0/inst/clkout1_buf/O
                         net (fo=184, routed)         1.575    41.578    design_1_i/hdmi_tx_0/inst/srldly_0/pix_clk
    SLICE_X38Y6          SRL16E                                       r  design_1_i/hdmi_tx_0/inst/srldly_0/srl[29].srl16_i/CLK
                         clock pessimism              0.004    41.582    
                         clock uncertainty           -0.123    41.459    
    SLICE_X38Y6          SRL16E (Setup_srl16e_CLK_D)
                                                     -0.251    41.208    design_1_i/hdmi_tx_0/inst/srldly_0/srl[29].srl16_i
  -------------------------------------------------------------------
                         required time                         41.208    
                         arrival time                         -16.946    
  -------------------------------------------------------------------
                         slack                                 24.262    

Slack (MET) :             24.271ns  (required time - arrival time)
  Source:                 design_1_i/vga_controller_0/U0/h_count_reg[8]/C
                            (rising edge-triggered cell FDRE clocked by clk_out25_design_1_clk_wiz_0_0  {rise@0.000ns fall@20.000ns period=40.000ns})
  Destination:            design_1_i/hdmi_tx_0/inst/srldly_0/srl[24].srl16_i/D
                            (rising edge-triggered cell SRL16E clocked by clk_out25_design_1_clk_wiz_0_0  {rise@0.000ns fall@20.000ns period=40.000ns})
  Path Group:             clk_out25_design_1_clk_wiz_0_0
  Path Type:              Setup (Max at Slow Process Corner)
  Requirement:            40.000ns  (clk_out25_design_1_clk_wiz_0_0 rise@40.000ns - clk_out25_design_1_clk_wiz_0_0 rise@0.000ns)
  Data Path Delay:        15.275ns  (logic 8.358ns (54.717%)  route 6.917ns (45.283%))
  Logic Levels:           9  (CARRY4=4 DSP48E1=2 LUT2=2 LUT4=1)
  Clock Path Skew:        -0.088ns (DCD - SCD + CPR)
    Destination Clock Delay (DCD):    1.579ns = ( 41.579 - 40.000 ) 
    Source Clock Delay      (SCD):    1.671ns
    Clock Pessimism Removal (CPR):    0.004ns
  Clock Uncertainty:      0.123ns  ((TSJ^2 + DJ^2)^1/2) / 2 + PE
    Total System Jitter     (TSJ):    0.071ns
    Discrete Jitter          (DJ):    0.236ns
    Phase Error              (PE):    0.000ns

    Location             Delay type                Incr(ns)  Path(ns)    Netlist Resource(s)
  -------------------------------------------------------------------    -------------------
                         (clock clk_out25_design_1_clk_wiz_0_0 rise edge)
                                                      0.000     0.000 r  
    BUFGCTRL_X0Y16       BUFG                         0.000     0.000 r  design_1_i/processing_system7_0/inst/buffer_fclk_clk_0.FCLK_CLK_0_BUFG/O
                         net (fo=883, routed)         1.680     1.680    design_1_i/clk_wiz_0/inst/clk_in1
    MMCME2_ADV_X0Y0      MMCME2_ADV (Prop_mmcme2_adv_CLKIN1_CLKOUT0)
                                                     -3.538    -1.858 r  design_1_i/clk_wiz_0/inst/mmcm_adv_inst/CLKOUT0
                         net (fo=1, routed)           1.760    -0.098    design_1_i/clk_wiz_0/inst/clk_out25_design_1_clk_wiz_0_0
    BUFGCTRL_X0Y0        BUFG (Prop_bufg_I_O)         0.101     0.003 r  design_1_i/clk_wiz_0/inst/clkout1_buf/O
                         net (fo=184, routed)         1.668     1.671    design_1_i/vga_controller_0/U0/clk
    SLICE_X12Y29         FDRE                                         r  design_1_i/vga_controller_0/U0/h_count_reg[8]/C
  -------------------------------------------------------------------    -------------------
    SLICE_X12Y29         FDRE (Prop_fdre_C_Q)         0.478     2.149 r  design_1_i/vga_controller_0/U0/h_count_reg[8]/Q
                         net (fo=12, routed)          1.183     3.332    design_1_i/vga_controller_0/U0/h_count_reg[8]
    SLICE_X11Y32         LUT2 (Prop_lut2_I0_O)        0.301     3.633 r  design_1_i/vga_controller_0/U0/i__carry__1_i_2__2/O
                         net (fo=1, routed)           0.000     3.633    design_1_i/vga_controller_0/U0/i__carry__1_i_2__2_n_0
    SLICE_X11Y32         CARRY4 (Prop_carry4_S[0]_O[2])
                                                      0.547     4.180 r  design_1_i/vga_controller_0/U0/red3_inferred__2/i__carry__1/O[2]
                         net (fo=28, routed)          0.996     5.176    design_1_i/vga_controller_0/U0/red3_inferred__2/i__carry__1_n_5
    DSP48_X0Y12          DSP48E1 (Prop_dsp48e1_A[16]_PCOUT[47])
                                                      4.214     9.390 r  design_1_i/vga_controller_0/U0/red2/PCOUT[47]
                         net (fo=1, routed)           0.002     9.392    design_1_i/vga_controller_0/U0/red2_n_106
    DSP48_X0Y13          DSP48E1 (Prop_dsp48e1_PCIN[47]_P[4])
                                                      1.518    10.910 f  design_1_i/vga_controller_0/U0/red1/P[4]
                         net (fo=1, routed)           0.995    11.906    design_1_i/vga_controller_0/U0/red1_n_101
    SLICE_X9Y31          LUT2 (Prop_lut2_I1_O)        0.124    12.030 r  design_1_i/vga_controller_0/U0/red0_carry_i_6/O
                         net (fo=1, routed)           0.000    12.030    design_1_i/vga_controller_0/U0/red0_carry_i_6_n_0
    SLICE_X9Y31          CARRY4 (Prop_carry4_S[1]_CO[3])
                                                      0.550    12.580 r  design_1_i/vga_controller_0/U0/red0_carry/CO[3]
                         net (fo=1, routed)           0.000    12.580    design_1_i/vga_controller_0/U0/red0_carry_n_0
    SLICE_X9Y32          CARRY4 (Prop_carry4_CI_CO[3])
                                                      0.114    12.694 r  design_1_i/vga_controller_0/U0/red0_carry__0/CO[3]
                         net (fo=1, routed)           0.000    12.694    design_1_i/vga_controller_0/U0/red0_carry__0_n_0
    SLICE_X9Y33          CARRY4 (Prop_carry4_CI_CO[1])
                                                      0.157    12.851 r  design_1_i/vga_controller_0/U0/red0_carry__1/CO[1]
                         net (fo=2, routed)           1.048    13.899    design_1_i/vga_controller_0/U0/red0_carry__1_n_2
    SLICE_X12Y28         LUT4 (Prop_lut4_I3_O)        0.355    14.254 r  design_1_i/vga_controller_0/U0/green[0]_INST_0/O
                         net (fo=8, routed)           2.692    16.946    design_1_i/hdmi_tx_0/inst/srldly_0/data_i[11]
    SLICE_X42Y6          SRL16E                                       r  design_1_i/hdmi_tx_0/inst/srldly_0/srl[24].srl16_i/D
  -------------------------------------------------------------------    -------------------

                         (clock clk_out25_design_1_clk_wiz_0_0 rise edge)
                                                     40.000    40.000 r  
    BUFGCTRL_X0Y16       BUFG                         0.000    40.000 r  design_1_i/processing_system7_0/inst/buffer_fclk_clk_0.FCLK_CLK_0_BUFG/O
                         net (fo=883, routed)         1.490    41.490    design_1_i/clk_wiz_0/inst/clk_in1
    MMCME2_ADV_X0Y0      MMCME2_ADV (Prop_mmcme2_adv_CLKIN1_CLKOUT0)
                                                     -3.177    38.313 r  design_1_i/clk_wiz_0/inst/mmcm_adv_inst/CLKOUT0
                         net (fo=1, routed)           1.599    39.912    design_1_i/clk_wiz_0/inst/clk_out25_design_1_clk_wiz_0_0
    BUFGCTRL_X0Y0        BUFG (Prop_bufg_I_O)         0.091    40.003 r  design_1_i/clk_wiz_0/inst/clkout1_buf/O
                         net (fo=184, routed)         1.576    41.579    design_1_i/hdmi_tx_0/inst/srldly_0/pix_clk
    SLICE_X42Y6          SRL16E                                       r  design_1_i/hdmi_tx_0/inst/srldly_0/srl[24].srl16_i/CLK
                         clock pessimism              0.004    41.583    
                         clock uncertainty           -0.123    41.460    
    SLICE_X42Y6          SRL16E (Setup_srl16e_CLK_D)
                                                     -0.243    41.217    design_1_i/hdmi_tx_0/inst/srldly_0/srl[24].srl16_i
  -------------------------------------------------------------------
                         required time                         41.217    
                         arrival time                         -16.946    
  -------------------------------------------------------------------
                         slack                                 24.271    

Slack (MET) :             24.447ns  (required time - arrival time)
  Source:                 design_1_i/vga_controller_0/U0/h_count_reg[8]/C
                            (rising edge-triggered cell FDRE clocked by clk_out25_design_1_clk_wiz_0_0  {rise@0.000ns fall@20.000ns period=40.000ns})
  Destination:            design_1_i/hdmi_tx_0/inst/srldly_0/srl[30].srl16_i/D
                            (rising edge-triggered cell SRL16E clocked by clk_out25_design_1_clk_wiz_0_0  {rise@0.000ns fall@20.000ns period=40.000ns})
  Path Group:             clk_out25_design_1_clk_wiz_0_0
  Path Type:              Setup (Max at Slow Process Corner)
  Requirement:            40.000ns  (clk_out25_design_1_clk_wiz_0_0 rise@40.000ns - clk_out25_design_1_clk_wiz_0_0 rise@0.000ns)
  Data Path Delay:        15.085ns  (logic 8.358ns (55.405%)  route 6.727ns (44.595%))
  Logic Levels:           9  (CARRY4=4 DSP48E1=2 LUT2=2 LUT4=1)
  Clock Path Skew:        -0.089ns (DCD - SCD + CPR)
    Destination Clock Delay (DCD):    1.578ns = ( 41.578 - 40.000 ) 
    Source Clock Delay      (SCD):    1.671ns
    Clock Pessimism Removal (CPR):    0.004ns
  Clock Uncertainty:      0.123ns  ((TSJ^2 + DJ^2)^1/2) / 2 + PE
    Total System Jitter     (TSJ):    0.071ns
    Discrete Jitter          (DJ):    0.236ns
    Phase Error              (PE):    0.000ns

    Location             Delay type                Incr(ns)  Path(ns)    Netlist Resource(s)
  -------------------------------------------------------------------    -------------------
                         (clock clk_out25_design_1_clk_wiz_0_0 rise edge)
                                                      0.000     0.000 r  
    BUFGCTRL_X0Y16       BUFG                         0.000     0.000 r  design_1_i/processing_system7_0/inst/buffer_fclk_clk_0.FCLK_CLK_0_BUFG/O
                         net (fo=883, routed)         1.680     1.680    design_1_i/clk_wiz_0/inst/clk_in1
    MMCME2_ADV_X0Y0      MMCME2_ADV (Prop_mmcme2_adv_CLKIN1_CLKOUT0)
                                                     -3.538    -1.858 r  design_1_i/clk_wiz_0/inst/mmcm_adv_inst/CLKOUT0
                         net (fo=1, routed)           1.760    -0.098    design_1_i/clk_wiz_0/inst/clk_out25_design_1_clk_wiz_0_0
    BUFGCTRL_X0Y0        BUFG (Prop_bufg_I_O)         0.101     0.003 r  design_1_i/clk_wiz_0/inst/clkout1_buf/O
                         net (fo=184, routed)         1.668     1.671    design_1_i/vga_controller_0/U0/clk
    SLICE_X12Y29         FDRE                                         r  design_1_i/vga_controller_0/U0/h_count_reg[8]/C
  -------------------------------------------------------------------    -------------------
    SLICE_X12Y29         FDRE (Prop_fdre_C_Q)         0.478     2.149 r  design_1_i/vga_controller_0/U0/h_count_reg[8]/Q
                         net (fo=12, routed)          1.183     3.332    design_1_i/vga_controller_0/U0/h_count_reg[8]
    SLICE_X11Y32         LUT2 (Prop_lut2_I0_O)        0.301     3.633 r  design_1_i/vga_controller_0/U0/i__carry__1_i_2__2/O
                         net (fo=1, routed)           0.000     3.633    design_1_i/vga_controller_0/U0/i__carry__1_i_2__2_n_0
    SLICE_X11Y32         CARRY4 (Prop_carry4_S[0]_O[2])
                                                      0.547     4.180 r  design_1_i/vga_controller_0/U0/red3_inferred__2/i__carry__1/O[2]
                         net (fo=28, routed)          0.996     5.176    design_1_i/vga_controller_0/U0/red3_inferred__2/i__carry__1_n_5
    DSP48_X0Y12          DSP48E1 (Prop_dsp48e1_A[16]_PCOUT[47])
                                                      4.214     9.390 r  design_1_i/vga_controller_0/U0/red2/PCOUT[47]
                         net (fo=1, routed)           0.002     9.392    design_1_i/vga_controller_0/U0/red2_n_106
    DSP48_X0Y13          DSP48E1 (Prop_dsp48e1_PCIN[47]_P[4])
                                                      1.518    10.910 f  design_1_i/vga_controller_0/U0/red1/P[4]
                         net (fo=1, routed)           0.995    11.906    design_1_i/vga_controller_0/U0/red1_n_101
    SLICE_X9Y31          LUT2 (Prop_lut2_I1_O)        0.124    12.030 r  design_1_i/vga_controller_0/U0/red0_carry_i_6/O
                         net (fo=1, routed)           0.000    12.030    design_1_i/vga_controller_0/U0/red0_carry_i_6_n_0
    SLICE_X9Y31          CARRY4 (Prop_carry4_S[1]_CO[3])
                                                      0.550    12.580 r  design_1_i/vga_controller_0/U0/red0_carry/CO[3]
                         net (fo=1, routed)           0.000    12.580    design_1_i/vga_controller_0/U0/red0_carry_n_0
    SLICE_X9Y32          CARRY4 (Prop_carry4_CI_CO[3])
                                                      0.114    12.694 r  design_1_i/vga_controller_0/U0/red0_carry__0/CO[3]
                         net (fo=1, routed)           0.000    12.694    design_1_i/vga_controller_0/U0/red0_carry__0_n_0
    SLICE_X9Y33          CARRY4 (Prop_carry4_CI_CO[1])
                                                      0.157    12.851 r  design_1_i/vga_controller_0/U0/red0_carry__1/CO[1]
                         net (fo=2, routed)           1.048    13.899    design_1_i/vga_controller_0/U0/red0_carry__1_n_2
    SLICE_X12Y28         LUT4 (Prop_lut4_I3_O)        0.355    14.254 r  design_1_i/vga_controller_0/U0/green[0]_INST_0/O
                         net (fo=8, routed)           2.502    16.756    design_1_i/hdmi_tx_0/inst/srldly_0/data_i[17]
    SLICE_X38Y6          SRL16E                                       r  design_1_i/hdmi_tx_0/inst/srldly_0/srl[30].srl16_i/D
  -------------------------------------------------------------------    -------------------

                         (clock clk_out25_design_1_clk_wiz_0_0 rise edge)
                                                     40.000    40.000 r  
    BUFGCTRL_X0Y16       BUFG                         0.000    40.000 r  design_1_i/processing_system7_0/inst/buffer_fclk_clk_0.FCLK_CLK_0_BUFG/O
                         net (fo=883, routed)         1.490    41.490    design_1_i/clk_wiz_0/inst/clk_in1
    MMCME2_ADV_X0Y0      MMCME2_ADV (Prop_mmcme2_adv_CLKIN1_CLKOUT0)
                                                     -3.177    38.313 r  design_1_i/clk_wiz_0/inst/mmcm_adv_inst/CLKOUT0
                         net (fo=1, routed)           1.599    39.912    design_1_i/clk_wiz_0/inst/clk_out25_design_1_clk_wiz_0_0
    BUFGCTRL_X0Y0        BUFG (Prop_bufg_I_O)         0.091    40.003 r  design_1_i/clk_wiz_0/inst/clkout1_buf/O
                         net (fo=184, routed)         1.575    41.578    design_1_i/hdmi_tx_0/inst/srldly_0/pix_clk
    SLICE_X38Y6          SRL16E                                       r  design_1_i/hdmi_tx_0/inst/srldly_0/srl[30].srl16_i/CLK
                         clock pessimism              0.004    41.582    
                         clock uncertainty           -0.123    41.459    
    SLICE_X38Y6          SRL16E (Setup_srl16e_CLK_D)
                                                     -0.256    41.203    design_1_i/hdmi_tx_0/inst/srldly_0/srl[30].srl16_i
  -------------------------------------------------------------------
                         required time                         41.203    
                         arrival time                         -16.756    
  -------------------------------------------------------------------
                         slack                                 24.447    

Slack (MET) :             24.469ns  (required time - arrival time)
  Source:                 design_1_i/vga_controller_0/U0/h_count_reg[8]/C
                            (rising edge-triggered cell FDRE clocked by clk_out25_design_1_clk_wiz_0_0  {rise@0.000ns fall@20.000ns period=40.000ns})
  Destination:            design_1_i/hdmi_tx_0/inst/srldly_0/srl[28].srl16_i/D
                            (rising edge-triggered cell SRL16E clocked by clk_out25_design_1_clk_wiz_0_0  {rise@0.000ns fall@20.000ns period=40.000ns})
  Path Group:             clk_out25_design_1_clk_wiz_0_0
  Path Type:              Setup (Max at Slow Process Corner)
  Requirement:            40.000ns  (clk_out25_design_1_clk_wiz_0_0 rise@40.000ns - clk_out25_design_1_clk_wiz_0_0 rise@0.000ns)
  Data Path Delay:        15.275ns  (logic 8.358ns (54.717%)  route 6.917ns (45.283%))
  Logic Levels:           9  (CARRY4=4 DSP48E1=2 LUT2=2 LUT4=1)
  Clock Path Skew:        -0.088ns (DCD - SCD + CPR)
    Destination Clock Delay (DCD):    1.579ns = ( 41.579 - 40.000 ) 
    Source Clock Delay      (SCD):    1.671ns
    Clock Pessimism Removal (CPR):    0.004ns
  Clock Uncertainty:      0.123ns  ((TSJ^2 + DJ^2)^1/2) / 2 + PE
    Total System Jitter     (TSJ):    0.071ns
    Discrete Jitter          (DJ):    0.236ns
    Phase Error              (PE):    0.000ns

    Location             Delay type                Incr(ns)  Path(ns)    Netlist Resource(s)
  -------------------------------------------------------------------    -------------------
                         (clock clk_out25_design_1_clk_wiz_0_0 rise edge)
                                                      0.000     0.000 r  
    BUFGCTRL_X0Y16       BUFG                         0.000     0.000 r  design_1_i/processing_system7_0/inst/buffer_fclk_clk_0.FCLK_CLK_0_BUFG/O
                         net (fo=883, routed)         1.680     1.680    design_1_i/clk_wiz_0/inst/clk_in1
    MMCME2_ADV_X0Y0      MMCME2_ADV (Prop_mmcme2_adv_CLKIN1_CLKOUT0)
                                                     -3.538    -1.858 r  design_1_i/clk_wiz_0/inst/mmcm_adv_inst/CLKOUT0
                         net (fo=1, routed)           1.760    -0.098    design_1_i/clk_wiz_0/inst/clk_out25_design_1_clk_wiz_0_0
    BUFGCTRL_X0Y0        BUFG (Prop_bufg_I_O)         0.101     0.003 r  design_1_i/clk_wiz_0/inst/clkout1_buf/O
                         net (fo=184, routed)         1.668     1.671    design_1_i/vga_controller_0/U0/clk
    SLICE_X12Y29         FDRE                                         r  design_1_i/vga_controller_0/U0/h_count_reg[8]/C
  -------------------------------------------------------------------    -------------------
    SLICE_X12Y29         FDRE (Prop_fdre_C_Q)         0.478     2.149 r  design_1_i/vga_controller_0/U0/h_count_reg[8]/Q
                         net (fo=12, routed)          1.183     3.332    design_1_i/vga_controller_0/U0/h_count_reg[8]
    SLICE_X11Y32         LUT2 (Prop_lut2_I0_O)        0.301     3.633 r  design_1_i/vga_controller_0/U0/i__carry__1_i_2__2/O
                         net (fo=1, routed)           0.000     3.633    design_1_i/vga_controller_0/U0/i__carry__1_i_2__2_n_0
    SLICE_X11Y32         CARRY4 (Prop_carry4_S[0]_O[2])
                                                      0.547     4.180 r  design_1_i/vga_controller_0/U0/red3_inferred__2/i__carry__1/O[2]
                         net (fo=28, routed)          0.996     5.176    design_1_i/vga_controller_0/U0/red3_inferred__2/i__carry__1_n_5
    DSP48_X0Y12          DSP48E1 (Prop_dsp48e1_A[16]_PCOUT[47])
                                                      4.214     9.390 r  design_1_i/vga_controller_0/U0/red2/PCOUT[47]
                         net (fo=1, routed)           0.002     9.392    design_1_i/vga_controller_0/U0/red2_n_106
    DSP48_X0Y13          DSP48E1 (Prop_dsp48e1_PCIN[47]_P[4])
                                                      1.518    10.910 f  design_1_i/vga_controller_0/U0/red1/P[4]
                         net (fo=1, routed)           0.995    11.906    design_1_i/vga_controller_0/U0/red1_n_101
    SLICE_X9Y31          LUT2 (Prop_lut2_I1_O)        0.124    12.030 r  design_1_i/vga_controller_0/U0/red0_carry_i_6/O
                         net (fo=1, routed)           0.000    12.030    design_1_i/vga_controller_0/U0/red0_carry_i_6_n_0
    SLICE_X9Y31          CARRY4 (Prop_carry4_S[1]_CO[3])
                                                      0.550    12.580 r  design_1_i/vga_controller_0/U0/red0_carry/CO[3]
                         net (fo=1, routed)           0.000    12.580    design_1_i/vga_controller_0/U0/red0_carry_n_0
    SLICE_X9Y32          CARRY4 (Prop_carry4_CI_CO[3])
                                                      0.114    12.694 r  design_1_i/vga_controller_0/U0/red0_carry__0/CO[3]
                         net (fo=1, routed)           0.000    12.694    design_1_i/vga_controller_0/U0/red0_carry__0_n_0
    SLICE_X9Y33          CARRY4 (Prop_carry4_CI_CO[1])
                                                      0.157    12.851 r  design_1_i/vga_controller_0/U0/red0_carry__1/CO[1]
                         net (fo=2, routed)           1.048    13.899    design_1_i/vga_controller_0/U0/red0_carry__1_n_2
    SLICE_X12Y28         LUT4 (Prop_lut4_I3_O)        0.355    14.254 r  design_1_i/vga_controller_0/U0/green[0]_INST_0/O
                         net (fo=8, routed)           2.692    16.946    design_1_i/hdmi_tx_0/inst/srldly_0/data_i[15]
    SLICE_X42Y6          SRL16E                                       r  design_1_i/hdmi_tx_0/inst/srldly_0/srl[28].srl16_i/D
  -------------------------------------------------------------------    -------------------

                         (clock clk_out25_design_1_clk_wiz_0_0 rise edge)
                                                     40.000    40.000 r  
    BUFGCTRL_X0Y16       BUFG                         0.000    40.000 r  design_1_i/processing_system7_0/inst/buffer_fclk_clk_0.FCLK_CLK_0_BUFG/O
                         net (fo=883, routed)         1.490    41.490    design_1_i/clk_wiz_0/inst/clk_in1
    MMCME2_ADV_X0Y0      MMCME2_ADV (Prop_mmcme2_adv_CLKIN1_CLKOUT0)
                                                     -3.177    38.313 r  design_1_i/clk_wiz_0/inst/mmcm_adv_inst/CLKOUT0
                         net (fo=1, routed)           1.599    39.912    design_1_i/clk_wiz_0/inst/clk_out25_design_1_clk_wiz_0_0
    BUFGCTRL_X0Y0        BUFG (Prop_bufg_I_O)         0.091    40.003 r  design_1_i/clk_wiz_0/inst/clkout1_buf/O
                         net (fo=184, routed)         1.576    41.579    design_1_i/hdmi_tx_0/inst/srldly_0/pix_clk
    SLICE_X42Y6          SRL16E                                       r  design_1_i/hdmi_tx_0/inst/srldly_0/srl[28].srl16_i/CLK
                         clock pessimism              0.004    41.583    
                         clock uncertainty           -0.123    41.460    
    SLICE_X42Y6          SRL16E (Setup_srl16e_CLK_D)
                                                     -0.045    41.415    design_1_i/hdmi_tx_0/inst/srldly_0/srl[28].srl16_i
  -------------------------------------------------------------------
                         required time                         41.415    
                         arrival time                         -16.946    
  -------------------------------------------------------------------
                         slack                                 24.469    

Slack (MET) :             24.570ns  (required time - arrival time)
  Source:                 design_1_i/vga_controller_0/U0/h_count_reg[8]/C
                            (rising edge-triggered cell FDRE clocked by clk_out25_design_1_clk_wiz_0_0  {rise@0.000ns fall@20.000ns period=40.000ns})
  Destination:            design_1_i/hdmi_tx_0/inst/srldly_0/srl[26].srl16_i/D
                            (rising edge-triggered cell SRL16E clocked by clk_out25_design_1_clk_wiz_0_0  {rise@0.000ns fall@20.000ns period=40.000ns})
  Path Group:             clk_out25_design_1_clk_wiz_0_0
  Path Type:              Setup (Max at Slow Process Corner)
  Requirement:            40.000ns  (clk_out25_design_1_clk_wiz_0_0 rise@40.000ns - clk_out25_design_1_clk_wiz_0_0 rise@0.000ns)
  Data Path Delay:        14.985ns  (logic 8.358ns (55.776%)  route 6.627ns (44.224%))
  Logic Levels:           9  (CARRY4=4 DSP48E1=2 LUT2=2 LUT4=1)
  Clock Path Skew:        -0.088ns (DCD - SCD + CPR)
    Destination Clock Delay (DCD):    1.579ns = ( 41.579 - 40.000 ) 
    Source Clock Delay      (SCD):    1.671ns
    Clock Pessimism Removal (CPR):    0.004ns
  Clock Uncertainty:      0.123ns  ((TSJ^2 + DJ^2)^1/2) / 2 + PE
    Total System Jitter     (TSJ):    0.071ns
    Discrete Jitter          (DJ):    0.236ns
    Phase Error              (PE):    0.000ns

    Location             Delay type                Incr(ns)  Path(ns)    Netlist Resource(s)
  -------------------------------------------------------------------    -------------------
                         (clock clk_out25_design_1_clk_wiz_0_0 rise edge)
                                                      0.000     0.000 r  
    BUFGCTRL_X0Y16       BUFG                         0.000     0.000 r  design_1_i/processing_system7_0/inst/buffer_fclk_clk_0.FCLK_CLK_0_BUFG/O
                         net (fo=883, routed)         1.680     1.680    design_1_i/clk_wiz_0/inst/clk_in1
    MMCME2_ADV_X0Y0      MMCME2_ADV (Prop_mmcme2_adv_CLKIN1_CLKOUT0)
                                                     -3.538    -1.858 r  design_1_i/clk_wiz_0/inst/mmcm_adv_inst/CLKOUT0
                         net (fo=1, routed)           1.760    -0.098    design_1_i/clk_wiz_0/inst/clk_out25_design_1_clk_wiz_0_0
    BUFGCTRL_X0Y0        BUFG (Prop_bufg_I_O)         0.101     0.003 r  design_1_i/clk_wiz_0/inst/clkout1_buf/O
                         net (fo=184, routed)         1.668     1.671    design_1_i/vga_controller_0/U0/clk
    SLICE_X12Y29         FDRE                                         r  design_1_i/vga_controller_0/U0/h_count_reg[8]/C
  -------------------------------------------------------------------    -------------------
    SLICE_X12Y29         FDRE (Prop_fdre_C_Q)         0.478     2.149 r  design_1_i/vga_controller_0/U0/h_count_reg[8]/Q
                         net (fo=12, routed)          1.183     3.332    design_1_i/vga_controller_0/U0/h_count_reg[8]
    SLICE_X11Y32         LUT2 (Prop_lut2_I0_O)        0.301     3.633 r  design_1_i/vga_controller_0/U0/i__carry__1_i_2__2/O
                         net (fo=1, routed)           0.000     3.633    design_1_i/vga_controller_0/U0/i__carry__1_i_2__2_n_0
    SLICE_X11Y32         CARRY4 (Prop_carry4_S[0]_O[2])
                                                      0.547     4.180 r  design_1_i/vga_controller_0/U0/red3_inferred__2/i__carry__1/O[2]
                         net (fo=28, routed)          0.996     5.176    design_1_i/vga_controller_0/U0/red3_inferred__2/i__carry__1_n_5
    DSP48_X0Y12          DSP48E1 (Prop_dsp48e1_A[16]_PCOUT[47])
                                                      4.214     9.390 r  design_1_i/vga_controller_0/U0/red2/PCOUT[47]
                         net (fo=1, routed)           0.002     9.392    design_1_i/vga_controller_0/U0/red2_n_106
    DSP48_X0Y13          DSP48E1 (Prop_dsp48e1_PCIN[47]_P[4])
                                                      1.518    10.910 f  design_1_i/vga_controller_0/U0/red1/P[4]
                         net (fo=1, routed)           0.995    11.906    design_1_i/vga_controller_0/U0/red1_n_101
    SLICE_X9Y31          LUT2 (Prop_lut2_I1_O)        0.124    12.030 r  design_1_i/vga_controller_0/U0/red0_carry_i_6/O
                         net (fo=1, routed)           0.000    12.030    design_1_i/vga_controller_0/U0/red0_carry_i_6_n_0
    SLICE_X9Y31          CARRY4 (Prop_carry4_S[1]_CO[3])
                                                      0.550    12.580 r  design_1_i/vga_controller_0/U0/red0_carry/CO[3]
                         net (fo=1, routed)           0.000    12.580    design_1_i/vga_controller_0/U0/red0_carry_n_0
    SLICE_X9Y32          CARRY4 (Prop_carry4_CI_CO[3])
                                                      0.114    12.694 r  design_1_i/vga_controller_0/U0/red0_carry__0/CO[3]
                         net (fo=1, routed)           0.000    12.694    design_1_i/vga_controller_0/U0/red0_carry__0_n_0
    SLICE_X9Y33          CARRY4 (Prop_carry4_CI_CO[1])
                                                      0.157    12.851 r  design_1_i/vga_controller_0/U0/red0_carry__1/CO[1]
                         net (fo=2, routed)           1.048    13.899    design_1_i/vga_controller_0/U0/red0_carry__1_n_2
    SLICE_X12Y28         LUT4 (Prop_lut4_I3_O)        0.355    14.254 r  design_1_i/vga_controller_0/U0/green[0]_INST_0/O
                         net (fo=8, routed)           2.402    16.656    design_1_i/hdmi_tx_0/inst/srldly_0/data_i[13]
    SLICE_X42Y6          SRL16E                                       r  design_1_i/hdmi_tx_0/inst/srldly_0/srl[26].srl16_i/D
  -------------------------------------------------------------------    -------------------

                         (clock clk_out25_design_1_clk_wiz_0_0 rise edge)
                                                     40.000    40.000 r  
    BUFGCTRL_X0Y16       BUFG                         0.000    40.000 r  design_1_i/processing_system7_0/inst/buffer_fclk_clk_0.FCLK_CLK_0_BUFG/O
                         net (fo=883, routed)         1.490    41.490    design_1_i/clk_wiz_0/inst/clk_in1
    MMCME2_ADV_X0Y0      MMCME2_ADV (Prop_mmcme2_adv_CLKIN1_CLKOUT0)
                                                     -3.177    38.313 r  design_1_i/clk_wiz_0/inst/mmcm_adv_inst/CLKOUT0
                         net (fo=1, routed)           1.599    39.912    design_1_i/clk_wiz_0/inst/clk_out25_design_1_clk_wiz_0_0
    BUFGCTRL_X0Y0        BUFG (Prop_bufg_I_O)         0.091    40.003 r  design_1_i/clk_wiz_0/inst/clkout1_buf/O
                         net (fo=184, routed)         1.576    41.579    design_1_i/hdmi_tx_0/inst/srldly_0/pix_clk
    SLICE_X42Y6          SRL16E                                       r  design_1_i/hdmi_tx_0/inst/srldly_0/srl[26].srl16_i/CLK
                         clock pessimism              0.004    41.583    
                         clock uncertainty           -0.123    41.460    
    SLICE_X42Y6          SRL16E (Setup_srl16e_CLK_D)
                                                     -0.234    41.226    design_1_i/hdmi_tx_0/inst/srldly_0/srl[26].srl16_i
  -------------------------------------------------------------------
                         required time                         41.226    
                         arrival time                         -16.656    
  -------------------------------------------------------------------
                         slack                                 24.570    

Slack (MET) :             24.606ns  (required time - arrival time)
  Source:                 design_1_i/vga_controller_0/U0/h_count_reg[8]/C
                            (rising edge-triggered cell FDRE clocked by clk_out25_design_1_clk_wiz_0_0  {rise@0.000ns fall@20.000ns period=40.000ns})
  Destination:            design_1_i/hdmi_tx_0/inst/srldly_0/srl[39].srl16_i/D
                            (rising edge-triggered cell SRL16E clocked by clk_out25_design_1_clk_wiz_0_0  {rise@0.000ns fall@20.000ns period=40.000ns})
  Path Group:             clk_out25_design_1_clk_wiz_0_0
  Path Type:              Setup (Max at Slow Process Corner)
  Requirement:            40.000ns  (clk_out25_design_1_clk_wiz_0_0 rise@40.000ns - clk_out25_design_1_clk_wiz_0_0 rise@0.000ns)
  Data Path Delay:        15.163ns  (logic 8.332ns (54.948%)  route 6.831ns (45.052%))
  Logic Levels:           9  (CARRY4=4 DSP48E1=2 LUT2=2 LUT4=1)
  Clock Path Skew:        -0.090ns (DCD - SCD + CPR)
    Destination Clock Delay (DCD):    1.577ns = ( 41.577 - 40.000 ) 
    Source Clock Delay      (SCD):    1.671ns
    Clock Pessimism Removal (CPR):    0.004ns
  Clock Uncertainty:      0.123ns  ((TSJ^2 + DJ^2)^1/2) / 2 + PE
    Total System Jitter     (TSJ):    0.071ns
    Discrete Jitter          (DJ):    0.236ns
    Phase Error              (PE):    0.000ns

    Location             Delay type                Incr(ns)  Path(ns)    Netlist Resource(s)
  -------------------------------------------------------------------    -------------------
                         (clock clk_out25_design_1_clk_wiz_0_0 rise edge)
                                                      0.000     0.000 r  
    BUFGCTRL_X0Y16       BUFG                         0.000     0.000 r  design_1_i/processing_system7_0/inst/buffer_fclk_clk_0.FCLK_CLK_0_BUFG/O
                         net (fo=883, routed)         1.680     1.680    design_1_i/clk_wiz_0/inst/clk_in1
    MMCME2_ADV_X0Y0      MMCME2_ADV (Prop_mmcme2_adv_CLKIN1_CLKOUT0)
                                                     -3.538    -1.858 r  design_1_i/clk_wiz_0/inst/mmcm_adv_inst/CLKOUT0
                         net (fo=1, routed)           1.760    -0.098    design_1_i/clk_wiz_0/inst/clk_out25_design_1_clk_wiz_0_0
    BUFGCTRL_X0Y0        BUFG (Prop_bufg_I_O)         0.101     0.003 r  design_1_i/clk_wiz_0/inst/clkout1_buf/O
                         net (fo=184, routed)         1.668     1.671    design_1_i/vga_controller_0/U0/clk
    SLICE_X12Y29         FDRE                                         r  design_1_i/vga_controller_0/U0/h_count_reg[8]/C
  -------------------------------------------------------------------    -------------------
    SLICE_X12Y29         FDRE (Prop_fdre_C_Q)         0.478     2.149 r  design_1_i/vga_controller_0/U0/h_count_reg[8]/Q
                         net (fo=12, routed)          1.183     3.332    design_1_i/vga_controller_0/U0/h_count_reg[8]
    SLICE_X11Y32         LUT2 (Prop_lut2_I0_O)        0.301     3.633 r  design_1_i/vga_controller_0/U0/i__carry__1_i_2__2/O
                         net (fo=1, routed)           0.000     3.633    design_1_i/vga_controller_0/U0/i__carry__1_i_2__2_n_0
    SLICE_X11Y32         CARRY4 (Prop_carry4_S[0]_O[2])
                                                      0.547     4.180 r  design_1_i/vga_controller_0/U0/red3_inferred__2/i__carry__1/O[2]
                         net (fo=28, routed)          0.996     5.176    design_1_i/vga_controller_0/U0/red3_inferred__2/i__carry__1_n_5
    DSP48_X0Y12          DSP48E1 (Prop_dsp48e1_A[16]_PCOUT[47])
                                                      4.214     9.390 r  design_1_i/vga_controller_0/U0/red2/PCOUT[47]
                         net (fo=1, routed)           0.002     9.392    design_1_i/vga_controller_0/U0/red2_n_106
    DSP48_X0Y13          DSP48E1 (Prop_dsp48e1_PCIN[47]_P[4])
                                                      1.518    10.910 f  design_1_i/vga_controller_0/U0/red1/P[4]
                         net (fo=1, routed)           0.995    11.906    design_1_i/vga_controller_0/U0/red1_n_101
    SLICE_X9Y31          LUT2 (Prop_lut2_I1_O)        0.124    12.030 r  design_1_i/vga_controller_0/U0/red0_carry_i_6/O
                         net (fo=1, routed)           0.000    12.030    design_1_i/vga_controller_0/U0/red0_carry_i_6_n_0
    SLICE_X9Y31          CARRY4 (Prop_carry4_S[1]_CO[3])
                                                      0.550    12.580 r  design_1_i/vga_controller_0/U0/red0_carry/CO[3]
                         net (fo=1, routed)           0.000    12.580    design_1_i/vga_controller_0/U0/red0_carry_n_0
    SLICE_X9Y32          CARRY4 (Prop_carry4_CI_CO[3])
                                                      0.114    12.694 r  design_1_i/vga_controller_0/U0/red0_carry__0/CO[3]
                         net (fo=1, routed)           0.000    12.694    design_1_i/vga_controller_0/U0/red0_carry__0_n_0
    SLICE_X9Y33          CARRY4 (Prop_carry4_CI_CO[1])
                                                      0.157    12.851 r  design_1_i/vga_controller_0/U0/red0_carry__1/CO[1]
                         net (fo=2, routed)           1.048    13.899    design_1_i/vga_controller_0/U0/red0_carry__1_n_2
    SLICE_X12Y28         LUT4 (Prop_lut4_I2_O)        0.329    14.228 r  design_1_i/vga_controller_0/U0/blue[0]_INST_0/O
                         net (fo=16, routed)          2.606    16.834    design_1_i/hdmi_tx_0/inst/srldly_0/data_i[26]
    SLICE_X38Y7          SRL16E                                       r  design_1_i/hdmi_tx_0/inst/srldly_0/srl[39].srl16_i/D
  -------------------------------------------------------------------    -------------------

                         (clock clk_out25_design_1_clk_wiz_0_0 rise edge)
                                                     40.000    40.000 r  
    BUFGCTRL_X0Y16       BUFG                         0.000    40.000 r  design_1_i/processing_system7_0/inst/buffer_fclk_clk_0.FCLK_CLK_0_BUFG/O
                         net (fo=883, routed)         1.490    41.490    design_1_i/clk_wiz_0/inst/clk_in1
    MMCME2_ADV_X0Y0      MMCME2_ADV (Prop_mmcme2_adv_CLKIN1_CLKOUT0)
                                                     -3.177    38.313 r  design_1_i/clk_wiz_0/inst/mmcm_adv_inst/CLKOUT0
                         net (fo=1, routed)           1.599    39.912    design_1_i/clk_wiz_0/inst/clk_out25_design_1_clk_wiz_0_0
    BUFGCTRL_X0Y0        BUFG (Prop_bufg_I_O)         0.091    40.003 r  design_1_i/clk_wiz_0/inst/clkout1_buf/O
                         net (fo=184, routed)         1.574    41.577    design_1_i/hdmi_tx_0/inst/srldly_0/pix_clk
    SLICE_X38Y7          SRL16E                                       r  design_1_i/hdmi_tx_0/inst/srldly_0/srl[39].srl16_i/CLK
                         clock pessimism              0.004    41.581    
                         clock uncertainty           -0.123    41.458    
    SLICE_X38Y7          SRL16E (Setup_srl16e_CLK_D)
                                                     -0.018    41.440    design_1_i/hdmi_tx_0/inst/srldly_0/srl[39].srl16_i
  -------------------------------------------------------------------
                         required time                         41.440    
                         arrival time                         -16.834    
  -------------------------------------------------------------------
                         slack                                 24.606    

Slack (MET) :             24.611ns  (required time - arrival time)
  Source:                 design_1_i/vga_controller_0/U0/h_count_reg[8]/C
                            (rising edge-triggered cell FDRE clocked by clk_out25_design_1_clk_wiz_0_0  {rise@0.000ns fall@20.000ns period=40.000ns})
  Destination:            design_1_i/hdmi_tx_0/inst/srldly_0/srl[22].srl16_i/D
                            (rising edge-triggered cell SRL16E clocked by clk_out25_design_1_clk_wiz_0_0  {rise@0.000ns fall@20.000ns period=40.000ns})
  Path Group:             clk_out25_design_1_clk_wiz_0_0
  Path Type:              Setup (Max at Slow Process Corner)
  Requirement:            40.000ns  (clk_out25_design_1_clk_wiz_0_0 rise@40.000ns - clk_out25_design_1_clk_wiz_0_0 rise@0.000ns)
  Data Path Delay:        15.126ns  (logic 8.332ns (55.086%)  route 6.794ns (44.914%))
  Logic Levels:           9  (CARRY4=4 DSP48E1=2 LUT2=2 LUT4=1)
  Clock Path Skew:        -0.088ns (DCD - SCD + CPR)
    Destination Clock Delay (DCD):    1.579ns = ( 41.579 - 40.000 ) 
    Source Clock Delay      (SCD):    1.671ns
    Clock Pessimism Removal (CPR):    0.004ns
  Clock Uncertainty:      0.123ns  ((TSJ^2 + DJ^2)^1/2) / 2 + PE
    Total System Jitter     (TSJ):    0.071ns
    Discrete Jitter          (DJ):    0.236ns
    Phase Error              (PE):    0.000ns

    Location             Delay type                Incr(ns)  Path(ns)    Netlist Resource(s)
  -------------------------------------------------------------------    -------------------
                         (clock clk_out25_design_1_clk_wiz_0_0 rise edge)
                                                      0.000     0.000 r  
    BUFGCTRL_X0Y16       BUFG                         0.000     0.000 r  design_1_i/processing_system7_0/inst/buffer_fclk_clk_0.FCLK_CLK_0_BUFG/O
                         net (fo=883, routed)         1.680     1.680    design_1_i/clk_wiz_0/inst/clk_in1
    MMCME2_ADV_X0Y0      MMCME2_ADV (Prop_mmcme2_adv_CLKIN1_CLKOUT0)
                                                     -3.538    -1.858 r  design_1_i/clk_wiz_0/inst/mmcm_adv_inst/CLKOUT0
                         net (fo=1, routed)           1.760    -0.098    design_1_i/clk_wiz_0/inst/clk_out25_design_1_clk_wiz_0_0
    BUFGCTRL_X0Y0        BUFG (Prop_bufg_I_O)         0.101     0.003 r  design_1_i/clk_wiz_0/inst/clkout1_buf/O
                         net (fo=184, routed)         1.668     1.671    design_1_i/vga_controller_0/U0/clk
    SLICE_X12Y29         FDRE                                         r  design_1_i/vga_controller_0/U0/h_count_reg[8]/C
  -------------------------------------------------------------------    -------------------
    SLICE_X12Y29         FDRE (Prop_fdre_C_Q)         0.478     2.149 r  design_1_i/vga_controller_0/U0/h_count_reg[8]/Q
                         net (fo=12, routed)          1.183     3.332    design_1_i/vga_controller_0/U0/h_count_reg[8]
    SLICE_X11Y32         LUT2 (Prop_lut2_I0_O)        0.301     3.633 r  design_1_i/vga_controller_0/U0/i__carry__1_i_2__2/O
                         net (fo=1, routed)           0.000     3.633    design_1_i/vga_controller_0/U0/i__carry__1_i_2__2_n_0
    SLICE_X11Y32         CARRY4 (Prop_carry4_S[0]_O[2])
                                                      0.547     4.180 r  design_1_i/vga_controller_0/U0/red3_inferred__2/i__carry__1/O[2]
                         net (fo=28, routed)          0.996     5.176    design_1_i/vga_controller_0/U0/red3_inferred__2/i__carry__1_n_5
    DSP48_X0Y12          DSP48E1 (Prop_dsp48e1_A[16]_PCOUT[47])
                                                      4.214     9.390 r  design_1_i/vga_controller_0/U0/red2/PCOUT[47]
                         net (fo=1, routed)           0.002     9.392    design_1_i/vga_controller_0/U0/red2_n_106
    DSP48_X0Y13          DSP48E1 (Prop_dsp48e1_PCIN[47]_P[4])
                                                      1.518    10.910 f  design_1_i/vga_controller_0/U0/red1/P[4]
                         net (fo=1, routed)           0.995    11.906    design_1_i/vga_controller_0/U0/red1_n_101
    SLICE_X9Y31          LUT2 (Prop_lut2_I1_O)        0.124    12.030 r  design_1_i/vga_controller_0/U0/red0_carry_i_6/O
                         net (fo=1, routed)           0.000    12.030    design_1_i/vga_controller_0/U0/red0_carry_i_6_n_0
    SLICE_X9Y31          CARRY4 (Prop_carry4_S[1]_CO[3])
                                                      0.550    12.580 r  design_1_i/vga_controller_0/U0/red0_carry/CO[3]
                         net (fo=1, routed)           0.000    12.580    design_1_i/vga_controller_0/U0/red0_carry_n_0
    SLICE_X9Y32          CARRY4 (Prop_carry4_CI_CO[3])
                                                      0.114    12.694 r  design_1_i/vga_controller_0/U0/red0_carry__0/CO[3]
                         net (fo=1, routed)           0.000    12.694    design_1_i/vga_controller_0/U0/red0_carry__0_n_0
    SLICE_X9Y33          CARRY4 (Prop_carry4_CI_CO[1])
                                                      0.157    12.851 r  design_1_i/vga_controller_0/U0/red0_carry__1/CO[1]
                         net (fo=2, routed)           1.048    13.899    design_1_i/vga_controller_0/U0/red0_carry__1_n_2
    SLICE_X12Y28         LUT4 (Prop_lut4_I2_O)        0.329    14.228 r  design_1_i/vga_controller_0/U0/blue[0]_INST_0/O
                         net (fo=16, routed)          2.568    16.797    design_1_i/hdmi_tx_0/inst/srldly_0/data_i[9]
    SLICE_X42Y6          SRL16E                                       r  design_1_i/hdmi_tx_0/inst/srldly_0/srl[22].srl16_i/D
  -------------------------------------------------------------------    -------------------

                         (clock clk_out25_design_1_clk_wiz_0_0 rise edge)
                                                     40.000    40.000 r  
    BUFGCTRL_X0Y16       BUFG                         0.000    40.000 r  design_1_i/processing_system7_0/inst/buffer_fclk_clk_0.FCLK_CLK_0_BUFG/O
                         net (fo=883, routed)         1.490    41.490    design_1_i/clk_wiz_0/inst/clk_in1
    MMCME2_ADV_X0Y0      MMCME2_ADV (Prop_mmcme2_adv_CLKIN1_CLKOUT0)
                                                     -3.177    38.313 r  design_1_i/clk_wiz_0/inst/mmcm_adv_inst/CLKOUT0
                         net (fo=1, routed)           1.599    39.912    design_1_i/clk_wiz_0/inst/clk_out25_design_1_clk_wiz_0_0
    BUFGCTRL_X0Y0        BUFG (Prop_bufg_I_O)         0.091    40.003 r  design_1_i/clk_wiz_0/inst/clkout1_buf/O
                         net (fo=184, routed)         1.576    41.579    design_1_i/hdmi_tx_0/inst/srldly_0/pix_clk
    SLICE_X42Y6          SRL16E                                       r  design_1_i/hdmi_tx_0/inst/srldly_0/srl[22].srl16_i/CLK
                         clock pessimism              0.004    41.583    
                         clock uncertainty           -0.123    41.460    
    SLICE_X42Y6          SRL16E (Setup_srl16e_CLK_D)
                                                     -0.052    41.408    design_1_i/hdmi_tx_0/inst/srldly_0/srl[22].srl16_i
  -------------------------------------------------------------------
                         required time                         41.408    
                         arrival time                         -16.797    
  -------------------------------------------------------------------
                         slack                                 24.611    

Slack (MET) :             24.631ns  (required time - arrival time)
  Source:                 design_1_i/vga_controller_0/U0/h_count_reg[8]/C
                            (rising edge-triggered cell FDRE clocked by clk_out25_design_1_clk_wiz_0_0  {rise@0.000ns fall@20.000ns period=40.000ns})
  Destination:            design_1_i/hdmi_tx_0/inst/srldly_0/srl[25].srl16_i/D
                            (rising edge-triggered cell SRL16E clocked by clk_out25_design_1_clk_wiz_0_0  {rise@0.000ns fall@20.000ns period=40.000ns})
  Path Group:             clk_out25_design_1_clk_wiz_0_0
  Path Type:              Setup (Max at Slow Process Corner)
  Requirement:            40.000ns  (clk_out25_design_1_clk_wiz_0_0 rise@40.000ns - clk_out25_design_1_clk_wiz_0_0 rise@0.000ns)
  Data Path Delay:        14.910ns  (logic 8.358ns (56.056%)  route 6.552ns (43.944%))
  Logic Levels:           9  (CARRY4=4 DSP48E1=2 LUT2=2 LUT4=1)
  Clock Path Skew:        -0.088ns (DCD - SCD + CPR)
    Destination Clock Delay (DCD):    1.579ns = ( 41.579 - 40.000 ) 
    Source Clock Delay      (SCD):    1.671ns
    Clock Pessimism Removal (CPR):    0.004ns
  Clock Uncertainty:      0.123ns  ((TSJ^2 + DJ^2)^1/2) / 2 + PE
    Total System Jitter     (TSJ):    0.071ns
    Discrete Jitter          (DJ):    0.236ns
    Phase Error              (PE):    0.000ns

    Location             Delay type                Incr(ns)  Path(ns)    Netlist Resource(s)
  -------------------------------------------------------------------    -------------------
                         (clock clk_out25_design_1_clk_wiz_0_0 rise edge)
                                                      0.000     0.000 r  
    BUFGCTRL_X0Y16       BUFG                         0.000     0.000 r  design_1_i/processing_system7_0/inst/buffer_fclk_clk_0.FCLK_CLK_0_BUFG/O
                         net (fo=883, routed)         1.680     1.680    design_1_i/clk_wiz_0/inst/clk_in1
    MMCME2_ADV_X0Y0      MMCME2_ADV (Prop_mmcme2_adv_CLKIN1_CLKOUT0)
                                                     -3.538    -1.858 r  design_1_i/clk_wiz_0/inst/mmcm_adv_inst/CLKOUT0
                         net (fo=1, routed)           1.760    -0.098    design_1_i/clk_wiz_0/inst/clk_out25_design_1_clk_wiz_0_0
    BUFGCTRL_X0Y0        BUFG (Prop_bufg_I_O)         0.101     0.003 r  design_1_i/clk_wiz_0/inst/clkout1_buf/O
                         net (fo=184, routed)         1.668     1.671    design_1_i/vga_controller_0/U0/clk
    SLICE_X12Y29         FDRE                                         r  design_1_i/vga_controller_0/U0/h_count_reg[8]/C
  -------------------------------------------------------------------    -------------------
    SLICE_X12Y29         FDRE (Prop_fdre_C_Q)         0.478     2.149 r  design_1_i/vga_controller_0/U0/h_count_reg[8]/Q
                         net (fo=12, routed)          1.183     3.332    design_1_i/vga_controller_0/U0/h_count_reg[8]
    SLICE_X11Y32         LUT2 (Prop_lut2_I0_O)        0.301     3.633 r  design_1_i/vga_controller_0/U0/i__carry__1_i_2__2/O
                         net (fo=1, routed)           0.000     3.633    design_1_i/vga_controller_0/U0/i__carry__1_i_2__2_n_0
    SLICE_X11Y32         CARRY4 (Prop_carry4_S[0]_O[2])
                                                      0.547     4.180 r  design_1_i/vga_controller_0/U0/red3_inferred__2/i__carry__1/O[2]
                         net (fo=28, routed)          0.996     5.176    design_1_i/vga_controller_0/U0/red3_inferred__2/i__carry__1_n_5
    DSP48_X0Y12          DSP48E1 (Prop_dsp48e1_A[16]_PCOUT[47])
                                                      4.214     9.390 r  design_1_i/vga_controller_0/U0/red2/PCOUT[47]
                         net (fo=1, routed)           0.002     9.392    design_1_i/vga_controller_0/U0/red2_n_106
    DSP48_X0Y13          DSP48E1 (Prop_dsp48e1_PCIN[47]_P[4])
                                                      1.518    10.910 f  design_1_i/vga_controller_0/U0/red1/P[4]
                         net (fo=1, routed)           0.995    11.906    design_1_i/vga_controller_0/U0/red1_n_101
    SLICE_X9Y31          LUT2 (Prop_lut2_I1_O)        0.124    12.030 r  design_1_i/vga_controller_0/U0/red0_carry_i_6/O
                         net (fo=1, routed)           0.000    12.030    design_1_i/vga_controller_0/U0/red0_carry_i_6_n_0
    SLICE_X9Y31          CARRY4 (Prop_carry4_S[1]_CO[3])
                                                      0.550    12.580 r  design_1_i/vga_controller_0/U0/red0_carry/CO[3]
                         net (fo=1, routed)           0.000    12.580    design_1_i/vga_controller_0/U0/red0_carry_n_0
    SLICE_X9Y32          CARRY4 (Prop_carry4_CI_CO[3])
                                                      0.114    12.694 r  design_1_i/vga_controller_0/U0/red0_carry__0/CO[3]
                         net (fo=1, routed)           0.000    12.694    design_1_i/vga_controller_0/U0/red0_carry__0_n_0
    SLICE_X9Y33          CARRY4 (Prop_carry4_CI_CO[1])
                                                      0.157    12.851 r  design_1_i/vga_controller_0/U0/red0_carry__1/CO[1]
                         net (fo=2, routed)           1.048    13.899    design_1_i/vga_controller_0/U0/red0_carry__1_n_2
    SLICE_X12Y28         LUT4 (Prop_lut4_I3_O)        0.355    14.254 r  design_1_i/vga_controller_0/U0/green[0]_INST_0/O
                         net (fo=8, routed)           2.327    16.581    design_1_i/hdmi_tx_0/inst/srldly_0/data_i[12]
    SLICE_X42Y6          SRL16E                                       r  design_1_i/hdmi_tx_0/inst/srldly_0/srl[25].srl16_i/D
  -------------------------------------------------------------------    -------------------

                         (clock clk_out25_design_1_clk_wiz_0_0 rise edge)
                                                     40.000    40.000 r  
    BUFGCTRL_X0Y16       BUFG                         0.000    40.000 r  design_1_i/processing_system7_0/inst/buffer_fclk_clk_0.FCLK_CLK_0_BUFG/O
                         net (fo=883, routed)         1.490    41.490    design_1_i/clk_wiz_0/inst/clk_in1
    MMCME2_ADV_X0Y0      MMCME2_ADV (Prop_mmcme2_adv_CLKIN1_CLKOUT0)
                                                     -3.177    38.313 r  design_1_i/clk_wiz_0/inst/mmcm_adv_inst/CLKOUT0
                         net (fo=1, routed)           1.599    39.912    design_1_i/clk_wiz_0/inst/clk_out25_design_1_clk_wiz_0_0
    BUFGCTRL_X0Y0        BUFG (Prop_bufg_I_O)         0.091    40.003 r  design_1_i/clk_wiz_0/inst/clkout1_buf/O
                         net (fo=184, routed)         1.576    41.579    design_1_i/hdmi_tx_0/inst/srldly_0/pix_clk
    SLICE_X42Y6          SRL16E                                       r  design_1_i/hdmi_tx_0/inst/srldly_0/srl[25].srl16_i/CLK
                         clock pessimism              0.004    41.583    
                         clock uncertainty           -0.123    41.460    
    SLICE_X42Y6          SRL16E (Setup_srl16e_CLK_D)
                                                     -0.248    41.212    design_1_i/hdmi_tx_0/inst/srldly_0/srl[25].srl16_i
  -------------------------------------------------------------------
                         required time                         41.212    
                         arrival time                         -16.581    
  -------------------------------------------------------------------
                         slack                                 24.631    

Slack (MET) :             24.761ns  (required time - arrival time)
  Source:                 design_1_i/vga_controller_0/U0/h_count_reg[8]/C
                            (rising edge-triggered cell FDRE clocked by clk_out25_design_1_clk_wiz_0_0  {rise@0.000ns fall@20.000ns period=40.000ns})
  Destination:            design_1_i/hdmi_tx_0/inst/srldly_0/srl[38].srl16_i/D
                            (rising edge-triggered cell SRL16E clocked by clk_out25_design_1_clk_wiz_0_0  {rise@0.000ns fall@20.000ns period=40.000ns})
  Path Group:             clk_out25_design_1_clk_wiz_0_0
  Path Type:              Setup (Max at Slow Process Corner)
  Requirement:            40.000ns  (clk_out25_design_1_clk_wiz_0_0 rise@40.000ns - clk_out25_design_1_clk_wiz_0_0 rise@0.000ns)
  Data Path Delay:        14.974ns  (logic 8.332ns (55.643%)  route 6.642ns (44.357%))
  Logic Levels:           9  (CARRY4=4 DSP48E1=2 LUT2=2 LUT4=1)
  Clock Path Skew:        -0.090ns (DCD - SCD + CPR)
    Destination Clock Delay (DCD):    1.577ns = ( 41.577 - 40.000 ) 
    Source Clock Delay      (SCD):    1.671ns
    Clock Pessimism Removal (CPR):    0.004ns
  Clock Uncertainty:      0.123ns  ((TSJ^2 + DJ^2)^1/2) / 2 + PE
    Total System Jitter     (TSJ):    0.071ns
    Discrete Jitter          (DJ):    0.236ns
    Phase Error              (PE):    0.000ns

    Location             Delay type                Incr(ns)  Path(ns)    Netlist Resource(s)
  -------------------------------------------------------------------    -------------------
                         (clock clk_out25_design_1_clk_wiz_0_0 rise edge)
                                                      0.000     0.000 r  
    BUFGCTRL_X0Y16       BUFG                         0.000     0.000 r  design_1_i/processing_system7_0/inst/buffer_fclk_clk_0.FCLK_CLK_0_BUFG/O
                         net (fo=883, routed)         1.680     1.680    design_1_i/clk_wiz_0/inst/clk_in1
    MMCME2_ADV_X0Y0      MMCME2_ADV (Prop_mmcme2_adv_CLKIN1_CLKOUT0)
                                                     -3.538    -1.858 r  design_1_i/clk_wiz_0/inst/mmcm_adv_inst/CLKOUT0
                         net (fo=1, routed)           1.760    -0.098    design_1_i/clk_wiz_0/inst/clk_out25_design_1_clk_wiz_0_0
    BUFGCTRL_X0Y0        BUFG (Prop_bufg_I_O)         0.101     0.003 r  design_1_i/clk_wiz_0/inst/clkout1_buf/O
                         net (fo=184, routed)         1.668     1.671    design_1_i/vga_controller_0/U0/clk
    SLICE_X12Y29         FDRE                                         r  design_1_i/vga_controller_0/U0/h_count_reg[8]/C
  -------------------------------------------------------------------    -------------------
    SLICE_X12Y29         FDRE (Prop_fdre_C_Q)         0.478     2.149 r  design_1_i/vga_controller_0/U0/h_count_reg[8]/Q
                         net (fo=12, routed)          1.183     3.332    design_1_i/vga_controller_0/U0/h_count_reg[8]
    SLICE_X11Y32         LUT2 (Prop_lut2_I0_O)        0.301     3.633 r  design_1_i/vga_controller_0/U0/i__carry__1_i_2__2/O
                         net (fo=1, routed)           0.000     3.633    design_1_i/vga_controller_0/U0/i__carry__1_i_2__2_n_0
    SLICE_X11Y32         CARRY4 (Prop_carry4_S[0]_O[2])
                                                      0.547     4.180 r  design_1_i/vga_controller_0/U0/red3_inferred__2/i__carry__1/O[2]
                         net (fo=28, routed)          0.996     5.176    design_1_i/vga_controller_0/U0/red3_inferred__2/i__carry__1_n_5
    DSP48_X0Y12          DSP48E1 (Prop_dsp48e1_A[16]_PCOUT[47])
                                                      4.214     9.390 r  design_1_i/vga_controller_0/U0/red2/PCOUT[47]
                         net (fo=1, routed)           0.002     9.392    design_1_i/vga_controller_0/U0/red2_n_106
    DSP48_X0Y13          DSP48E1 (Prop_dsp48e1_PCIN[47]_P[4])
                                                      1.518    10.910 f  design_1_i/vga_controller_0/U0/red1/P[4]
                         net (fo=1, routed)           0.995    11.906    design_1_i/vga_controller_0/U0/red1_n_101
    SLICE_X9Y31          LUT2 (Prop_lut2_I1_O)        0.124    12.030 r  design_1_i/vga_controller_0/U0/red0_carry_i_6/O
                         net (fo=1, routed)           0.000    12.030    design_1_i/vga_controller_0/U0/red0_carry_i_6_n_0
    SLICE_X9Y31          CARRY4 (Prop_carry4_S[1]_CO[3])
                                                      0.550    12.580 r  design_1_i/vga_controller_0/U0/red0_carry/CO[3]
                         net (fo=1, routed)           0.000    12.580    design_1_i/vga_controller_0/U0/red0_carry_n_0
    SLICE_X9Y32          CARRY4 (Prop_carry4_CI_CO[3])
                                                      0.114    12.694 r  design_1_i/vga_controller_0/U0/red0_carry__0/CO[3]
                         net (fo=1, routed)           0.000    12.694    design_1_i/vga_controller_0/U0/red0_carry__0_n_0
    SLICE_X9Y33          CARRY4 (Prop_carry4_CI_CO[1])
                                                      0.157    12.851 r  design_1_i/vga_controller_0/U0/red0_carry__1/CO[1]
                         net (fo=2, routed)           1.048    13.899    design_1_i/vga_controller_0/U0/red0_carry__1_n_2
    SLICE_X12Y28         LUT4 (Prop_lut4_I2_O)        0.329    14.228 r  design_1_i/vga_controller_0/U0/blue[0]_INST_0/O
                         net (fo=16, routed)          2.417    16.645    design_1_i/hdmi_tx_0/inst/srldly_0/data_i[25]
    SLICE_X38Y7          SRL16E                                       r  design_1_i/hdmi_tx_0/inst/srldly_0/srl[38].srl16_i/D
  -------------------------------------------------------------------    -------------------

                         (clock clk_out25_design_1_clk_wiz_0_0 rise edge)
                                                     40.000    40.000 r  
    BUFGCTRL_X0Y16       BUFG                         0.000    40.000 r  design_1_i/processing_system7_0/inst/buffer_fclk_clk_0.FCLK_CLK_0_BUFG/O
                         net (fo=883, routed)         1.490    41.490    design_1_i/clk_wiz_0/inst/clk_in1
    MMCME2_ADV_X0Y0      MMCME2_ADV (Prop_mmcme2_adv_CLKIN1_CLKOUT0)
                                                     -3.177    38.313 r  design_1_i/clk_wiz_0/inst/mmcm_adv_inst/CLKOUT0
                         net (fo=1, routed)           1.599    39.912    design_1_i/clk_wiz_0/inst/clk_out25_design_1_clk_wiz_0_0
    BUFGCTRL_X0Y0        BUFG (Prop_bufg_I_O)         0.091    40.003 r  design_1_i/clk_wiz_0/inst/clkout1_buf/O
                         net (fo=184, routed)         1.574    41.577    design_1_i/hdmi_tx_0/inst/srldly_0/pix_clk
    SLICE_X38Y7          SRL16E                                       r  design_1_i/hdmi_tx_0/inst/srldly_0/srl[38].srl16_i/CLK
                         clock pessimism              0.004    41.581    
                         clock uncertainty           -0.123    41.458    
    SLICE_X38Y7          SRL16E (Setup_srl16e_CLK_D)
                                                     -0.052    41.406    design_1_i/hdmi_tx_0/inst/srldly_0/srl[38].srl16_i
  -------------------------------------------------------------------
                         required time                         41.406    
                         arrival time                         -16.645    
  -------------------------------------------------------------------
                         slack                                 24.761    

Slack (MET) :             24.770ns  (required time - arrival time)
  Source:                 design_1_i/vga_controller_0/U0/h_count_reg[8]/C
                            (rising edge-triggered cell FDRE clocked by clk_out25_design_1_clk_wiz_0_0  {rise@0.000ns fall@20.000ns period=40.000ns})
  Destination:            design_1_i/hdmi_tx_0/inst/srldly_0/srl[27].srl16_i/D
                            (rising edge-triggered cell SRL16E clocked by clk_out25_design_1_clk_wiz_0_0  {rise@0.000ns fall@20.000ns period=40.000ns})
  Path Group:             clk_out25_design_1_clk_wiz_0_0
  Path Type:              Setup (Max at Slow Process Corner)
  Requirement:            40.000ns  (clk_out25_design_1_clk_wiz_0_0 rise@40.000ns - clk_out25_design_1_clk_wiz_0_0 rise@0.000ns)
  Data Path Delay:        14.796ns  (logic 8.358ns (56.489%)  route 6.438ns (43.511%))
  Logic Levels:           9  (CARRY4=4 DSP48E1=2 LUT2=2 LUT4=1)
  Clock Path Skew:        -0.088ns (DCD - SCD + CPR)
    Destination Clock Delay (DCD):    1.579ns = ( 41.579 - 40.000 ) 
    Source Clock Delay      (SCD):    1.671ns
    Clock Pessimism Removal (CPR):    0.004ns
  Clock Uncertainty:      0.123ns  ((TSJ^2 + DJ^2)^1/2) / 2 + PE
    Total System Jitter     (TSJ):    0.071ns
    Discrete Jitter          (DJ):    0.236ns
    Phase Error              (PE):    0.000ns

    Location             Delay type                Incr(ns)  Path(ns)    Netlist Resource(s)
  -------------------------------------------------------------------    -------------------
                         (clock clk_out25_design_1_clk_wiz_0_0 rise edge)
                                                      0.000     0.000 r  
    BUFGCTRL_X0Y16       BUFG                         0.000     0.000 r  design_1_i/processing_system7_0/inst/buffer_fclk_clk_0.FCLK_CLK_0_BUFG/O
                         net (fo=883, routed)         1.680     1.680    design_1_i/clk_wiz_0/inst/clk_in1
    MMCME2_ADV_X0Y0      MMCME2_ADV (Prop_mmcme2_adv_CLKIN1_CLKOUT0)
                                                     -3.538    -1.858 r  design_1_i/clk_wiz_0/inst/mmcm_adv_inst/CLKOUT0
                         net (fo=1, routed)           1.760    -0.098    design_1_i/clk_wiz_0/inst/clk_out25_design_1_clk_wiz_0_0
    BUFGCTRL_X0Y0        BUFG (Prop_bufg_I_O)         0.101     0.003 r  design_1_i/clk_wiz_0/inst/clkout1_buf/O
                         net (fo=184, routed)         1.668     1.671    design_1_i/vga_controller_0/U0/clk
    SLICE_X12Y29         FDRE                                         r  design_1_i/vga_controller_0/U0/h_count_reg[8]/C
  -------------------------------------------------------------------    -------------------
    SLICE_X12Y29         FDRE (Prop_fdre_C_Q)         0.478     2.149 r  design_1_i/vga_controller_0/U0/h_count_reg[8]/Q
                         net (fo=12, routed)          1.183     3.332    design_1_i/vga_controller_0/U0/h_count_reg[8]
    SLICE_X11Y32         LUT2 (Prop_lut2_I0_O)        0.301     3.633 r  design_1_i/vga_controller_0/U0/i__carry__1_i_2__2/O
                         net (fo=1, routed)           0.000     3.633    design_1_i/vga_controller_0/U0/i__carry__1_i_2__2_n_0
    SLICE_X11Y32         CARRY4 (Prop_carry4_S[0]_O[2])
                                                      0.547     4.180 r  design_1_i/vga_controller_0/U0/red3_inferred__2/i__carry__1/O[2]
                         net (fo=28, routed)          0.996     5.176    design_1_i/vga_controller_0/U0/red3_inferred__2/i__carry__1_n_5
    DSP48_X0Y12          DSP48E1 (Prop_dsp48e1_A[16]_PCOUT[47])
                                                      4.214     9.390 r  design_1_i/vga_controller_0/U0/red2/PCOUT[47]
                         net (fo=1, routed)           0.002     9.392    design_1_i/vga_controller_0/U0/red2_n_106
    DSP48_X0Y13          DSP48E1 (Prop_dsp48e1_PCIN[47]_P[4])
                                                      1.518    10.910 f  design_1_i/vga_controller_0/U0/red1/P[4]
                         net (fo=1, routed)           0.995    11.906    design_1_i/vga_controller_0/U0/red1_n_101
    SLICE_X9Y31          LUT2 (Prop_lut2_I1_O)        0.124    12.030 r  design_1_i/vga_controller_0/U0/red0_carry_i_6/O
                         net (fo=1, routed)           0.000    12.030    design_1_i/vga_controller_0/U0/red0_carry_i_6_n_0
    SLICE_X9Y31          CARRY4 (Prop_carry4_S[1]_CO[3])
                                                      0.550    12.580 r  design_1_i/vga_controller_0/U0/red0_carry/CO[3]
                         net (fo=1, routed)           0.000    12.580    design_1_i/vga_controller_0/U0/red0_carry_n_0
    SLICE_X9Y32          CARRY4 (Prop_carry4_CI_CO[3])
                                                      0.114    12.694 r  design_1_i/vga_controller_0/U0/red0_carry__0/CO[3]
                         net (fo=1, routed)           0.000    12.694    design_1_i/vga_controller_0/U0/red0_carry__0_n_0
    SLICE_X9Y33          CARRY4 (Prop_carry4_CI_CO[1])
                                                      0.157    12.851 r  design_1_i/vga_controller_0/U0/red0_carry__1/CO[1]
                         net (fo=2, routed)           1.048    13.899    design_1_i/vga_controller_0/U0/red0_carry__1_n_2
    SLICE_X12Y28         LUT4 (Prop_lut4_I3_O)        0.355    14.254 r  design_1_i/vga_controller_0/U0/green[0]_INST_0/O
                         net (fo=8, routed)           2.213    16.467    design_1_i/hdmi_tx_0/inst/srldly_0/data_i[14]
    SLICE_X42Y6          SRL16E                                       r  design_1_i/hdmi_tx_0/inst/srldly_0/srl[27].srl16_i/D
  -------------------------------------------------------------------    -------------------

                         (clock clk_out25_design_1_clk_wiz_0_0 rise edge)
                                                     40.000    40.000 r  
    BUFGCTRL_X0Y16       BUFG                         0.000    40.000 r  design_1_i/processing_system7_0/inst/buffer_fclk_clk_0.FCLK_CLK_0_BUFG/O
                         net (fo=883, routed)         1.490    41.490    design_1_i/clk_wiz_0/inst/clk_in1
    MMCME2_ADV_X0Y0      MMCME2_ADV (Prop_mmcme2_adv_CLKIN1_CLKOUT0)
                                                     -3.177    38.313 r  design_1_i/clk_wiz_0/inst/mmcm_adv_inst/CLKOUT0
                         net (fo=1, routed)           1.599    39.912    design_1_i/clk_wiz_0/inst/clk_out25_design_1_clk_wiz_0_0
    BUFGCTRL_X0Y0        BUFG (Prop_bufg_I_O)         0.091    40.003 r  design_1_i/clk_wiz_0/inst/clkout1_buf/O
                         net (fo=184, routed)         1.576    41.579    design_1_i/hdmi_tx_0/inst/srldly_0/pix_clk
    SLICE_X42Y6          SRL16E                                       r  design_1_i/hdmi_tx_0/inst/srldly_0/srl[27].srl16_i/CLK
                         clock pessimism              0.004    41.583    
                         clock uncertainty           -0.123    41.460    
    SLICE_X42Y6          SRL16E (Setup_srl16e_CLK_D)
                                                     -0.223    41.237    design_1_i/hdmi_tx_0/inst/srldly_0/srl[27].srl16_i
  -------------------------------------------------------------------
                         required time                         41.237    
                         arrival time                         -16.467    
  -------------------------------------------------------------------
                         slack                                 24.770    





Min Delay Paths
--------------------------------------------------------------------------------------
Slack (MET) :             0.104ns  (arrival time - required time)
  Source:                 design_1_i/hdmi_tx_0/inst/encg/q_m_reg_reg[2]/C
                            (rising edge-triggered cell FDRE clocked by clk_out25_design_1_clk_wiz_0_0  {rise@0.000ns fall@20.000ns period=40.000ns})
  Destination:            design_1_i/hdmi_tx_0/inst/encg/dout_reg[2]/D
                            (rising edge-triggered cell FDCE clocked by clk_out25_design_1_clk_wiz_0_0  {rise@0.000ns fall@20.000ns period=40.000ns})
  Path Group:             clk_out25_design_1_clk_wiz_0_0
  Path Type:              Hold (Min at Fast Process Corner)
  Requirement:            0.000ns  (clk_out25_design_1_clk_wiz_0_0 rise@0.000ns - clk_out25_design_1_clk_wiz_0_0 rise@0.000ns)
  Data Path Delay:        0.238ns  (logic 0.186ns (78.117%)  route 0.052ns (21.883%))
  Logic Levels:           1  (LUT5=1)
  Clock Path Skew:        0.013ns (DCD - SCD - CPR)
    Destination Clock Delay (DCD):    0.863ns
    Source Clock Delay      (SCD):    0.594ns
    Clock Pessimism Removal (CPR):    0.256ns

    Location             Delay type                Incr(ns)  Path(ns)    Netlist Resource(s)
  -------------------------------------------------------------------    -------------------
                         (clock clk_out25_design_1_clk_wiz_0_0 rise edge)
                                                      0.000     0.000 r  
    BUFGCTRL_X0Y16       BUFG                         0.000     0.000 r  design_1_i/processing_system7_0/inst/buffer_fclk_clk_0.FCLK_CLK_0_BUFG/O
                         net (fo=883, routed)         0.548     0.548    design_1_i/clk_wiz_0/inst/clk_in1
    MMCME2_ADV_X0Y0      MMCME2_ADV (Prop_mmcme2_adv_CLKIN1_CLKOUT0)
                                                     -1.053    -0.506 r  design_1_i/clk_wiz_0/inst/mmcm_adv_inst/CLKOUT0
                         net (fo=1, routed)           0.482    -0.024    design_1_i/clk_wiz_0/inst/clk_out25_design_1_clk_wiz_0_0
    BUFGCTRL_X0Y0        BUFG (Prop_bufg_I_O)         0.026     0.002 r  design_1_i/clk_wiz_0/inst/clkout1_buf/O
                         net (fo=184, routed)         0.592     0.594    design_1_i/hdmi_tx_0/inst/encg/pix_clk
    SLICE_X43Y4          FDRE                                         r  design_1_i/hdmi_tx_0/inst/encg/q_m_reg_reg[2]/C
  -------------------------------------------------------------------    -------------------
    SLICE_X43Y4          FDRE (Prop_fdre_C_Q)         0.141     0.735 r  design_1_i/hdmi_tx_0/inst/encg/q_m_reg_reg[2]/Q
                         net (fo=1, routed)           0.052     0.787    design_1_i/hdmi_tx_0/inst/encg/q_m_reg_reg_n_0_[2]
    SLICE_X42Y4          LUT5 (Prop_lut5_I4_O)        0.045     0.832 r  design_1_i/hdmi_tx_0/inst/encg/dout[2]_i_1__0/O
                         net (fo=1, routed)           0.000     0.832    design_1_i/hdmi_tx_0/inst/encg/dout[2]_i_1__0_n_0
    SLICE_X42Y4          FDCE                                         r  design_1_i/hdmi_tx_0/inst/encg/dout_reg[2]/D
  -------------------------------------------------------------------    -------------------

                         (clock clk_out25_design_1_clk_wiz_0_0 rise edge)
                                                      0.000     0.000 r  
    BUFGCTRL_X0Y16       BUFG                         0.000     0.000 r  design_1_i/processing_system7_0/inst/buffer_fclk_clk_0.FCLK_CLK_0_BUFG/O
                         net (fo=883, routed)         0.814     0.814    design_1_i/clk_wiz_0/inst/clk_in1
    MMCME2_ADV_X0Y0      MMCME2_ADV (Prop_mmcme2_adv_CLKIN1_CLKOUT0)
                                                     -1.369    -0.555 r  design_1_i/clk_wiz_0/inst/mmcm_adv_inst/CLKOUT0
                         net (fo=1, routed)           0.528    -0.027    design_1_i/clk_wiz_0/inst/clk_out25_design_1_clk_wiz_0_0
    BUFGCTRL_X0Y0        BUFG (Prop_bufg_I_O)         0.029     0.002 r  design_1_i/clk_wiz_0/inst/clkout1_buf/O
                         net (fo=184, routed)         0.861     0.863    design_1_i/hdmi_tx_0/inst/encg/pix_clk
    SLICE_X42Y4          FDCE                                         r  design_1_i/hdmi_tx_0/inst/encg/dout_reg[2]/C
                         clock pessimism             -0.256     0.607    
    SLICE_X42Y4          FDCE (Hold_fdce_C_D)         0.121     0.728    design_1_i/hdmi_tx_0/inst/encg/dout_reg[2]
  -------------------------------------------------------------------
                         required time                         -0.728    
                         arrival time                           0.832    
  -------------------------------------------------------------------
                         slack                                  0.104    

Slack (MET) :             0.153ns  (arrival time - required time)
  Source:                 design_1_i/hdmi_tx_0/inst/encr/vdin_q_reg[1]/C
                            (rising edge-triggered cell FDRE clocked by clk_out25_design_1_clk_wiz_0_0  {rise@0.000ns fall@20.000ns period=40.000ns})
  Destination:            design_1_i/hdmi_tx_0/inst/encr/q_m_reg_reg[1]/D
                            (rising edge-triggered cell FDRE clocked by clk_out25_design_1_clk_wiz_0_0  {rise@0.000ns fall@20.000ns period=40.000ns})
  Path Group:             clk_out25_design_1_clk_wiz_0_0
  Path Type:              Hold (Min at Fast Process Corner)
  Requirement:            0.000ns  (clk_out25_design_1_clk_wiz_0_0 rise@0.000ns - clk_out25_design_1_clk_wiz_0_0 rise@0.000ns)
  Data Path Delay:        0.258ns  (logic 0.186ns (72.182%)  route 0.072ns (27.818%))
  Logic Levels:           1  (LUT6=1)
  Clock Path Skew:        0.013ns (DCD - SCD - CPR)
    Destination Clock Delay (DCD):    0.852ns
    Source Clock Delay      (SCD):    0.585ns
    Clock Pessimism Removal (CPR):    0.254ns

    Location             Delay type                Incr(ns)  Path(ns)    Netlist Resource(s)
  -------------------------------------------------------------------    -------------------
                         (clock clk_out25_design_1_clk_wiz_0_0 rise edge)
                                                      0.000     0.000 r  
    BUFGCTRL_X0Y16       BUFG                         0.000     0.000 r  design_1_i/processing_system7_0/inst/buffer_fclk_clk_0.FCLK_CLK_0_BUFG/O
                         net (fo=883, routed)         0.548     0.548    design_1_i/clk_wiz_0/inst/clk_in1
    MMCME2_ADV_X0Y0      MMCME2_ADV (Prop_mmcme2_adv_CLKIN1_CLKOUT0)
                                                     -1.053    -0.506 r  design_1_i/clk_wiz_0/inst/mmcm_adv_inst/CLKOUT0
                         net (fo=1, routed)           0.482    -0.024    design_1_i/clk_wiz_0/inst/clk_out25_design_1_clk_wiz_0_0
    BUFGCTRL_X0Y0        BUFG (Prop_bufg_I_O)         0.026     0.002 r  design_1_i/clk_wiz_0/inst/clkout1_buf/O
                         net (fo=184, routed)         0.583     0.585    design_1_i/hdmi_tx_0/inst/encr/pix_clk
    SLICE_X41Y20         FDRE                                         r  design_1_i/hdmi_tx_0/inst/encr/vdin_q_reg[1]/C
  -------------------------------------------------------------------    -------------------
    SLICE_X41Y20         FDRE (Prop_fdre_C_Q)         0.141     0.726 r  design_1_i/hdmi_tx_0/inst/encr/vdin_q_reg[1]/Q
                         net (fo=8, routed)           0.072     0.797    design_1_i/hdmi_tx_0/inst/encr/p_0_in5_in
    SLICE_X40Y20         LUT6 (Prop_lut6_I4_O)        0.045     0.842 r  design_1_i/hdmi_tx_0/inst/encr/q_m_reg[1]_i_1__1/O
                         net (fo=1, routed)           0.000     0.842    design_1_i/hdmi_tx_0/inst/encr/q_m_1
    SLICE_X40Y20         FDRE                                         r  design_1_i/hdmi_tx_0/inst/encr/q_m_reg_reg[1]/D
  -------------------------------------------------------------------    -------------------

                         (clock clk_out25_design_1_clk_wiz_0_0 rise edge)
                                                      0.000     0.000 r  
    BUFGCTRL_X0Y16       BUFG                         0.000     0.000 r  design_1_i/processing_system7_0/inst/buffer_fclk_clk_0.FCLK_CLK_0_BUFG/O
                         net (fo=883, routed)         0.814     0.814    design_1_i/clk_wiz_0/inst/clk_in1
    MMCME2_ADV_X0Y0      MMCME2_ADV (Prop_mmcme2_adv_CLKIN1_CLKOUT0)
                                                     -1.369    -0.555 r  design_1_i/clk_wiz_0/inst/mmcm_adv_inst/CLKOUT0
                         net (fo=1, routed)           0.528    -0.027    design_1_i/clk_wiz_0/inst/clk_out25_design_1_clk_wiz_0_0
    BUFGCTRL_X0Y0        BUFG (Prop_bufg_I_O)         0.029     0.002 r  design_1_i/clk_wiz_0/inst/clkout1_buf/O
                         net (fo=184, routed)         0.850     0.852    design_1_i/hdmi_tx_0/inst/encr/pix_clk
    SLICE_X40Y20         FDRE                                         r  design_1_i/hdmi_tx_0/inst/encr/q_m_reg_reg[1]/C
                         clock pessimism             -0.254     0.598    
    SLICE_X40Y20         FDRE (Hold_fdre_C_D)         0.092     0.690    design_1_i/hdmi_tx_0/inst/encr/q_m_reg_reg[1]
  -------------------------------------------------------------------
                         required time                         -0.690    
                         arrival time                           0.842    
  -------------------------------------------------------------------
                         slack                                  0.153    

Slack (MET) :             0.162ns  (arrival time - required time)
  Source:                 design_1_i/hdmi_tx_0/inst/encb/vdin_q_reg[1]/C
                            (rising edge-triggered cell FDRE clocked by clk_out25_design_1_clk_wiz_0_0  {rise@0.000ns fall@20.000ns period=40.000ns})
  Destination:            design_1_i/hdmi_tx_0/inst/encb/q_m_reg_reg[1]/D
                            (rising edge-triggered cell FDRE clocked by clk_out25_design_1_clk_wiz_0_0  {rise@0.000ns fall@20.000ns period=40.000ns})
  Path Group:             clk_out25_design_1_clk_wiz_0_0
  Path Type:              Hold (Min at Fast Process Corner)
  Requirement:            0.000ns  (clk_out25_design_1_clk_wiz_0_0 rise@0.000ns - clk_out25_design_1_clk_wiz_0_0 rise@0.000ns)
  Data Path Delay:        0.267ns  (logic 0.186ns (69.552%)  route 0.081ns (30.448%))
  Logic Levels:           1  (LUT6=1)
  Clock Path Skew:        0.013ns (DCD - SCD - CPR)
    Destination Clock Delay (DCD):    0.862ns
    Source Clock Delay      (SCD):    0.593ns
    Clock Pessimism Removal (CPR):    0.256ns

    Location             Delay type                Incr(ns)  Path(ns)    Netlist Resource(s)
  -------------------------------------------------------------------    -------------------
                         (clock clk_out25_design_1_clk_wiz_0_0 rise edge)
                                                      0.000     0.000 r  
    BUFGCTRL_X0Y16       BUFG                         0.000     0.000 r  design_1_i/processing_system7_0/inst/buffer_fclk_clk_0.FCLK_CLK_0_BUFG/O
                         net (fo=883, routed)         0.548     0.548    design_1_i/clk_wiz_0/inst/clk_in1
    MMCME2_ADV_X0Y0      MMCME2_ADV (Prop_mmcme2_adv_CLKIN1_CLKOUT0)
                                                     -1.053    -0.506 r  design_1_i/clk_wiz_0/inst/mmcm_adv_inst/CLKOUT0
                         net (fo=1, routed)           0.482    -0.024    design_1_i/clk_wiz_0/inst/clk_out25_design_1_clk_wiz_0_0
    BUFGCTRL_X0Y0        BUFG (Prop_bufg_I_O)         0.026     0.002 r  design_1_i/clk_wiz_0/inst/clkout1_buf/O
                         net (fo=184, routed)         0.591     0.593    design_1_i/hdmi_tx_0/inst/encb/pix_clk
    SLICE_X41Y7          FDRE                                         r  design_1_i/hdmi_tx_0/inst/encb/vdin_q_reg[1]/C
  -------------------------------------------------------------------    -------------------
    SLICE_X41Y7          FDRE (Prop_fdre_C_Q)         0.141     0.734 r  design_1_i/hdmi_tx_0/inst/encb/vdin_q_reg[1]/Q
                         net (fo=8, routed)           0.081     0.815    design_1_i/hdmi_tx_0/inst/encb/p_0_in5_in
    SLICE_X40Y7          LUT6 (Prop_lut6_I4_O)        0.045     0.860 r  design_1_i/hdmi_tx_0/inst/encb/q_m_reg[1]_i_1/O
                         net (fo=1, routed)           0.000     0.860    design_1_i/hdmi_tx_0/inst/encb/q_m_1
    SLICE_X40Y7          FDRE                                         r  design_1_i/hdmi_tx_0/inst/encb/q_m_reg_reg[1]/D
  -------------------------------------------------------------------    -------------------

                         (clock clk_out25_design_1_clk_wiz_0_0 rise edge)
                                                      0.000     0.000 r  
    BUFGCTRL_X0Y16       BUFG                         0.000     0.000 r  design_1_i/processing_system7_0/inst/buffer_fclk_clk_0.FCLK_CLK_0_BUFG/O
                         net (fo=883, routed)         0.814     0.814    design_1_i/clk_wiz_0/inst/clk_in1
    MMCME2_ADV_X0Y0      MMCME2_ADV (Prop_mmcme2_adv_CLKIN1_CLKOUT0)
                                                     -1.369    -0.555 r  design_1_i/clk_wiz_0/inst/mmcm_adv_inst/CLKOUT0
                         net (fo=1, routed)           0.528    -0.027    design_1_i/clk_wiz_0/inst/clk_out25_design_1_clk_wiz_0_0
    BUFGCTRL_X0Y0        BUFG (Prop_bufg_I_O)         0.029     0.002 r  design_1_i/clk_wiz_0/inst/clkout1_buf/O
                         net (fo=184, routed)         0.860     0.862    design_1_i/hdmi_tx_0/inst/encb/pix_clk
    SLICE_X40Y7          FDRE                                         r  design_1_i/hdmi_tx_0/inst/encb/q_m_reg_reg[1]/C
                         clock pessimism             -0.256     0.606    
    SLICE_X40Y7          FDRE (Hold_fdre_C_D)         0.092     0.698    design_1_i/hdmi_tx_0/inst/encb/q_m_reg_reg[1]
  -------------------------------------------------------------------
                         required time                         -0.698    
                         arrival time                           0.860    
  -------------------------------------------------------------------
                         slack                                  0.162    

Slack (MET) :             0.184ns  (arrival time - required time)
  Source:                 design_1_i/hdmi_tx_0/inst/encb/q_m_reg_reg[5]/C
                            (rising edge-triggered cell FDRE clocked by clk_out25_design_1_clk_wiz_0_0  {rise@0.000ns fall@20.000ns period=40.000ns})
  Destination:            design_1_i/hdmi_tx_0/inst/encb/dout_reg[5]/D
                            (rising edge-triggered cell FDCE clocked by clk_out25_design_1_clk_wiz_0_0  {rise@0.000ns fall@20.000ns period=40.000ns})
  Path Group:             clk_out25_design_1_clk_wiz_0_0
  Path Type:              Hold (Min at Fast Process Corner)
  Requirement:            0.000ns  (clk_out25_design_1_clk_wiz_0_0 rise@0.000ns - clk_out25_design_1_clk_wiz_0_0 rise@0.000ns)
  Data Path Delay:        0.321ns  (logic 0.186ns (57.913%)  route 0.135ns (42.087%))
  Logic Levels:           1  (LUT6=1)
  Clock Path Skew:        0.016ns (DCD - SCD - CPR)
    Destination Clock Delay (DCD):    0.862ns
    Source Clock Delay      (SCD):    0.593ns
    Clock Pessimism Removal (CPR):    0.253ns

    Location             Delay type                Incr(ns)  Path(ns)    Netlist Resource(s)
  -------------------------------------------------------------------    -------------------
                         (clock clk_out25_design_1_clk_wiz_0_0 rise edge)
                                                      0.000     0.000 r  
    BUFGCTRL_X0Y16       BUFG                         0.000     0.000 r  design_1_i/processing_system7_0/inst/buffer_fclk_clk_0.FCLK_CLK_0_BUFG/O
                         net (fo=883, routed)         0.548     0.548    design_1_i/clk_wiz_0/inst/clk_in1
    MMCME2_ADV_X0Y0      MMCME2_ADV (Prop_mmcme2_adv_CLKIN1_CLKOUT0)
                                                     -1.053    -0.506 r  design_1_i/clk_wiz_0/inst/mmcm_adv_inst/CLKOUT0
                         net (fo=1, routed)           0.482    -0.024    design_1_i/clk_wiz_0/inst/clk_out25_design_1_clk_wiz_0_0
    BUFGCTRL_X0Y0        BUFG (Prop_bufg_I_O)         0.026     0.002 r  design_1_i/clk_wiz_0/inst/clkout1_buf/O
                         net (fo=184, routed)         0.591     0.593    design_1_i/hdmi_tx_0/inst/encb/pix_clk
    SLICE_X41Y8          FDRE                                         r  design_1_i/hdmi_tx_0/inst/encb/q_m_reg_reg[5]/C
  -------------------------------------------------------------------    -------------------
    SLICE_X41Y8          FDRE (Prop_fdre_C_Q)         0.141     0.734 r  design_1_i/hdmi_tx_0/inst/encb/q_m_reg_reg[5]/Q
                         net (fo=1, routed)           0.135     0.869    design_1_i/hdmi_tx_0/inst/encb/q_m_reg[5]
    SLICE_X42Y8          LUT6 (Prop_lut6_I0_O)        0.045     0.914 r  design_1_i/hdmi_tx_0/inst/encb/dout[5]_i_1/O
                         net (fo=1, routed)           0.000     0.914    design_1_i/hdmi_tx_0/inst/encb/dout[5]
    SLICE_X42Y8          FDCE                                         r  design_1_i/hdmi_tx_0/inst/encb/dout_reg[5]/D
  -------------------------------------------------------------------    -------------------

                         (clock clk_out25_design_1_clk_wiz_0_0 rise edge)
                                                      0.000     0.000 r  
    BUFGCTRL_X0Y16       BUFG                         0.000     0.000 r  design_1_i/processing_system7_0/inst/buffer_fclk_clk_0.FCLK_CLK_0_BUFG/O
                         net (fo=883, routed)         0.814     0.814    design_1_i/clk_wiz_0/inst/clk_in1
    MMCME2_ADV_X0Y0      MMCME2_ADV (Prop_mmcme2_adv_CLKIN1_CLKOUT0)
                                                     -1.369    -0.555 r  design_1_i/clk_wiz_0/inst/mmcm_adv_inst/CLKOUT0
                         net (fo=1, routed)           0.528    -0.027    design_1_i/clk_wiz_0/inst/clk_out25_design_1_clk_wiz_0_0
    BUFGCTRL_X0Y0        BUFG (Prop_bufg_I_O)         0.029     0.002 r  design_1_i/clk_wiz_0/inst/clkout1_buf/O
                         net (fo=184, routed)         0.860     0.862    design_1_i/hdmi_tx_0/inst/encb/pix_clk
    SLICE_X42Y8          FDCE                                         r  design_1_i/hdmi_tx_0/inst/encb/dout_reg[5]/C
                         clock pessimism             -0.253     0.609    
    SLICE_X42Y8          FDCE (Hold_fdce_C_D)         0.121     0.730    design_1_i/hdmi_tx_0/inst/encb/dout_reg[5]
  -------------------------------------------------------------------
                         required time                         -0.730    
                         arrival time                           0.914    
  -------------------------------------------------------------------
                         slack                                  0.184    

Slack (MET) :             0.191ns  (arrival time - required time)
  Source:                 design_1_i/hdmi_tx_0/inst/encr/vdin_q_reg[0]/C
                            (rising edge-triggered cell FDRE clocked by clk_out25_design_1_clk_wiz_0_0  {rise@0.000ns fall@20.000ns period=40.000ns})
  Destination:            design_1_i/hdmi_tx_0/inst/encr/n1q_m_reg[1]/D
                            (rising edge-triggered cell FDRE clocked by clk_out25_design_1_clk_wiz_0_0  {rise@0.000ns fall@20.000ns period=40.000ns})
  Path Group:             clk_out25_design_1_clk_wiz_0_0
  Path Type:              Hold (Min at Fast Process Corner)
  Requirement:            0.000ns  (clk_out25_design_1_clk_wiz_0_0 rise@0.000ns - clk_out25_design_1_clk_wiz_0_0 rise@0.000ns)
  Data Path Delay:        0.296ns  (logic 0.186ns (62.824%)  route 0.110ns (37.176%))
  Logic Levels:           1  (LUT6=1)
  Clock Path Skew:        0.013ns (DCD - SCD - CPR)
    Destination Clock Delay (DCD):    0.852ns
    Source Clock Delay      (SCD):    0.585ns
    Clock Pessimism Removal (CPR):    0.254ns

    Location             Delay type                Incr(ns)  Path(ns)    Netlist Resource(s)
  -------------------------------------------------------------------    -------------------
                         (clock clk_out25_design_1_clk_wiz_0_0 rise edge)
                                                      0.000     0.000 r  
    BUFGCTRL_X0Y16       BUFG                         0.000     0.000 r  design_1_i/processing_system7_0/inst/buffer_fclk_clk_0.FCLK_CLK_0_BUFG/O
                         net (fo=883, routed)         0.548     0.548    design_1_i/clk_wiz_0/inst/clk_in1
    MMCME2_ADV_X0Y0      MMCME2_ADV (Prop_mmcme2_adv_CLKIN1_CLKOUT0)
                                                     -1.053    -0.506 r  design_1_i/clk_wiz_0/inst/mmcm_adv_inst/CLKOUT0
                         net (fo=1, routed)           0.482    -0.024    design_1_i/clk_wiz_0/inst/clk_out25_design_1_clk_wiz_0_0
    BUFGCTRL_X0Y0        BUFG (Prop_bufg_I_O)         0.026     0.002 r  design_1_i/clk_wiz_0/inst/clkout1_buf/O
                         net (fo=184, routed)         0.583     0.585    design_1_i/hdmi_tx_0/inst/encr/pix_clk
    SLICE_X41Y20         FDRE                                         r  design_1_i/hdmi_tx_0/inst/encr/vdin_q_reg[0]/C
  -------------------------------------------------------------------    -------------------
    SLICE_X41Y20         FDRE (Prop_fdre_C_Q)         0.141     0.726 r  design_1_i/hdmi_tx_0/inst/encr/vdin_q_reg[0]/Q
                         net (fo=18, routed)          0.110     0.836    design_1_i/hdmi_tx_0/inst/encr/vdin_q_reg_n_0_[0]
    SLICE_X40Y20         LUT6 (Prop_lut6_I2_O)        0.045     0.881 r  design_1_i/hdmi_tx_0/inst/encr/n1q_m[1]_i_1__1/O
                         net (fo=1, routed)           0.000     0.881    design_1_i/hdmi_tx_0/inst/encr/n1q_m[1]_i_1__1_n_0
    SLICE_X40Y20         FDRE                                         r  design_1_i/hdmi_tx_0/inst/encr/n1q_m_reg[1]/D
  -------------------------------------------------------------------    -------------------

                         (clock clk_out25_design_1_clk_wiz_0_0 rise edge)
                                                      0.000     0.000 r  
    BUFGCTRL_X0Y16       BUFG                         0.000     0.000 r  design_1_i/processing_system7_0/inst/buffer_fclk_clk_0.FCLK_CLK_0_BUFG/O
                         net (fo=883, routed)         0.814     0.814    design_1_i/clk_wiz_0/inst/clk_in1
    MMCME2_ADV_X0Y0      MMCME2_ADV (Prop_mmcme2_adv_CLKIN1_CLKOUT0)
                                                     -1.369    -0.555 r  design_1_i/clk_wiz_0/inst/mmcm_adv_inst/CLKOUT0
                         net (fo=1, routed)           0.528    -0.027    design_1_i/clk_wiz_0/inst/clk_out25_design_1_clk_wiz_0_0
    BUFGCTRL_X0Y0        BUFG (Prop_bufg_I_O)         0.029     0.002 r  design_1_i/clk_wiz_0/inst/clkout1_buf/O
                         net (fo=184, routed)         0.850     0.852    design_1_i/hdmi_tx_0/inst/encr/pix_clk
    SLICE_X40Y20         FDRE                                         r  design_1_i/hdmi_tx_0/inst/encr/n1q_m_reg[1]/C
                         clock pessimism             -0.254     0.598    
    SLICE_X40Y20         FDRE (Hold_fdre_C_D)         0.092     0.690    design_1_i/hdmi_tx_0/inst/encr/n1q_m_reg[1]
  -------------------------------------------------------------------
                         required time                         -0.690    
                         arrival time                           0.881    
  -------------------------------------------------------------------
                         slack                                  0.191    

Slack (MET) :             0.192ns  (arrival time - required time)
  Source:                 design_1_i/hdmi_tx_0/inst/encb/q_m_reg_reg[3]/C
                            (rising edge-triggered cell FDRE clocked by clk_out25_design_1_clk_wiz_0_0  {rise@0.000ns fall@20.000ns period=40.000ns})
  Destination:            design_1_i/hdmi_tx_0/inst/encb/dout_reg[3]/D
                            (rising edge-triggered cell FDCE clocked by clk_out25_design_1_clk_wiz_0_0  {rise@0.000ns fall@20.000ns period=40.000ns})
  Path Group:             clk_out25_design_1_clk_wiz_0_0
  Path Type:              Hold (Min at Fast Process Corner)
  Requirement:            0.000ns  (clk_out25_design_1_clk_wiz_0_0 rise@0.000ns - clk_out25_design_1_clk_wiz_0_0 rise@0.000ns)
  Data Path Delay:        0.329ns  (logic 0.226ns (68.709%)  route 0.103ns (31.291%))
  Logic Levels:           1  (LUT6=1)
  Clock Path Skew:        0.016ns (DCD - SCD - CPR)
    Destination Clock Delay (DCD):    0.862ns
    Source Clock Delay      (SCD):    0.593ns
    Clock Pessimism Removal (CPR):    0.253ns

    Location             Delay type                Incr(ns)  Path(ns)    Netlist Resource(s)
  -------------------------------------------------------------------    -------------------
                         (clock clk_out25_design_1_clk_wiz_0_0 rise edge)
                                                      0.000     0.000 r  
    BUFGCTRL_X0Y16       BUFG                         0.000     0.000 r  design_1_i/processing_system7_0/inst/buffer_fclk_clk_0.FCLK_CLK_0_BUFG/O
                         net (fo=883, routed)         0.548     0.548    design_1_i/clk_wiz_0/inst/clk_in1
    MMCME2_ADV_X0Y0      MMCME2_ADV (Prop_mmcme2_adv_CLKIN1_CLKOUT0)
                                                     -1.053    -0.506 r  design_1_i/clk_wiz_0/inst/mmcm_adv_inst/CLKOUT0
                         net (fo=1, routed)           0.482    -0.024    design_1_i/clk_wiz_0/inst/clk_out25_design_1_clk_wiz_0_0
    BUFGCTRL_X0Y0        BUFG (Prop_bufg_I_O)         0.026     0.002 r  design_1_i/clk_wiz_0/inst/clkout1_buf/O
                         net (fo=184, routed)         0.591     0.593    design_1_i/hdmi_tx_0/inst/encb/pix_clk
    SLICE_X41Y9          FDRE                                         r  design_1_i/hdmi_tx_0/inst/encb/q_m_reg_reg[3]/C
  -------------------------------------------------------------------    -------------------
    SLICE_X41Y9          FDRE (Prop_fdre_C_Q)         0.128     0.721 r  design_1_i/hdmi_tx_0/inst/encb/q_m_reg_reg[3]/Q
                         net (fo=1, routed)           0.103     0.824    design_1_i/hdmi_tx_0/inst/encb/q_m_reg[3]
    SLICE_X42Y9          LUT6 (Prop_lut6_I0_O)        0.098     0.922 r  design_1_i/hdmi_tx_0/inst/encb/dout[3]_i_1/O
                         net (fo=1, routed)           0.000     0.922    design_1_i/hdmi_tx_0/inst/encb/dout[3]
    SLICE_X42Y9          FDCE                                         r  design_1_i/hdmi_tx_0/inst/encb/dout_reg[3]/D
  -------------------------------------------------------------------    -------------------

                         (clock clk_out25_design_1_clk_wiz_0_0 rise edge)
                                                      0.000     0.000 r  
    BUFGCTRL_X0Y16       BUFG                         0.000     0.000 r  design_1_i/processing_system7_0/inst/buffer_fclk_clk_0.FCLK_CLK_0_BUFG/O
                         net (fo=883, routed)         0.814     0.814    design_1_i/clk_wiz_0/inst/clk_in1
    MMCME2_ADV_X0Y0      MMCME2_ADV (Prop_mmcme2_adv_CLKIN1_CLKOUT0)
                                                     -1.369    -0.555 r  design_1_i/clk_wiz_0/inst/mmcm_adv_inst/CLKOUT0
                         net (fo=1, routed)           0.528    -0.027    design_1_i/clk_wiz_0/inst/clk_out25_design_1_clk_wiz_0_0
    BUFGCTRL_X0Y0        BUFG (Prop_bufg_I_O)         0.029     0.002 r  design_1_i/clk_wiz_0/inst/clkout1_buf/O
                         net (fo=184, routed)         0.860     0.862    design_1_i/hdmi_tx_0/inst/encb/pix_clk
    SLICE_X42Y9          FDCE                                         r  design_1_i/hdmi_tx_0/inst/encb/dout_reg[3]/C
                         clock pessimism             -0.253     0.609    
    SLICE_X42Y9          FDCE (Hold_fdce_C_D)         0.121     0.730    design_1_i/hdmi_tx_0/inst/encb/dout_reg[3]
  -------------------------------------------------------------------
                         required time                         -0.730    
                         arrival time                           0.922    
  -------------------------------------------------------------------
                         slack                                  0.192    

Slack (MET) :             0.194ns  (arrival time - required time)
  Source:                 design_1_i/hdmi_tx_0/inst/encg/n1d_reg[2]/C
                            (rising edge-triggered cell FDRE clocked by clk_out25_design_1_clk_wiz_0_0  {rise@0.000ns fall@20.000ns period=40.000ns})
  Destination:            design_1_i/hdmi_tx_0/inst/encg/q_m_reg_reg[1]/D
                            (rising edge-triggered cell FDRE clocked by clk_out25_design_1_clk_wiz_0_0  {rise@0.000ns fall@20.000ns period=40.000ns})
  Path Group:             clk_out25_design_1_clk_wiz_0_0
  Path Type:              Hold (Min at Fast Process Corner)
  Requirement:            0.000ns  (clk_out25_design_1_clk_wiz_0_0 rise@0.000ns - clk_out25_design_1_clk_wiz_0_0 rise@0.000ns)
  Data Path Delay:        0.301ns  (logic 0.186ns (61.743%)  route 0.115ns (38.257%))
  Logic Levels:           1  (LUT6=1)
  Clock Path Skew:        0.016ns (DCD - SCD - CPR)
    Destination Clock Delay (DCD):    0.863ns
    Source Clock Delay      (SCD):    0.594ns
    Clock Pessimism Removal (CPR):    0.253ns

    Location             Delay type                Incr(ns)  Path(ns)    Netlist Resource(s)
  -------------------------------------------------------------------    -------------------
                         (clock clk_out25_design_1_clk_wiz_0_0 rise edge)
                                                      0.000     0.000 r  
    BUFGCTRL_X0Y16       BUFG                         0.000     0.000 r  design_1_i/processing_system7_0/inst/buffer_fclk_clk_0.FCLK_CLK_0_BUFG/O
                         net (fo=883, routed)         0.548     0.548    design_1_i/clk_wiz_0/inst/clk_in1
    MMCME2_ADV_X0Y0      MMCME2_ADV (Prop_mmcme2_adv_CLKIN1_CLKOUT0)
                                                     -1.053    -0.506 r  design_1_i/clk_wiz_0/inst/mmcm_adv_inst/CLKOUT0
                         net (fo=1, routed)           0.482    -0.024    design_1_i/clk_wiz_0/inst/clk_out25_design_1_clk_wiz_0_0
    BUFGCTRL_X0Y0        BUFG (Prop_bufg_I_O)         0.026     0.002 r  design_1_i/clk_wiz_0/inst/clkout1_buf/O
                         net (fo=184, routed)         0.592     0.594    design_1_i/hdmi_tx_0/inst/encg/pix_clk
    SLICE_X41Y6          FDRE                                         r  design_1_i/hdmi_tx_0/inst/encg/n1d_reg[2]/C
  -------------------------------------------------------------------    -------------------
    SLICE_X41Y6          FDRE (Prop_fdre_C_Q)         0.141     0.735 r  design_1_i/hdmi_tx_0/inst/encg/n1d_reg[2]/Q
                         net (fo=4, routed)           0.115     0.850    design_1_i/hdmi_tx_0/inst/encg/n1d[2]
    SLICE_X43Y6          LUT6 (Prop_lut6_I0_O)        0.045     0.895 r  design_1_i/hdmi_tx_0/inst/encg/q_m_reg[1]_i_1__0/O
                         net (fo=1, routed)           0.000     0.895    design_1_i/hdmi_tx_0/inst/encg/q_m_1
    SLICE_X43Y6          FDRE                                         r  design_1_i/hdmi_tx_0/inst/encg/q_m_reg_reg[1]/D
  -------------------------------------------------------------------    -------------------

                         (clock clk_out25_design_1_clk_wiz_0_0 rise edge)
                                                      0.000     0.000 r  
    BUFGCTRL_X0Y16       BUFG                         0.000     0.000 r  design_1_i/processing_system7_0/inst/buffer_fclk_clk_0.FCLK_CLK_0_BUFG/O
                         net (fo=883, routed)         0.814     0.814    design_1_i/clk_wiz_0/inst/clk_in1
    MMCME2_ADV_X0Y0      MMCME2_ADV (Prop_mmcme2_adv_CLKIN1_CLKOUT0)
                                                     -1.369    -0.555 r  design_1_i/clk_wiz_0/inst/mmcm_adv_inst/CLKOUT0
                         net (fo=1, routed)           0.528    -0.027    design_1_i/clk_wiz_0/inst/clk_out25_design_1_clk_wiz_0_0
    BUFGCTRL_X0Y0        BUFG (Prop_bufg_I_O)         0.029     0.002 r  design_1_i/clk_wiz_0/inst/clkout1_buf/O
                         net (fo=184, routed)         0.861     0.863    design_1_i/hdmi_tx_0/inst/encg/pix_clk
    SLICE_X43Y6          FDRE                                         r  design_1_i/hdmi_tx_0/inst/encg/q_m_reg_reg[1]/C
                         clock pessimism             -0.253     0.610    
    SLICE_X43Y6          FDRE (Hold_fdre_C_D)         0.091     0.701    design_1_i/hdmi_tx_0/inst/encg/q_m_reg_reg[1]
  -------------------------------------------------------------------
                         required time                         -0.701    
                         arrival time                           0.895    
  -------------------------------------------------------------------
                         slack                                  0.194    

Slack (MET) :             0.196ns  (arrival time - required time)
  Source:                 design_1_i/hdmi_tx_0/inst/encb/q_m_reg_reg[1]/C
                            (rising edge-triggered cell FDRE clocked by clk_out25_design_1_clk_wiz_0_0  {rise@0.000ns fall@20.000ns period=40.000ns})
  Destination:            design_1_i/hdmi_tx_0/inst/encb/dout_reg[1]/D
                            (rising edge-triggered cell FDCE clocked by clk_out25_design_1_clk_wiz_0_0  {rise@0.000ns fall@20.000ns period=40.000ns})
  Path Group:             clk_out25_design_1_clk_wiz_0_0
  Path Type:              Hold (Min at Fast Process Corner)
  Requirement:            0.000ns  (clk_out25_design_1_clk_wiz_0_0 rise@0.000ns - clk_out25_design_1_clk_wiz_0_0 rise@0.000ns)
  Data Path Delay:        0.303ns  (logic 0.186ns (61.305%)  route 0.117ns (38.695%))
  Logic Levels:           1  (LUT6=1)
  Clock Path Skew:        0.016ns (DCD - SCD - CPR)
    Destination Clock Delay (DCD):    0.862ns
    Source Clock Delay      (SCD):    0.593ns
    Clock Pessimism Removal (CPR):    0.253ns

    Location             Delay type                Incr(ns)  Path(ns)    Netlist Resource(s)
  -------------------------------------------------------------------    -------------------
                         (clock clk_out25_design_1_clk_wiz_0_0 rise edge)
                                                      0.000     0.000 r  
    BUFGCTRL_X0Y16       BUFG                         0.000     0.000 r  design_1_i/processing_system7_0/inst/buffer_fclk_clk_0.FCLK_CLK_0_BUFG/O
                         net (fo=883, routed)         0.548     0.548    design_1_i/clk_wiz_0/inst/clk_in1
    MMCME2_ADV_X0Y0      MMCME2_ADV (Prop_mmcme2_adv_CLKIN1_CLKOUT0)
                                                     -1.053    -0.506 r  design_1_i/clk_wiz_0/inst/mmcm_adv_inst/CLKOUT0
                         net (fo=1, routed)           0.482    -0.024    design_1_i/clk_wiz_0/inst/clk_out25_design_1_clk_wiz_0_0
    BUFGCTRL_X0Y0        BUFG (Prop_bufg_I_O)         0.026     0.002 r  design_1_i/clk_wiz_0/inst/clkout1_buf/O
                         net (fo=184, routed)         0.591     0.593    design_1_i/hdmi_tx_0/inst/encb/pix_clk
    SLICE_X40Y7          FDRE                                         r  design_1_i/hdmi_tx_0/inst/encb/q_m_reg_reg[1]/C
  -------------------------------------------------------------------    -------------------
    SLICE_X40Y7          FDRE (Prop_fdre_C_Q)         0.141     0.734 r  design_1_i/hdmi_tx_0/inst/encb/q_m_reg_reg[1]/Q
                         net (fo=1, routed)           0.117     0.851    design_1_i/hdmi_tx_0/inst/encb/q_m_reg[1]
    SLICE_X40Y8          LUT6 (Prop_lut6_I0_O)        0.045     0.896 r  design_1_i/hdmi_tx_0/inst/encb/dout[1]_i_1/O
                         net (fo=1, routed)           0.000     0.896    design_1_i/hdmi_tx_0/inst/encb/dout[1]
    SLICE_X40Y8          FDCE                                         r  design_1_i/hdmi_tx_0/inst/encb/dout_reg[1]/D
  -------------------------------------------------------------------    -------------------

                         (clock clk_out25_design_1_clk_wiz_0_0 rise edge)
                                                      0.000     0.000 r  
    BUFGCTRL_X0Y16       BUFG                         0.000     0.000 r  design_1_i/processing_system7_0/inst/buffer_fclk_clk_0.FCLK_CLK_0_BUFG/O
                         net (fo=883, routed)         0.814     0.814    design_1_i/clk_wiz_0/inst/clk_in1
    MMCME2_ADV_X0Y0      MMCME2_ADV (Prop_mmcme2_adv_CLKIN1_CLKOUT0)
                                                     -1.369    -0.555 r  design_1_i/clk_wiz_0/inst/mmcm_adv_inst/CLKOUT0
                         net (fo=1, routed)           0.528    -0.027    design_1_i/clk_wiz_0/inst/clk_out25_design_1_clk_wiz_0_0
    BUFGCTRL_X0Y0        BUFG (Prop_bufg_I_O)         0.029     0.002 r  design_1_i/clk_wiz_0/inst/clkout1_buf/O
                         net (fo=184, routed)         0.860     0.862    design_1_i/hdmi_tx_0/inst/encb/pix_clk
    SLICE_X40Y8          FDCE                                         r  design_1_i/hdmi_tx_0/inst/encb/dout_reg[1]/C
                         clock pessimism             -0.253     0.609    
    SLICE_X40Y8          FDCE (Hold_fdce_C_D)         0.091     0.700    design_1_i/hdmi_tx_0/inst/encb/dout_reg[1]
  -------------------------------------------------------------------
                         required time                         -0.700    
                         arrival time                           0.896    
  -------------------------------------------------------------------
                         slack                                  0.196    

Slack (MET) :             0.198ns  (arrival time - required time)
  Source:                 design_1_i/vga_controller_0/U0/v_count_reg[3]/C
                            (rising edge-triggered cell FDRE clocked by clk_out25_design_1_clk_wiz_0_0  {rise@0.000ns fall@20.000ns period=40.000ns})
  Destination:            design_1_i/vga_controller_0/U0/v_count_reg[4]/D
                            (rising edge-triggered cell FDRE clocked by clk_out25_design_1_clk_wiz_0_0  {rise@0.000ns fall@20.000ns period=40.000ns})
  Path Group:             clk_out25_design_1_clk_wiz_0_0
  Path Type:              Hold (Min at Fast Process Corner)
  Requirement:            0.000ns  (clk_out25_design_1_clk_wiz_0_0 rise@0.000ns - clk_out25_design_1_clk_wiz_0_0 rise@0.000ns)
  Data Path Delay:        0.319ns  (logic 0.246ns (77.136%)  route 0.073ns (22.864%))
  Logic Levels:           1  (LUT6=1)
  Clock Path Skew:        0.000ns (DCD - SCD - CPR)
    Destination Clock Delay (DCD):    0.829ns
    Source Clock Delay      (SCD):    0.563ns
    Clock Pessimism Removal (CPR):    0.266ns

    Location             Delay type                Incr(ns)  Path(ns)    Netlist Resource(s)
  -------------------------------------------------------------------    -------------------
                         (clock clk_out25_design_1_clk_wiz_0_0 rise edge)
                                                      0.000     0.000 r  
    BUFGCTRL_X0Y16       BUFG                         0.000     0.000 r  design_1_i/processing_system7_0/inst/buffer_fclk_clk_0.FCLK_CLK_0_BUFG/O
                         net (fo=883, routed)         0.548     0.548    design_1_i/clk_wiz_0/inst/clk_in1
    MMCME2_ADV_X0Y0      MMCME2_ADV (Prop_mmcme2_adv_CLKIN1_CLKOUT0)
                                                     -1.053    -0.506 r  design_1_i/clk_wiz_0/inst/mmcm_adv_inst/CLKOUT0
                         net (fo=1, routed)           0.482    -0.024    design_1_i/clk_wiz_0/inst/clk_out25_design_1_clk_wiz_0_0
    BUFGCTRL_X0Y0        BUFG (Prop_bufg_I_O)         0.026     0.002 r  design_1_i/clk_wiz_0/inst/clkout1_buf/O
                         net (fo=184, routed)         0.561     0.563    design_1_i/vga_controller_0/U0/clk
    SLICE_X12Y33         FDRE                                         r  design_1_i/vga_controller_0/U0/v_count_reg[3]/C
  -------------------------------------------------------------------    -------------------
    SLICE_X12Y33         FDRE (Prop_fdre_C_Q)         0.148     0.711 r  design_1_i/vga_controller_0/U0/v_count_reg[3]/Q
                         net (fo=11, routed)          0.073     0.784    design_1_i/vga_controller_0/U0/v_count[3]
    SLICE_X12Y33         LUT6 (Prop_lut6_I4_O)        0.098     0.882 r  design_1_i/vga_controller_0/U0/v_count[4]_i_1/O
                         net (fo=1, routed)           0.000     0.882    design_1_i/vga_controller_0/U0/v_count[4]_i_1_n_0
    SLICE_X12Y33         FDRE                                         r  design_1_i/vga_controller_0/U0/v_count_reg[4]/D
  -------------------------------------------------------------------    -------------------

                         (clock clk_out25_design_1_clk_wiz_0_0 rise edge)
                                                      0.000     0.000 r  
    BUFGCTRL_X0Y16       BUFG                         0.000     0.000 r  design_1_i/processing_system7_0/inst/buffer_fclk_clk_0.FCLK_CLK_0_BUFG/O
                         net (fo=883, routed)         0.814     0.814    design_1_i/clk_wiz_0/inst/clk_in1
    MMCME2_ADV_X0Y0      MMCME2_ADV (Prop_mmcme2_adv_CLKIN1_CLKOUT0)
                                                     -1.369    -0.555 r  design_1_i/clk_wiz_0/inst/mmcm_adv_inst/CLKOUT0
                         net (fo=1, routed)           0.528    -0.027    design_1_i/clk_wiz_0/inst/clk_out25_design_1_clk_wiz_0_0
    BUFGCTRL_X0Y0        BUFG (Prop_bufg_I_O)         0.029     0.002 r  design_1_i/clk_wiz_0/inst/clkout1_buf/O
                         net (fo=184, routed)         0.827     0.829    design_1_i/vga_controller_0/U0/clk
    SLICE_X12Y33         FDRE                                         r  design_1_i/vga_controller_0/U0/v_count_reg[4]/C
                         clock pessimism             -0.266     0.563    
    SLICE_X12Y33         FDRE (Hold_fdre_C_D)         0.121     0.684    design_1_i/vga_controller_0/U0/v_count_reg[4]
  -------------------------------------------------------------------
                         required time                         -0.684    
                         arrival time                           0.882    
  -------------------------------------------------------------------
                         slack                                  0.198    

Slack (MET) :             0.219ns  (arrival time - required time)
  Source:                 design_1_i/hdmi_tx_0/inst/encb/q_m_reg_reg[8]/C
                            (rising edge-triggered cell FDRE clocked by clk_out25_design_1_clk_wiz_0_0  {rise@0.000ns fall@20.000ns period=40.000ns})
  Destination:            design_1_i/hdmi_tx_0/inst/encb/dout_reg[0]/D
                            (rising edge-triggered cell FDCE clocked by clk_out25_design_1_clk_wiz_0_0  {rise@0.000ns fall@20.000ns period=40.000ns})
  Path Group:             clk_out25_design_1_clk_wiz_0_0
  Path Type:              Hold (Min at Fast Process Corner)
  Requirement:            0.000ns  (clk_out25_design_1_clk_wiz_0_0 rise@0.000ns - clk_out25_design_1_clk_wiz_0_0 rise@0.000ns)
  Data Path Delay:        0.355ns  (logic 0.186ns (52.396%)  route 0.169ns (47.604%))
  Logic Levels:           1  (LUT6=1)
  Clock Path Skew:        0.016ns (DCD - SCD - CPR)
    Destination Clock Delay (DCD):    0.862ns
    Source Clock Delay      (SCD):    0.593ns
    Clock Pessimism Removal (CPR):    0.253ns

    Location             Delay type                Incr(ns)  Path(ns)    Netlist Resource(s)
  -------------------------------------------------------------------    -------------------
                         (clock clk_out25_design_1_clk_wiz_0_0 rise edge)
                                                      0.000     0.000 r  
    BUFGCTRL_X0Y16       BUFG                         0.000     0.000 r  design_1_i/processing_system7_0/inst/buffer_fclk_clk_0.FCLK_CLK_0_BUFG/O
                         net (fo=883, routed)         0.548     0.548    design_1_i/clk_wiz_0/inst/clk_in1
    MMCME2_ADV_X0Y0      MMCME2_ADV (Prop_mmcme2_adv_CLKIN1_CLKOUT0)
                                                     -1.053    -0.506 r  design_1_i/clk_wiz_0/inst/mmcm_adv_inst/CLKOUT0
                         net (fo=1, routed)           0.482    -0.024    design_1_i/clk_wiz_0/inst/clk_out25_design_1_clk_wiz_0_0
    BUFGCTRL_X0Y0        BUFG (Prop_bufg_I_O)         0.026     0.002 r  design_1_i/clk_wiz_0/inst/clkout1_buf/O
                         net (fo=184, routed)         0.591     0.593    design_1_i/hdmi_tx_0/inst/encb/pix_clk
    SLICE_X41Y7          FDRE                                         r  design_1_i/hdmi_tx_0/inst/encb/q_m_reg_reg[8]/C
  -------------------------------------------------------------------    -------------------
    SLICE_X41Y7          FDRE (Prop_fdre_C_Q)         0.141     0.734 r  design_1_i/hdmi_tx_0/inst/encb/q_m_reg_reg[8]/Q
                         net (fo=27, routed)          0.169     0.903    design_1_i/hdmi_tx_0/inst/encb/q_m_reg[8]
    SLICE_X42Y8          LUT6 (Prop_lut6_I3_O)        0.045     0.948 r  design_1_i/hdmi_tx_0/inst/encb/dout[0]_i_1/O
                         net (fo=1, routed)           0.000     0.948    design_1_i/hdmi_tx_0/inst/encb/dout[0]
    SLICE_X42Y8          FDCE                                         r  design_1_i/hdmi_tx_0/inst/encb/dout_reg[0]/D
  -------------------------------------------------------------------    -------------------

                         (clock clk_out25_design_1_clk_wiz_0_0 rise edge)
                                                      0.000     0.000 r  
    BUFGCTRL_X0Y16       BUFG                         0.000     0.000 r  design_1_i/processing_system7_0/inst/buffer_fclk_clk_0.FCLK_CLK_0_BUFG/O
                         net (fo=883, routed)         0.814     0.814    design_1_i/clk_wiz_0/inst/clk_in1
    MMCME2_ADV_X0Y0      MMCME2_ADV (Prop_mmcme2_adv_CLKIN1_CLKOUT0)
                                                     -1.369    -0.555 r  design_1_i/clk_wiz_0/inst/mmcm_adv_inst/CLKOUT0
                         net (fo=1, routed)           0.528    -0.027    design_1_i/clk_wiz_0/inst/clk_out25_design_1_clk_wiz_0_0
    BUFGCTRL_X0Y0        BUFG (Prop_bufg_I_O)         0.029     0.002 r  design_1_i/clk_wiz_0/inst/clkout1_buf/O
                         net (fo=184, routed)         0.860     0.862    design_1_i/hdmi_tx_0/inst/encb/pix_clk
    SLICE_X42Y8          FDCE                                         r  design_1_i/hdmi_tx_0/inst/encb/dout_reg[0]/C
                         clock pessimism             -0.253     0.609    
    SLICE_X42Y8          FDCE (Hold_fdce_C_D)         0.120     0.729    design_1_i/hdmi_tx_0/inst/encb/dout_reg[0]
  -------------------------------------------------------------------
                         required time                         -0.729    
                         arrival time                           0.948    
  -------------------------------------------------------------------
                         slack                                  0.219    





Pulse Width Checks
--------------------------------------------------------------------------------------
Clock Name:         clk_out25_design_1_clk_wiz_0_0
Waveform(ns):       { 0.000 20.000 }
Period(ns):         40.000
Sources:            { design_1_i/clk_wiz_0/inst/mmcm_adv_inst/CLKOUT0 }

Check Type        Corner  Lib Pin             Reference Pin  Required(ns)  Actual(ns)  Slack(ns)  Location         Pin
Min Period        n/a     BUFG/I              n/a            2.155         40.000      37.845     BUFGCTRL_X0Y0    design_1_i/clk_wiz_0/inst/clkout1_buf/I
Min Period        n/a     OSERDESE2/CLKDIV    n/a            1.667         40.000      38.333     OLOGIC_X0Y8      design_1_i/hdmi_tx_0/inst/serial_b/oserdes_m/CLKDIV
Min Period        n/a     OSERDESE2/CLKDIV    n/a            1.667         40.000      38.333     OLOGIC_X0Y7      design_1_i/hdmi_tx_0/inst/serial_b/oserdes_s/CLKDIV
Min Period        n/a     OSERDESE2/CLKDIV    n/a            1.667         40.000      38.333     OLOGIC_X0Y26     design_1_i/hdmi_tx_0/inst/serial_clk/oserdes_m/CLKDIV
Min Period        n/a     OSERDESE2/CLKDIV    n/a            1.667         40.000      38.333     OLOGIC_X0Y25     design_1_i/hdmi_tx_0/inst/serial_clk/oserdes_s/CLKDIV
Min Period        n/a     OSERDESE2/CLKDIV    n/a            1.667         40.000      38.333     OLOGIC_X0Y4      design_1_i/hdmi_tx_0/inst/serial_g/oserdes_m/CLKDIV
Min Period        n/a     OSERDESE2/CLKDIV    n/a            1.667         40.000      38.333     OLOGIC_X0Y3      design_1_i/hdmi_tx_0/inst/serial_g/oserdes_s/CLKDIV
Min Period        n/a     OSERDESE2/CLKDIV    n/a            1.667         40.000      38.333     OLOGIC_X0Y24     design_1_i/hdmi_tx_0/inst/serial_r/oserdes_m/CLKDIV
Min Period        n/a     OSERDESE2/CLKDIV    n/a            1.667         40.000      38.333     OLOGIC_X0Y23     design_1_i/hdmi_tx_0/inst/serial_r/oserdes_s/CLKDIV
Min Period        n/a     MMCME2_ADV/CLKOUT0  n/a            1.249         40.000      38.751     MMCME2_ADV_X0Y0  design_1_i/clk_wiz_0/inst/mmcm_adv_inst/CLKOUT0
Max Period        n/a     MMCME2_ADV/CLKOUT0  n/a            213.360       40.000      173.360    MMCME2_ADV_X0Y0  design_1_i/clk_wiz_0/inst/mmcm_adv_inst/CLKOUT0
Low Pulse Width   Slow    SRL16E/CLK          n/a            0.980         20.000      19.020     SLICE_X38Y20     design_1_i/hdmi_tx_0/inst/srldly_0/srl[16].srl16_i/CLK
Low Pulse Width   Fast    SRL16E/CLK          n/a            0.980         20.000      19.020     SLICE_X38Y20     design_1_i/hdmi_tx_0/inst/srldly_0/srl[16].srl16_i/CLK
Low Pulse Width   Slow    SRL16E/CLK          n/a            0.980         20.000      19.020     SLICE_X38Y20     design_1_i/hdmi_tx_0/inst/srldly_0/srl[17].srl16_i/CLK
Low Pulse Width   Fast    SRL16E/CLK          n/a            0.980         20.000      19.020     SLICE_X38Y20     design_1_i/hdmi_tx_0/inst/srldly_0/srl[17].srl16_i/CLK
Low Pulse Width   Slow    SRL16E/CLK          n/a            0.980         20.000      19.020     SLICE_X38Y20     design_1_i/hdmi_tx_0/inst/srldly_0/srl[18].srl16_i/CLK
Low Pulse Width   Fast    SRL16E/CLK          n/a            0.980         20.000      19.020     SLICE_X38Y20     design_1_i/hdmi_tx_0/inst/srldly_0/srl[18].srl16_i/CLK
Low Pulse Width   Slow    SRL16E/CLK          n/a            0.980         20.000      19.020     SLICE_X38Y20     design_1_i/hdmi_tx_0/inst/srldly_0/srl[19].srl16_i/CLK
Low Pulse Width   Fast    SRL16E/CLK          n/a            0.980         20.000      19.020     SLICE_X38Y20     design_1_i/hdmi_tx_0/inst/srldly_0/srl[19].srl16_i/CLK
Low Pulse Width   Slow    SRL16E/CLK          n/a            0.980         20.000      19.020     SLICE_X38Y20     design_1_i/hdmi_tx_0/inst/srldly_0/srl[1].srl16_i/CLK
Low Pulse Width   Fast    SRL16E/CLK          n/a            0.980         20.000      19.020     SLICE_X38Y20     design_1_i/hdmi_tx_0/inst/srldly_0/srl[1].srl16_i/CLK
High Pulse Width  Slow    SRL16E/CLK          n/a            0.980         20.000      19.020     SLICE_X38Y20     design_1_i/hdmi_tx_0/inst/srldly_0/srl[16].srl16_i/CLK
High Pulse Width  Fast    SRL16E/CLK          n/a            0.980         20.000      19.020     SLICE_X38Y20     design_1_i/hdmi_tx_0/inst/srldly_0/srl[16].srl16_i/CLK
High Pulse Width  Slow    SRL16E/CLK          n/a            0.980         20.000      19.020     SLICE_X38Y20     design_1_i/hdmi_tx_0/inst/srldly_0/srl[17].srl16_i/CLK
High Pulse Width  Fast    SRL16E/CLK          n/a            0.980         20.000      19.020     SLICE_X38Y20     design_1_i/hdmi_tx_0/inst/srldly_0/srl[17].srl16_i/CLK
High Pulse Width  Slow    SRL16E/CLK          n/a            0.980         20.000      19.020     SLICE_X38Y20     design_1_i/hdmi_tx_0/inst/srldly_0/srl[18].srl16_i/CLK
High Pulse Width  Fast    SRL16E/CLK          n/a            0.980         20.000      19.020     SLICE_X38Y20     design_1_i/hdmi_tx_0/inst/srldly_0/srl[18].srl16_i/CLK
High Pulse Width  Slow    SRL16E/CLK          n/a            0.980         20.000      19.020     SLICE_X38Y20     design_1_i/hdmi_tx_0/inst/srldly_0/srl[19].srl16_i/CLK
High Pulse Width  Fast    SRL16E/CLK          n/a            0.980         20.000      19.020     SLICE_X38Y20     design_1_i/hdmi_tx_0/inst/srldly_0/srl[19].srl16_i/CLK
High Pulse Width  Slow    SRL16E/CLK          n/a            0.980         20.000      19.020     SLICE_X38Y20     design_1_i/hdmi_tx_0/inst/srldly_0/srl[1].srl16_i/CLK
High Pulse Width  Fast    SRL16E/CLK          n/a            0.980         20.000      19.020     SLICE_X38Y20     design_1_i/hdmi_tx_0/inst/srldly_0/srl[1].srl16_i/CLK



---------------------------------------------------------------------------------------------------
From Clock:  clkfbout_design_1_clk_wiz_0_0
  To Clock:  clkfbout_design_1_clk_wiz_0_0

Setup :           NA  Failing Endpoints,  Worst Slack           NA  ,  Total Violation           NA
Hold  :           NA  Failing Endpoints,  Worst Slack           NA  ,  Total Violation           NA
PW    :            0  Failing Endpoints,  Worst Slack       17.845ns,  Total Violation        0.000ns
---------------------------------------------------------------------------------------------------


Pulse Width Checks
--------------------------------------------------------------------------------------
Clock Name:         clkfbout_design_1_clk_wiz_0_0
Waveform(ns):       { 0.000 10.000 }
Period(ns):         20.000
Sources:            { design_1_i/clk_wiz_0/inst/mmcm_adv_inst/CLKFBOUT }

Check Type  Corner  Lib Pin              Reference Pin  Required(ns)  Actual(ns)  Slack(ns)  Location         Pin
Min Period  n/a     BUFG/I               n/a            2.155         20.000      17.845     BUFGCTRL_X0Y3    design_1_i/clk_wiz_0/inst/clkf_buf/I
Min Period  n/a     MMCME2_ADV/CLKFBOUT  n/a            1.249         20.000      18.751     MMCME2_ADV_X0Y0  design_1_i/clk_wiz_0/inst/mmcm_adv_inst/CLKFBOUT
Min Period  n/a     MMCME2_ADV/CLKFBIN   n/a            1.249         20.000      18.751     MMCME2_ADV_X0Y0  design_1_i/clk_wiz_0/inst/mmcm_adv_inst/CLKFBIN
Max Period  n/a     MMCME2_ADV/CLKFBIN   n/a            100.000       20.000      80.000     MMCME2_ADV_X0Y0  design_1_i/clk_wiz_0/inst/mmcm_adv_inst/CLKFBIN
Max Period  n/a     MMCME2_ADV/CLKFBOUT  n/a            213.360       20.000      193.360    MMCME2_ADV_X0Y0  design_1_i/clk_wiz_0/inst/mmcm_adv_inst/CLKFBOUT



--------------------------------------------------------------------------------------
Path Group:  (none)
From Clock:  
  To Clock:  clk_fpga_0

Max Delay             1 Endpoint
Min Delay             1 Endpoint
--------------------------------------------------------------------------------------


Max Delay Paths
--------------------------------------------------------------------------------------
Slack:                    inf
  Source:                 design_1_i/processing_system7_0/inst/PS7_i/FCLKRESETN[0]
                            (internal pin)
  Destination:            design_1_i/rst_ps7_0_50M/U0/EXT_LPF/ACTIVE_LOW_EXT.ACT_LO_EXT/GENERATE_LEVEL_P_S_CDC.SINGLE_BIT.CROSS_PLEVEL_IN2SCNDRY_IN_cdc_to/D
                            (rising edge-triggered cell FDRE clocked by clk_fpga_0  {rise@0.000ns fall@10.000ns period=20.000ns})
  Path Group:             (none)
  Path Type:              Setup (Max at Slow Process Corner)
  Data Path Delay:        1.583ns  (logic 0.124ns (7.835%)  route 1.459ns (92.165%))
  Logic Levels:           1  (LUT1=1)
  Clock Uncertainty:      0.301ns  ((TSJ^2 + TIJ^2)^1/2 + DJ) / 2 + PE
    Total System Jitter     (TSJ):    0.050ns
    Total Input Jitter      (TIJ):    0.600ns
    Discrete Jitter          (DJ):    0.000ns
    Phase Error              (PE):    0.000ns
  Timing Exception:       False Path

    Location             Delay type                Incr(ns)  Path(ns)    Netlist Resource(s)
  -------------------------------------------------------------------    -------------------
    PS7_X0Y0             PS7                          0.000     0.000 f  design_1_i/processing_system7_0/inst/PS7_i/FCLKRESETN[0]
                         net (fo=1, routed)           1.459     1.459    design_1_i/rst_ps7_0_50M/U0/EXT_LPF/ACTIVE_LOW_EXT.ACT_LO_EXT/ext_reset_in
    SLICE_X8Y52          LUT1 (Prop_lut1_I0_O)        0.124     1.583 r  design_1_i/rst_ps7_0_50M/U0/EXT_LPF/ACTIVE_LOW_EXT.ACT_LO_EXT/GENERATE_LEVEL_P_S_CDC.SINGLE_BIT.CROSS_PLEVEL_IN2SCNDRY_IN_cdc_to_i_1/O
                         net (fo=1, routed)           0.000     1.583    design_1_i/rst_ps7_0_50M/U0/EXT_LPF/ACTIVE_LOW_EXT.ACT_LO_EXT/exr_d1
    SLICE_X8Y52          FDRE                                         r  design_1_i/rst_ps7_0_50M/U0/EXT_LPF/ACTIVE_LOW_EXT.ACT_LO_EXT/GENERATE_LEVEL_P_S_CDC.SINGLE_BIT.CROSS_PLEVEL_IN2SCNDRY_IN_cdc_to/D
  -------------------------------------------------------------------    -------------------

                         (clock clk_fpga_0 rise edge)
                                                      0.000     0.000 r  
    PS7_X0Y0             PS7                          0.000     0.000 r  design_1_i/processing_system7_0/inst/PS7_i/FCLKCLK[0]
                         net (fo=1, routed)           1.666     1.666    design_1_i/processing_system7_0/inst/FCLK_CLK_unbuffered[0]
    BUFGCTRL_X0Y16       BUFG (Prop_bufg_I_O)         0.091     1.757 r  design_1_i/processing_system7_0/inst/buffer_fclk_clk_0.FCLK_CLK_0_BUFG/O
                         net (fo=883, routed)         1.495     3.252    design_1_i/rst_ps7_0_50M/U0/EXT_LPF/ACTIVE_LOW_EXT.ACT_LO_EXT/slowest_sync_clk
    SLICE_X8Y52          FDRE                                         r  design_1_i/rst_ps7_0_50M/U0/EXT_LPF/ACTIVE_LOW_EXT.ACT_LO_EXT/GENERATE_LEVEL_P_S_CDC.SINGLE_BIT.CROSS_PLEVEL_IN2SCNDRY_IN_cdc_to/C





Min Delay Paths
--------------------------------------------------------------------------------------
Slack:                    inf
  Source:                 design_1_i/processing_system7_0/inst/PS7_i/FCLKRESETN[0]
                            (internal pin)
  Destination:            design_1_i/rst_ps7_0_50M/U0/EXT_LPF/ACTIVE_LOW_EXT.ACT_LO_EXT/GENERATE_LEVEL_P_S_CDC.SINGLE_BIT.CROSS_PLEVEL_IN2SCNDRY_IN_cdc_to/D
                            (rising edge-triggered cell FDRE clocked by clk_fpga_0  {rise@0.000ns fall@10.000ns period=20.000ns})
  Path Group:             (none)
  Path Type:              Hold (Min at Fast Process Corner)
  Data Path Delay:        0.637ns  (logic 0.045ns (7.069%)  route 0.592ns (92.931%))
  Logic Levels:           1  (LUT1=1)
  Clock Uncertainty:      0.301ns  ((TSJ^2 + TIJ^2)^1/2 + DJ) / 2 + PE
    Total System Jitter     (TSJ):    0.050ns
    Total Input Jitter      (TIJ):    0.600ns
    Discrete Jitter          (DJ):    0.000ns
    Phase Error              (PE):    0.000ns
  Timing Exception:       False Path

    Location             Delay type                Incr(ns)  Path(ns)    Netlist Resource(s)
  -------------------------------------------------------------------    -------------------
    PS7_X0Y0             PS7                          0.000     0.000 f  design_1_i/processing_system7_0/inst/PS7_i/FCLKRESETN[0]
                         net (fo=1, routed)           0.592     0.592    design_1_i/rst_ps7_0_50M/U0/EXT_LPF/ACTIVE_LOW_EXT.ACT_LO_EXT/ext_reset_in
    SLICE_X8Y52          LUT1 (Prop_lut1_I0_O)        0.045     0.637 r  design_1_i/rst_ps7_0_50M/U0/EXT_LPF/ACTIVE_LOW_EXT.ACT_LO_EXT/GENERATE_LEVEL_P_S_CDC.SINGLE_BIT.CROSS_PLEVEL_IN2SCNDRY_IN_cdc_to_i_1/O
                         net (fo=1, routed)           0.000     0.637    design_1_i/rst_ps7_0_50M/U0/EXT_LPF/ACTIVE_LOW_EXT.ACT_LO_EXT/exr_d1
    SLICE_X8Y52          FDRE                                         r  design_1_i/rst_ps7_0_50M/U0/EXT_LPF/ACTIVE_LOW_EXT.ACT_LO_EXT/GENERATE_LEVEL_P_S_CDC.SINGLE_BIT.CROSS_PLEVEL_IN2SCNDRY_IN_cdc_to/D
  -------------------------------------------------------------------    -------------------

                         (clock clk_fpga_0 rise edge)
                                                      0.000     0.000 r  
    PS7_X0Y0             PS7                          0.000     0.000 r  design_1_i/processing_system7_0/inst/PS7_i/FCLKCLK[0]
                         net (fo=1, routed)           0.919     0.919    design_1_i/processing_system7_0/inst/FCLK_CLK_unbuffered[0]
    BUFGCTRL_X0Y16       BUFG (Prop_bufg_I_O)         0.029     0.948 r  design_1_i/processing_system7_0/inst/buffer_fclk_clk_0.FCLK_CLK_0_BUFG/O
                         net (fo=883, routed)         0.832     1.780    design_1_i/rst_ps7_0_50M/U0/EXT_LPF/ACTIVE_LOW_EXT.ACT_LO_EXT/slowest_sync_clk
    SLICE_X8Y52          FDRE                                         r  design_1_i/rst_ps7_0_50M/U0/EXT_LPF/ACTIVE_LOW_EXT.ACT_LO_EXT/GENERATE_LEVEL_P_S_CDC.SINGLE_BIT.CROSS_PLEVEL_IN2SCNDRY_IN_cdc_to/C





--------------------------------------------------------------------------------------
Path Group:  (none)
From Clock:  clk_out100_design_1_clk_wiz_0_0
  To Clock:  clk_fpga_0

Max Delay            22 Endpoints
Min Delay            22 Endpoints
--------------------------------------------------------------------------------------


Max Delay Paths
--------------------------------------------------------------------------------------
Slack:                    inf
  Source:                 design_1_i/test_axi_gpio_0/U0/gpio_out_reg[6]/C
                            (rising edge-triggered cell FDRE clocked by clk_out100_design_1_clk_wiz_0_0  {rise@0.000ns fall@5.000ns period=10.000ns})
  Destination:            design_1_i/axi_gpio_0/U0/gpio_core_1/Not_Dual.INPUT_DOUBLE_REGS3/GENERATE_LEVEL_P_S_CDC.MULTI_BIT.FOR_IN_cdc_to[6].CROSS2_PLEVEL_IN2SCNDRY_IN_cdc_to/D
                            (rising edge-triggered cell FDRE clocked by clk_fpga_0  {rise@0.000ns fall@10.000ns period=20.000ns})
  Path Group:             (none)
  Path Type:              Setup (Max at Slow Process Corner)
  Data Path Delay:        1.247ns  (logic 0.518ns (41.545%)  route 0.729ns (58.455%))
  Logic Levels:           0  
  Clock Path Skew:        1.634ns (DCD - SCD + CPR)
    Destination Clock Delay (DCD):    3.310ns
    Source Clock Delay      (SCD):    1.676ns
    Clock Pessimism Removal (CPR):    0.000ns
  Clock Uncertainty:      0.478ns  ((TSJ^2 + TIJ^2 + DJ^2)^1/2) / 2 + PE
    Total System Jitter     (TSJ):    0.071ns
    Total Input Jitter      (TIJ):    0.600ns
    Discrete Jitter          (DJ):    0.162ns
    Phase Error              (PE):    0.165ns
  Timing Exception:       False Path

    Location             Delay type                Incr(ns)  Path(ns)    Netlist Resource(s)
  -------------------------------------------------------------------    -------------------
                         (clock clk_out100_design_1_clk_wiz_0_0 rise edge)
                                                      0.000     0.000 r  
    BUFGCTRL_X0Y16       BUFG                         0.000     0.000 r  design_1_i/processing_system7_0/inst/buffer_fclk_clk_0.FCLK_CLK_0_BUFG/O
                         net (fo=883, routed)         1.680     1.680    design_1_i/clk_wiz_0/inst/clk_in1
    MMCME2_ADV_X0Y0      MMCME2_ADV (Prop_mmcme2_adv_CLKIN1_CLKOUT2)
                                                     -3.538    -1.858 r  design_1_i/clk_wiz_0/inst/mmcm_adv_inst/CLKOUT2
                         net (fo=1, routed)           1.760    -0.098    design_1_i/clk_wiz_0/inst/clk_out100_design_1_clk_wiz_0_0
    BUFGCTRL_X0Y2        BUFG (Prop_bufg_I_O)         0.101     0.003 r  design_1_i/clk_wiz_0/inst/clkout3_buf/O
                         net (fo=62, routed)          1.673     1.676    design_1_i/test_axi_gpio_0/U0/clk
    SLICE_X8Y33          FDRE                                         r  design_1_i/test_axi_gpio_0/U0/gpio_out_reg[6]/C
  -------------------------------------------------------------------    -------------------
    SLICE_X8Y33          FDRE (Prop_fdre_C_Q)         0.518     2.194 r  design_1_i/test_axi_gpio_0/U0/gpio_out_reg[6]/Q
                         net (fo=1, routed)           0.729     2.923    design_1_i/axi_gpio_0/U0/gpio_core_1/Not_Dual.INPUT_DOUBLE_REGS3/gpio_io_i[6]
    SLICE_X5Y39          FDRE                                         r  design_1_i/axi_gpio_0/U0/gpio_core_1/Not_Dual.INPUT_DOUBLE_REGS3/GENERATE_LEVEL_P_S_CDC.MULTI_BIT.FOR_IN_cdc_to[6].CROSS2_PLEVEL_IN2SCNDRY_IN_cdc_to/D
  -------------------------------------------------------------------    -------------------

                         (clock clk_fpga_0 rise edge)
                                                      0.000     0.000 r  
    PS7_X0Y0             PS7                          0.000     0.000 r  design_1_i/processing_system7_0/inst/PS7_i/FCLKCLK[0]
                         net (fo=1, routed)           1.666     1.666    design_1_i/processing_system7_0/inst/FCLK_CLK_unbuffered[0]
    BUFGCTRL_X0Y16       BUFG (Prop_bufg_I_O)         0.091     1.757 r  design_1_i/processing_system7_0/inst/buffer_fclk_clk_0.FCLK_CLK_0_BUFG/O
                         net (fo=883, routed)         1.552     3.310    design_1_i/axi_gpio_0/U0/gpio_core_1/Not_Dual.INPUT_DOUBLE_REGS3/s_axi_aclk
    SLICE_X5Y39          FDRE                                         r  design_1_i/axi_gpio_0/U0/gpio_core_1/Not_Dual.INPUT_DOUBLE_REGS3/GENERATE_LEVEL_P_S_CDC.MULTI_BIT.FOR_IN_cdc_to[6].CROSS2_PLEVEL_IN2SCNDRY_IN_cdc_to/C

Slack:                    inf
  Source:                 design_1_i/test_axi_gpio_0/U0/gpio_out_reg[21]/C
                            (rising edge-triggered cell FDRE clocked by clk_out100_design_1_clk_wiz_0_0  {rise@0.000ns fall@5.000ns period=10.000ns})
  Destination:            design_1_i/axi_gpio_0/U0/gpio_core_1/Not_Dual.INPUT_DOUBLE_REGS3/GENERATE_LEVEL_P_S_CDC.MULTI_BIT.FOR_IN_cdc_to[21].CROSS2_PLEVEL_IN2SCNDRY_IN_cdc_to/D
                            (rising edge-triggered cell FDRE clocked by clk_fpga_0  {rise@0.000ns fall@10.000ns period=20.000ns})
  Path Group:             (none)
  Path Type:              Setup (Max at Slow Process Corner)
  Data Path Delay:        1.239ns  (logic 0.518ns (41.822%)  route 0.721ns (58.178%))
  Logic Levels:           0  
  Clock Path Skew:        1.585ns (DCD - SCD + CPR)
    Destination Clock Delay (DCD):    3.266ns
    Source Clock Delay      (SCD):    1.681ns
    Clock Pessimism Removal (CPR):    0.000ns
  Clock Uncertainty:      0.478ns  ((TSJ^2 + TIJ^2 + DJ^2)^1/2) / 2 + PE
    Total System Jitter     (TSJ):    0.071ns
    Total Input Jitter      (TIJ):    0.600ns
    Discrete Jitter          (DJ):    0.162ns
    Phase Error              (PE):    0.165ns
  Timing Exception:       False Path

    Location             Delay type                Incr(ns)  Path(ns)    Netlist Resource(s)
  -------------------------------------------------------------------    -------------------
                         (clock clk_out100_design_1_clk_wiz_0_0 rise edge)
                                                      0.000     0.000 r  
    BUFGCTRL_X0Y16       BUFG                         0.000     0.000 r  design_1_i/processing_system7_0/inst/buffer_fclk_clk_0.FCLK_CLK_0_BUFG/O
                         net (fo=883, routed)         1.680     1.680    design_1_i/clk_wiz_0/inst/clk_in1
    MMCME2_ADV_X0Y0      MMCME2_ADV (Prop_mmcme2_adv_CLKIN1_CLKOUT2)
                                                     -3.538    -1.858 r  design_1_i/clk_wiz_0/inst/mmcm_adv_inst/CLKOUT2
                         net (fo=1, routed)           1.760    -0.098    design_1_i/clk_wiz_0/inst/clk_out100_design_1_clk_wiz_0_0
    BUFGCTRL_X0Y2        BUFG (Prop_bufg_I_O)         0.101     0.003 r  design_1_i/clk_wiz_0/inst/clkout3_buf/O
                         net (fo=62, routed)          1.678     1.681    design_1_i/test_axi_gpio_0/U0/clk
    SLICE_X12Y38         FDRE                                         r  design_1_i/test_axi_gpio_0/U0/gpio_out_reg[21]/C
  -------------------------------------------------------------------    -------------------
    SLICE_X12Y38         FDRE (Prop_fdre_C_Q)         0.518     2.199 r  design_1_i/test_axi_gpio_0/U0/gpio_out_reg[21]/Q
                         net (fo=1, routed)           0.721     2.920    design_1_i/axi_gpio_0/U0/gpio_core_1/Not_Dual.INPUT_DOUBLE_REGS3/gpio_io_i[21]
    SLICE_X12Y39         FDRE                                         r  design_1_i/axi_gpio_0/U0/gpio_core_1/Not_Dual.INPUT_DOUBLE_REGS3/GENERATE_LEVEL_P_S_CDC.MULTI_BIT.FOR_IN_cdc_to[21].CROSS2_PLEVEL_IN2SCNDRY_IN_cdc_to/D
  -------------------------------------------------------------------    -------------------

                         (clock clk_fpga_0 rise edge)
                                                      0.000     0.000 r  
    PS7_X0Y0             PS7                          0.000     0.000 r  design_1_i/processing_system7_0/inst/PS7_i/FCLKCLK[0]
                         net (fo=1, routed)           1.666     1.666    design_1_i/processing_system7_0/inst/FCLK_CLK_unbuffered[0]
    BUFGCTRL_X0Y16       BUFG (Prop_bufg_I_O)         0.091     1.757 r  design_1_i/processing_system7_0/inst/buffer_fclk_clk_0.FCLK_CLK_0_BUFG/O
                         net (fo=883, routed)         1.508     3.266    design_1_i/axi_gpio_0/U0/gpio_core_1/Not_Dual.INPUT_DOUBLE_REGS3/s_axi_aclk
    SLICE_X12Y39         FDRE                                         r  design_1_i/axi_gpio_0/U0/gpio_core_1/Not_Dual.INPUT_DOUBLE_REGS3/GENERATE_LEVEL_P_S_CDC.MULTI_BIT.FOR_IN_cdc_to[21].CROSS2_PLEVEL_IN2SCNDRY_IN_cdc_to/C

Slack:                    inf
  Source:                 design_1_i/test_axi_gpio_0/U0/gpio_out_reg[5]/C
                            (rising edge-triggered cell FDRE clocked by clk_out100_design_1_clk_wiz_0_0  {rise@0.000ns fall@5.000ns period=10.000ns})
  Destination:            design_1_i/axi_gpio_0/U0/gpio_core_1/Not_Dual.INPUT_DOUBLE_REGS3/GENERATE_LEVEL_P_S_CDC.MULTI_BIT.FOR_IN_cdc_to[5].CROSS2_PLEVEL_IN2SCNDRY_IN_cdc_to/D
                            (rising edge-triggered cell FDRE clocked by clk_fpga_0  {rise@0.000ns fall@10.000ns period=20.000ns})
  Path Group:             (none)
  Path Type:              Setup (Max at Slow Process Corner)
  Data Path Delay:        1.188ns  (logic 0.518ns (43.608%)  route 0.670ns (56.392%))
  Logic Levels:           0  
  Clock Path Skew:        1.629ns (DCD - SCD + CPR)
    Destination Clock Delay (DCD):    3.309ns
    Source Clock Delay      (SCD):    1.680ns
    Clock Pessimism Removal (CPR):    0.000ns
  Clock Uncertainty:      0.478ns  ((TSJ^2 + TIJ^2 + DJ^2)^1/2) / 2 + PE
    Total System Jitter     (TSJ):    0.071ns
    Total Input Jitter      (TIJ):    0.600ns
    Discrete Jitter          (DJ):    0.162ns
    Phase Error              (PE):    0.165ns
  Timing Exception:       False Path

    Location             Delay type                Incr(ns)  Path(ns)    Netlist Resource(s)
  -------------------------------------------------------------------    -------------------
                         (clock clk_out100_design_1_clk_wiz_0_0 rise edge)
                                                      0.000     0.000 r  
    BUFGCTRL_X0Y16       BUFG                         0.000     0.000 r  design_1_i/processing_system7_0/inst/buffer_fclk_clk_0.FCLK_CLK_0_BUFG/O
                         net (fo=883, routed)         1.680     1.680    design_1_i/clk_wiz_0/inst/clk_in1
    MMCME2_ADV_X0Y0      MMCME2_ADV (Prop_mmcme2_adv_CLKIN1_CLKOUT2)
                                                     -3.538    -1.858 r  design_1_i/clk_wiz_0/inst/mmcm_adv_inst/CLKOUT2
                         net (fo=1, routed)           1.760    -0.098    design_1_i/clk_wiz_0/inst/clk_out100_design_1_clk_wiz_0_0
    BUFGCTRL_X0Y2        BUFG (Prop_bufg_I_O)         0.101     0.003 r  design_1_i/clk_wiz_0/inst/clkout3_buf/O
                         net (fo=62, routed)          1.677     1.680    design_1_i/test_axi_gpio_0/U0/clk
    SLICE_X6Y37          FDRE                                         r  design_1_i/test_axi_gpio_0/U0/gpio_out_reg[5]/C
  -------------------------------------------------------------------    -------------------
    SLICE_X6Y37          FDRE (Prop_fdre_C_Q)         0.518     2.198 r  design_1_i/test_axi_gpio_0/U0/gpio_out_reg[5]/Q
                         net (fo=1, routed)           0.670     2.868    design_1_i/axi_gpio_0/U0/gpio_core_1/Not_Dual.INPUT_DOUBLE_REGS3/gpio_io_i[5]
    SLICE_X5Y38          FDRE                                         r  design_1_i/axi_gpio_0/U0/gpio_core_1/Not_Dual.INPUT_DOUBLE_REGS3/GENERATE_LEVEL_P_S_CDC.MULTI_BIT.FOR_IN_cdc_to[5].CROSS2_PLEVEL_IN2SCNDRY_IN_cdc_to/D
  -------------------------------------------------------------------    -------------------

                         (clock clk_fpga_0 rise edge)
                                                      0.000     0.000 r  
    PS7_X0Y0             PS7                          0.000     0.000 r  design_1_i/processing_system7_0/inst/PS7_i/FCLKCLK[0]
                         net (fo=1, routed)           1.666     1.666    design_1_i/processing_system7_0/inst/FCLK_CLK_unbuffered[0]
    BUFGCTRL_X0Y16       BUFG (Prop_bufg_I_O)         0.091     1.757 r  design_1_i/processing_system7_0/inst/buffer_fclk_clk_0.FCLK_CLK_0_BUFG/O
                         net (fo=883, routed)         1.551     3.309    design_1_i/axi_gpio_0/U0/gpio_core_1/Not_Dual.INPUT_DOUBLE_REGS3/s_axi_aclk
    SLICE_X5Y38          FDRE                                         r  design_1_i/axi_gpio_0/U0/gpio_core_1/Not_Dual.INPUT_DOUBLE_REGS3/GENERATE_LEVEL_P_S_CDC.MULTI_BIT.FOR_IN_cdc_to[5].CROSS2_PLEVEL_IN2SCNDRY_IN_cdc_to/C

Slack:                    inf
  Source:                 design_1_i/test_axi_gpio_0/U0/gpio_out_reg[15]/C
                            (rising edge-triggered cell FDRE clocked by clk_out100_design_1_clk_wiz_0_0  {rise@0.000ns fall@5.000ns period=10.000ns})
  Destination:            design_1_i/axi_gpio_0/U0/gpio_core_1/Not_Dual.INPUT_DOUBLE_REGS3/GENERATE_LEVEL_P_S_CDC.MULTI_BIT.FOR_IN_cdc_to[15].CROSS2_PLEVEL_IN2SCNDRY_IN_cdc_to/D
                            (rising edge-triggered cell FDRE clocked by clk_fpga_0  {rise@0.000ns fall@10.000ns period=20.000ns})
  Path Group:             (none)
  Path Type:              Setup (Max at Slow Process Corner)
  Data Path Delay:        1.183ns  (logic 0.518ns (43.779%)  route 0.665ns (56.221%))
  Logic Levels:           0  
  Clock Path Skew:        1.586ns (DCD - SCD + CPR)
    Destination Clock Delay (DCD):    3.265ns
    Source Clock Delay      (SCD):    1.679ns
    Clock Pessimism Removal (CPR):    0.000ns
  Clock Uncertainty:      0.478ns  ((TSJ^2 + TIJ^2 + DJ^2)^1/2) / 2 + PE
    Total System Jitter     (TSJ):    0.071ns
    Total Input Jitter      (TIJ):    0.600ns
    Discrete Jitter          (DJ):    0.162ns
    Phase Error              (PE):    0.165ns
  Timing Exception:       False Path

    Location             Delay type                Incr(ns)  Path(ns)    Netlist Resource(s)
  -------------------------------------------------------------------    -------------------
                         (clock clk_out100_design_1_clk_wiz_0_0 rise edge)
                                                      0.000     0.000 r  
    BUFGCTRL_X0Y16       BUFG                         0.000     0.000 r  design_1_i/processing_system7_0/inst/buffer_fclk_clk_0.FCLK_CLK_0_BUFG/O
                         net (fo=883, routed)         1.680     1.680    design_1_i/clk_wiz_0/inst/clk_in1
    MMCME2_ADV_X0Y0      MMCME2_ADV (Prop_mmcme2_adv_CLKIN1_CLKOUT2)
                                                     -3.538    -1.858 r  design_1_i/clk_wiz_0/inst/mmcm_adv_inst/CLKOUT2
                         net (fo=1, routed)           1.760    -0.098    design_1_i/clk_wiz_0/inst/clk_out100_design_1_clk_wiz_0_0
    BUFGCTRL_X0Y2        BUFG (Prop_bufg_I_O)         0.101     0.003 r  design_1_i/clk_wiz_0/inst/clkout3_buf/O
                         net (fo=62, routed)          1.676     1.679    design_1_i/test_axi_gpio_0/U0/clk
    SLICE_X10Y36         FDRE                                         r  design_1_i/test_axi_gpio_0/U0/gpio_out_reg[15]/C
  -------------------------------------------------------------------    -------------------
    SLICE_X10Y36         FDRE (Prop_fdre_C_Q)         0.518     2.197 r  design_1_i/test_axi_gpio_0/U0/gpio_out_reg[15]/Q
                         net (fo=1, routed)           0.665     2.862    design_1_i/axi_gpio_0/U0/gpio_core_1/Not_Dual.INPUT_DOUBLE_REGS3/gpio_io_i[15]
    SLICE_X6Y39          FDRE                                         r  design_1_i/axi_gpio_0/U0/gpio_core_1/Not_Dual.INPUT_DOUBLE_REGS3/GENERATE_LEVEL_P_S_CDC.MULTI_BIT.FOR_IN_cdc_to[15].CROSS2_PLEVEL_IN2SCNDRY_IN_cdc_to/D
  -------------------------------------------------------------------    -------------------

                         (clock clk_fpga_0 rise edge)
                                                      0.000     0.000 r  
    PS7_X0Y0             PS7                          0.000     0.000 r  design_1_i/processing_system7_0/inst/PS7_i/FCLKCLK[0]
                         net (fo=1, routed)           1.666     1.666    design_1_i/processing_system7_0/inst/FCLK_CLK_unbuffered[0]
    BUFGCTRL_X0Y16       BUFG (Prop_bufg_I_O)         0.091     1.757 r  design_1_i/processing_system7_0/inst/buffer_fclk_clk_0.FCLK_CLK_0_BUFG/O
                         net (fo=883, routed)         1.507     3.265    design_1_i/axi_gpio_0/U0/gpio_core_1/Not_Dual.INPUT_DOUBLE_REGS3/s_axi_aclk
    SLICE_X6Y39          FDRE                                         r  design_1_i/axi_gpio_0/U0/gpio_core_1/Not_Dual.INPUT_DOUBLE_REGS3/GENERATE_LEVEL_P_S_CDC.MULTI_BIT.FOR_IN_cdc_to[15].CROSS2_PLEVEL_IN2SCNDRY_IN_cdc_to/C

Slack:                    inf
  Source:                 design_1_i/test_axi_gpio_0/U0/gpio_out_reg[17]/C
                            (rising edge-triggered cell FDRE clocked by clk_out100_design_1_clk_wiz_0_0  {rise@0.000ns fall@5.000ns period=10.000ns})
  Destination:            design_1_i/axi_gpio_0/U0/gpio_core_1/Not_Dual.INPUT_DOUBLE_REGS3/GENERATE_LEVEL_P_S_CDC.MULTI_BIT.FOR_IN_cdc_to[17].CROSS2_PLEVEL_IN2SCNDRY_IN_cdc_to/D
                            (rising edge-triggered cell FDRE clocked by clk_fpga_0  {rise@0.000ns fall@10.000ns period=20.000ns})
  Path Group:             (none)
  Path Type:              Setup (Max at Slow Process Corner)
  Data Path Delay:        1.172ns  (logic 0.518ns (44.208%)  route 0.654ns (55.792%))
  Logic Levels:           0  
  Clock Path Skew:        1.587ns (DCD - SCD + CPR)
    Destination Clock Delay (DCD):    3.266ns
    Source Clock Delay      (SCD):    1.679ns
    Clock Pessimism Removal (CPR):    0.000ns
  Clock Uncertainty:      0.478ns  ((TSJ^2 + TIJ^2 + DJ^2)^1/2) / 2 + PE
    Total System Jitter     (TSJ):    0.071ns
    Total Input Jitter      (TIJ):    0.600ns
    Discrete Jitter          (DJ):    0.162ns
    Phase Error              (PE):    0.165ns
  Timing Exception:       False Path

    Location             Delay type                Incr(ns)  Path(ns)    Netlist Resource(s)
  -------------------------------------------------------------------    -------------------
                         (clock clk_out100_design_1_clk_wiz_0_0 rise edge)
                                                      0.000     0.000 r  
    BUFGCTRL_X0Y16       BUFG                         0.000     0.000 r  design_1_i/processing_system7_0/inst/buffer_fclk_clk_0.FCLK_CLK_0_BUFG/O
                         net (fo=883, routed)         1.680     1.680    design_1_i/clk_wiz_0/inst/clk_in1
    MMCME2_ADV_X0Y0      MMCME2_ADV (Prop_mmcme2_adv_CLKIN1_CLKOUT2)
                                                     -3.538    -1.858 r  design_1_i/clk_wiz_0/inst/mmcm_adv_inst/CLKOUT2
                         net (fo=1, routed)           1.760    -0.098    design_1_i/clk_wiz_0/inst/clk_out100_design_1_clk_wiz_0_0
    BUFGCTRL_X0Y2        BUFG (Prop_bufg_I_O)         0.101     0.003 r  design_1_i/clk_wiz_0/inst/clkout3_buf/O
                         net (fo=62, routed)          1.676     1.679    design_1_i/test_axi_gpio_0/U0/clk
    SLICE_X10Y36         FDRE                                         r  design_1_i/test_axi_gpio_0/U0/gpio_out_reg[17]/C
  -------------------------------------------------------------------    -------------------
    SLICE_X10Y36         FDRE (Prop_fdre_C_Q)         0.518     2.197 r  design_1_i/test_axi_gpio_0/U0/gpio_out_reg[17]/Q
                         net (fo=1, routed)           0.654     2.851    design_1_i/axi_gpio_0/U0/gpio_core_1/Not_Dual.INPUT_DOUBLE_REGS3/gpio_io_i[17]
    SLICE_X10Y40         FDRE                                         r  design_1_i/axi_gpio_0/U0/gpio_core_1/Not_Dual.INPUT_DOUBLE_REGS3/GENERATE_LEVEL_P_S_CDC.MULTI_BIT.FOR_IN_cdc_to[17].CROSS2_PLEVEL_IN2SCNDRY_IN_cdc_to/D
  -------------------------------------------------------------------    -------------------

                         (clock clk_fpga_0 rise edge)
                                                      0.000     0.000 r  
    PS7_X0Y0             PS7                          0.000     0.000 r  design_1_i/processing_system7_0/inst/PS7_i/FCLKCLK[0]
                         net (fo=1, routed)           1.666     1.666    design_1_i/processing_system7_0/inst/FCLK_CLK_unbuffered[0]
    BUFGCTRL_X0Y16       BUFG (Prop_bufg_I_O)         0.091     1.757 r  design_1_i/processing_system7_0/inst/buffer_fclk_clk_0.FCLK_CLK_0_BUFG/O
                         net (fo=883, routed)         1.508     3.266    design_1_i/axi_gpio_0/U0/gpio_core_1/Not_Dual.INPUT_DOUBLE_REGS3/s_axi_aclk
    SLICE_X10Y40         FDRE                                         r  design_1_i/axi_gpio_0/U0/gpio_core_1/Not_Dual.INPUT_DOUBLE_REGS3/GENERATE_LEVEL_P_S_CDC.MULTI_BIT.FOR_IN_cdc_to[17].CROSS2_PLEVEL_IN2SCNDRY_IN_cdc_to/C

Slack:                    inf
  Source:                 design_1_i/test_axi_gpio_0/U0/gpio_out_reg[3]/C
                            (rising edge-triggered cell FDRE clocked by clk_out100_design_1_clk_wiz_0_0  {rise@0.000ns fall@5.000ns period=10.000ns})
  Destination:            design_1_i/axi_gpio_0/U0/gpio_core_1/Not_Dual.INPUT_DOUBLE_REGS3/GENERATE_LEVEL_P_S_CDC.MULTI_BIT.FOR_IN_cdc_to[3].CROSS2_PLEVEL_IN2SCNDRY_IN_cdc_to/D
                            (rising edge-triggered cell FDRE clocked by clk_fpga_0  {rise@0.000ns fall@10.000ns period=20.000ns})
  Path Group:             (none)
  Path Type:              Setup (Max at Slow Process Corner)
  Data Path Delay:        1.155ns  (logic 0.518ns (44.844%)  route 0.637ns (55.156%))
  Logic Levels:           0  
  Clock Path Skew:        1.584ns (DCD - SCD + CPR)
    Destination Clock Delay (DCD):    3.265ns
    Source Clock Delay      (SCD):    1.681ns
    Clock Pessimism Removal (CPR):    0.000ns
  Clock Uncertainty:      0.478ns  ((TSJ^2 + TIJ^2 + DJ^2)^1/2) / 2 + PE
    Total System Jitter     (TSJ):    0.071ns
    Total Input Jitter      (TIJ):    0.600ns
    Discrete Jitter          (DJ):    0.162ns
    Phase Error              (PE):    0.165ns
  Timing Exception:       False Path

    Location             Delay type                Incr(ns)  Path(ns)    Netlist Resource(s)
  -------------------------------------------------------------------    -------------------
                         (clock clk_out100_design_1_clk_wiz_0_0 rise edge)
                                                      0.000     0.000 r  
    BUFGCTRL_X0Y16       BUFG                         0.000     0.000 r  design_1_i/processing_system7_0/inst/buffer_fclk_clk_0.FCLK_CLK_0_BUFG/O
                         net (fo=883, routed)         1.680     1.680    design_1_i/clk_wiz_0/inst/clk_in1
    MMCME2_ADV_X0Y0      MMCME2_ADV (Prop_mmcme2_adv_CLKIN1_CLKOUT2)
                                                     -3.538    -1.858 r  design_1_i/clk_wiz_0/inst/mmcm_adv_inst/CLKOUT2
                         net (fo=1, routed)           1.760    -0.098    design_1_i/clk_wiz_0/inst/clk_out100_design_1_clk_wiz_0_0
    BUFGCTRL_X0Y2        BUFG (Prop_bufg_I_O)         0.101     0.003 r  design_1_i/clk_wiz_0/inst/clkout3_buf/O
                         net (fo=62, routed)          1.678     1.681    design_1_i/test_axi_gpio_0/U0/clk
    SLICE_X10Y38         FDRE                                         r  design_1_i/test_axi_gpio_0/U0/gpio_out_reg[3]/C
  -------------------------------------------------------------------    -------------------
    SLICE_X10Y38         FDRE (Prop_fdre_C_Q)         0.518     2.199 r  design_1_i/test_axi_gpio_0/U0/gpio_out_reg[3]/Q
                         net (fo=1, routed)           0.637     2.836    design_1_i/axi_gpio_0/U0/gpio_core_1/Not_Dual.INPUT_DOUBLE_REGS3/gpio_io_i[3]
    SLICE_X6Y40          FDRE                                         r  design_1_i/axi_gpio_0/U0/gpio_core_1/Not_Dual.INPUT_DOUBLE_REGS3/GENERATE_LEVEL_P_S_CDC.MULTI_BIT.FOR_IN_cdc_to[3].CROSS2_PLEVEL_IN2SCNDRY_IN_cdc_to/D
  -------------------------------------------------------------------    -------------------

                         (clock clk_fpga_0 rise edge)
                                                      0.000     0.000 r  
    PS7_X0Y0             PS7                          0.000     0.000 r  design_1_i/processing_system7_0/inst/PS7_i/FCLKCLK[0]
                         net (fo=1, routed)           1.666     1.666    design_1_i/processing_system7_0/inst/FCLK_CLK_unbuffered[0]
    BUFGCTRL_X0Y16       BUFG (Prop_bufg_I_O)         0.091     1.757 r  design_1_i/processing_system7_0/inst/buffer_fclk_clk_0.FCLK_CLK_0_BUFG/O
                         net (fo=883, routed)         1.507     3.265    design_1_i/axi_gpio_0/U0/gpio_core_1/Not_Dual.INPUT_DOUBLE_REGS3/s_axi_aclk
    SLICE_X6Y40          FDRE                                         r  design_1_i/axi_gpio_0/U0/gpio_core_1/Not_Dual.INPUT_DOUBLE_REGS3/GENERATE_LEVEL_P_S_CDC.MULTI_BIT.FOR_IN_cdc_to[3].CROSS2_PLEVEL_IN2SCNDRY_IN_cdc_to/C

Slack:                    inf
  Source:                 design_1_i/test_axi_gpio_0/U0/gpio_out_reg[0]/C
                            (rising edge-triggered cell FDRE clocked by clk_out100_design_1_clk_wiz_0_0  {rise@0.000ns fall@5.000ns period=10.000ns})
  Destination:            design_1_i/axi_gpio_0/U0/gpio_core_1/Not_Dual.INPUT_DOUBLE_REGS3/GENERATE_LEVEL_P_S_CDC.MULTI_BIT.FOR_IN_cdc_to[0].CROSS2_PLEVEL_IN2SCNDRY_IN_cdc_to/D
                            (rising edge-triggered cell FDRE clocked by clk_fpga_0  {rise@0.000ns fall@10.000ns period=20.000ns})
  Path Group:             (none)
  Path Type:              Setup (Max at Slow Process Corner)
  Data Path Delay:        1.123ns  (logic 0.518ns (46.122%)  route 0.605ns (53.878%))
  Logic Levels:           0  
  Clock Path Skew:        1.584ns (DCD - SCD + CPR)
    Destination Clock Delay (DCD):    3.265ns
    Source Clock Delay      (SCD):    1.681ns
    Clock Pessimism Removal (CPR):    0.000ns
  Clock Uncertainty:      0.478ns  ((TSJ^2 + TIJ^2 + DJ^2)^1/2) / 2 + PE
    Total System Jitter     (TSJ):    0.071ns
    Total Input Jitter      (TIJ):    0.600ns
    Discrete Jitter          (DJ):    0.162ns
    Phase Error              (PE):    0.165ns
  Timing Exception:       False Path

    Location             Delay type                Incr(ns)  Path(ns)    Netlist Resource(s)
  -------------------------------------------------------------------    -------------------
                         (clock clk_out100_design_1_clk_wiz_0_0 rise edge)
                                                      0.000     0.000 r  
    BUFGCTRL_X0Y16       BUFG                         0.000     0.000 r  design_1_i/processing_system7_0/inst/buffer_fclk_clk_0.FCLK_CLK_0_BUFG/O
                         net (fo=883, routed)         1.680     1.680    design_1_i/clk_wiz_0/inst/clk_in1
    MMCME2_ADV_X0Y0      MMCME2_ADV (Prop_mmcme2_adv_CLKIN1_CLKOUT2)
                                                     -3.538    -1.858 r  design_1_i/clk_wiz_0/inst/mmcm_adv_inst/CLKOUT2
                         net (fo=1, routed)           1.760    -0.098    design_1_i/clk_wiz_0/inst/clk_out100_design_1_clk_wiz_0_0
    BUFGCTRL_X0Y2        BUFG (Prop_bufg_I_O)         0.101     0.003 r  design_1_i/clk_wiz_0/inst/clkout3_buf/O
                         net (fo=62, routed)          1.678     1.681    design_1_i/test_axi_gpio_0/U0/clk
    SLICE_X10Y38         FDRE                                         r  design_1_i/test_axi_gpio_0/U0/gpio_out_reg[0]/C
  -------------------------------------------------------------------    -------------------
    SLICE_X10Y38         FDRE (Prop_fdre_C_Q)         0.518     2.199 r  design_1_i/test_axi_gpio_0/U0/gpio_out_reg[0]/Q
                         net (fo=1, routed)           0.605     2.804    design_1_i/axi_gpio_0/U0/gpio_core_1/Not_Dual.INPUT_DOUBLE_REGS3/gpio_io_i[0]
    SLICE_X7Y39          FDRE                                         r  design_1_i/axi_gpio_0/U0/gpio_core_1/Not_Dual.INPUT_DOUBLE_REGS3/GENERATE_LEVEL_P_S_CDC.MULTI_BIT.FOR_IN_cdc_to[0].CROSS2_PLEVEL_IN2SCNDRY_IN_cdc_to/D
  -------------------------------------------------------------------    -------------------

                         (clock clk_fpga_0 rise edge)
                                                      0.000     0.000 r  
    PS7_X0Y0             PS7                          0.000     0.000 r  design_1_i/processing_system7_0/inst/PS7_i/FCLKCLK[0]
                         net (fo=1, routed)           1.666     1.666    design_1_i/processing_system7_0/inst/FCLK_CLK_unbuffered[0]
    BUFGCTRL_X0Y16       BUFG (Prop_bufg_I_O)         0.091     1.757 r  design_1_i/processing_system7_0/inst/buffer_fclk_clk_0.FCLK_CLK_0_BUFG/O
                         net (fo=883, routed)         1.507     3.265    design_1_i/axi_gpio_0/U0/gpio_core_1/Not_Dual.INPUT_DOUBLE_REGS3/s_axi_aclk
    SLICE_X7Y39          FDRE                                         r  design_1_i/axi_gpio_0/U0/gpio_core_1/Not_Dual.INPUT_DOUBLE_REGS3/GENERATE_LEVEL_P_S_CDC.MULTI_BIT.FOR_IN_cdc_to[0].CROSS2_PLEVEL_IN2SCNDRY_IN_cdc_to/C

Slack:                    inf
  Source:                 design_1_i/test_axi_gpio_0/U0/gpio_out_reg[2]/C
                            (rising edge-triggered cell FDRE clocked by clk_out100_design_1_clk_wiz_0_0  {rise@0.000ns fall@5.000ns period=10.000ns})
  Destination:            design_1_i/axi_gpio_0/U0/gpio_core_1/Not_Dual.INPUT_DOUBLE_REGS3/GENERATE_LEVEL_P_S_CDC.MULTI_BIT.FOR_IN_cdc_to[2].CROSS2_PLEVEL_IN2SCNDRY_IN_cdc_to/D
                            (rising edge-triggered cell FDRE clocked by clk_fpga_0  {rise@0.000ns fall@10.000ns period=20.000ns})
  Path Group:             (none)
  Path Type:              Setup (Max at Slow Process Corner)
  Data Path Delay:        1.102ns  (logic 0.518ns (47.017%)  route 0.584ns (52.983%))
  Logic Levels:           0  
  Clock Path Skew:        1.584ns (DCD - SCD + CPR)
    Destination Clock Delay (DCD):    3.265ns
    Source Clock Delay      (SCD):    1.681ns
    Clock Pessimism Removal (CPR):    0.000ns
  Clock Uncertainty:      0.478ns  ((TSJ^2 + TIJ^2 + DJ^2)^1/2) / 2 + PE
    Total System Jitter     (TSJ):    0.071ns
    Total Input Jitter      (TIJ):    0.600ns
    Discrete Jitter          (DJ):    0.162ns
    Phase Error              (PE):    0.165ns
  Timing Exception:       False Path

    Location             Delay type                Incr(ns)  Path(ns)    Netlist Resource(s)
  -------------------------------------------------------------------    -------------------
                         (clock clk_out100_design_1_clk_wiz_0_0 rise edge)
                                                      0.000     0.000 r  
    BUFGCTRL_X0Y16       BUFG                         0.000     0.000 r  design_1_i/processing_system7_0/inst/buffer_fclk_clk_0.FCLK_CLK_0_BUFG/O
                         net (fo=883, routed)         1.680     1.680    design_1_i/clk_wiz_0/inst/clk_in1
    MMCME2_ADV_X0Y0      MMCME2_ADV (Prop_mmcme2_adv_CLKIN1_CLKOUT2)
                                                     -3.538    -1.858 r  design_1_i/clk_wiz_0/inst/mmcm_adv_inst/CLKOUT2
                         net (fo=1, routed)           1.760    -0.098    design_1_i/clk_wiz_0/inst/clk_out100_design_1_clk_wiz_0_0
    BUFGCTRL_X0Y2        BUFG (Prop_bufg_I_O)         0.101     0.003 r  design_1_i/clk_wiz_0/inst/clkout3_buf/O
                         net (fo=62, routed)          1.678     1.681    design_1_i/test_axi_gpio_0/U0/clk
    SLICE_X10Y38         FDRE                                         r  design_1_i/test_axi_gpio_0/U0/gpio_out_reg[2]/C
  -------------------------------------------------------------------    -------------------
    SLICE_X10Y38         FDRE (Prop_fdre_C_Q)         0.518     2.199 r  design_1_i/test_axi_gpio_0/U0/gpio_out_reg[2]/Q
                         net (fo=1, routed)           0.584     2.783    design_1_i/axi_gpio_0/U0/gpio_core_1/Not_Dual.INPUT_DOUBLE_REGS3/gpio_io_i[2]
    SLICE_X9Y38          FDRE                                         r  design_1_i/axi_gpio_0/U0/gpio_core_1/Not_Dual.INPUT_DOUBLE_REGS3/GENERATE_LEVEL_P_S_CDC.MULTI_BIT.FOR_IN_cdc_to[2].CROSS2_PLEVEL_IN2SCNDRY_IN_cdc_to/D
  -------------------------------------------------------------------    -------------------

                         (clock clk_fpga_0 rise edge)
                                                      0.000     0.000 r  
    PS7_X0Y0             PS7                          0.000     0.000 r  design_1_i/processing_system7_0/inst/PS7_i/FCLKCLK[0]
                         net (fo=1, routed)           1.666     1.666    design_1_i/processing_system7_0/inst/FCLK_CLK_unbuffered[0]
    BUFGCTRL_X0Y16       BUFG (Prop_bufg_I_O)         0.091     1.757 r  design_1_i/processing_system7_0/inst/buffer_fclk_clk_0.FCLK_CLK_0_BUFG/O
                         net (fo=883, routed)         1.507     3.265    design_1_i/axi_gpio_0/U0/gpio_core_1/Not_Dual.INPUT_DOUBLE_REGS3/s_axi_aclk
    SLICE_X9Y38          FDRE                                         r  design_1_i/axi_gpio_0/U0/gpio_core_1/Not_Dual.INPUT_DOUBLE_REGS3/GENERATE_LEVEL_P_S_CDC.MULTI_BIT.FOR_IN_cdc_to[2].CROSS2_PLEVEL_IN2SCNDRY_IN_cdc_to/C

Slack:                    inf
  Source:                 design_1_i/test_axi_gpio_0/U0/gpio_out_reg[20]/C
                            (rising edge-triggered cell FDRE clocked by clk_out100_design_1_clk_wiz_0_0  {rise@0.000ns fall@5.000ns period=10.000ns})
  Destination:            design_1_i/axi_gpio_0/U0/gpio_core_1/Not_Dual.INPUT_DOUBLE_REGS3/GENERATE_LEVEL_P_S_CDC.MULTI_BIT.FOR_IN_cdc_to[20].CROSS2_PLEVEL_IN2SCNDRY_IN_cdc_to/D
                            (rising edge-triggered cell FDRE clocked by clk_fpga_0  {rise@0.000ns fall@10.000ns period=20.000ns})
  Path Group:             (none)
  Path Type:              Setup (Max at Slow Process Corner)
  Data Path Delay:        1.098ns  (logic 0.518ns (47.169%)  route 0.580ns (52.831%))
  Logic Levels:           0  
  Clock Path Skew:        1.585ns (DCD - SCD + CPR)
    Destination Clock Delay (DCD):    3.266ns
    Source Clock Delay      (SCD):    1.681ns
    Clock Pessimism Removal (CPR):    0.000ns
  Clock Uncertainty:      0.478ns  ((TSJ^2 + TIJ^2 + DJ^2)^1/2) / 2 + PE
    Total System Jitter     (TSJ):    0.071ns
    Total Input Jitter      (TIJ):    0.600ns
    Discrete Jitter          (DJ):    0.162ns
    Phase Error              (PE):    0.165ns
  Timing Exception:       False Path

    Location             Delay type                Incr(ns)  Path(ns)    Netlist Resource(s)
  -------------------------------------------------------------------    -------------------
                         (clock clk_out100_design_1_clk_wiz_0_0 rise edge)
                                                      0.000     0.000 r  
    BUFGCTRL_X0Y16       BUFG                         0.000     0.000 r  design_1_i/processing_system7_0/inst/buffer_fclk_clk_0.FCLK_CLK_0_BUFG/O
                         net (fo=883, routed)         1.680     1.680    design_1_i/clk_wiz_0/inst/clk_in1
    MMCME2_ADV_X0Y0      MMCME2_ADV (Prop_mmcme2_adv_CLKIN1_CLKOUT2)
                                                     -3.538    -1.858 r  design_1_i/clk_wiz_0/inst/mmcm_adv_inst/CLKOUT2
                         net (fo=1, routed)           1.760    -0.098    design_1_i/clk_wiz_0/inst/clk_out100_design_1_clk_wiz_0_0
    BUFGCTRL_X0Y2        BUFG (Prop_bufg_I_O)         0.101     0.003 r  design_1_i/clk_wiz_0/inst/clkout3_buf/O
                         net (fo=62, routed)          1.678     1.681    design_1_i/test_axi_gpio_0/U0/clk
    SLICE_X12Y38         FDRE                                         r  design_1_i/test_axi_gpio_0/U0/gpio_out_reg[20]/C
  -------------------------------------------------------------------    -------------------
    SLICE_X12Y38         FDRE (Prop_fdre_C_Q)         0.518     2.199 r  design_1_i/test_axi_gpio_0/U0/gpio_out_reg[20]/Q
                         net (fo=1, routed)           0.580     2.779    design_1_i/axi_gpio_0/U0/gpio_core_1/Not_Dual.INPUT_DOUBLE_REGS3/gpio_io_i[20]
    SLICE_X10Y39         FDRE                                         r  design_1_i/axi_gpio_0/U0/gpio_core_1/Not_Dual.INPUT_DOUBLE_REGS3/GENERATE_LEVEL_P_S_CDC.MULTI_BIT.FOR_IN_cdc_to[20].CROSS2_PLEVEL_IN2SCNDRY_IN_cdc_to/D
  -------------------------------------------------------------------    -------------------

                         (clock clk_fpga_0 rise edge)
                                                      0.000     0.000 r  
    PS7_X0Y0             PS7                          0.000     0.000 r  design_1_i/processing_system7_0/inst/PS7_i/FCLKCLK[0]
                         net (fo=1, routed)           1.666     1.666    design_1_i/processing_system7_0/inst/FCLK_CLK_unbuffered[0]
    BUFGCTRL_X0Y16       BUFG (Prop_bufg_I_O)         0.091     1.757 r  design_1_i/processing_system7_0/inst/buffer_fclk_clk_0.FCLK_CLK_0_BUFG/O
                         net (fo=883, routed)         1.508     3.266    design_1_i/axi_gpio_0/U0/gpio_core_1/Not_Dual.INPUT_DOUBLE_REGS3/s_axi_aclk
    SLICE_X10Y39         FDRE                                         r  design_1_i/axi_gpio_0/U0/gpio_core_1/Not_Dual.INPUT_DOUBLE_REGS3/GENERATE_LEVEL_P_S_CDC.MULTI_BIT.FOR_IN_cdc_to[20].CROSS2_PLEVEL_IN2SCNDRY_IN_cdc_to/C

Slack:                    inf
  Source:                 design_1_i/test_axi_gpio_0/U0/gpio_out_reg[11]/C
                            (rising edge-triggered cell FDRE clocked by clk_out100_design_1_clk_wiz_0_0  {rise@0.000ns fall@5.000ns period=10.000ns})
  Destination:            design_1_i/axi_gpio_0/U0/gpio_core_1/Not_Dual.INPUT_DOUBLE_REGS3/GENERATE_LEVEL_P_S_CDC.MULTI_BIT.FOR_IN_cdc_to[11].CROSS2_PLEVEL_IN2SCNDRY_IN_cdc_to/D
                            (rising edge-triggered cell FDRE clocked by clk_fpga_0  {rise@0.000ns fall@10.000ns period=20.000ns})
  Path Group:             (none)
  Path Type:              Setup (Max at Slow Process Corner)
  Data Path Delay:        1.103ns  (logic 0.518ns (46.966%)  route 0.585ns (53.034%))
  Logic Levels:           0  
  Clock Path Skew:        1.587ns (DCD - SCD + CPR)
    Destination Clock Delay (DCD):    3.263ns
    Source Clock Delay      (SCD):    1.676ns
    Clock Pessimism Removal (CPR):    0.000ns
  Clock Uncertainty:      0.478ns  ((TSJ^2 + TIJ^2 + DJ^2)^1/2) / 2 + PE
    Total System Jitter     (TSJ):    0.071ns
    Total Input Jitter      (TIJ):    0.600ns
    Discrete Jitter          (DJ):    0.162ns
    Phase Error              (PE):    0.165ns
  Timing Exception:       False Path

    Location             Delay type                Incr(ns)  Path(ns)    Netlist Resource(s)
  -------------------------------------------------------------------    -------------------
                         (clock clk_out100_design_1_clk_wiz_0_0 rise edge)
                                                      0.000     0.000 r  
    BUFGCTRL_X0Y16       BUFG                         0.000     0.000 r  design_1_i/processing_system7_0/inst/buffer_fclk_clk_0.FCLK_CLK_0_BUFG/O
                         net (fo=883, routed)         1.680     1.680    design_1_i/clk_wiz_0/inst/clk_in1
    MMCME2_ADV_X0Y0      MMCME2_ADV (Prop_mmcme2_adv_CLKIN1_CLKOUT2)
                                                     -3.538    -1.858 r  design_1_i/clk_wiz_0/inst/mmcm_adv_inst/CLKOUT2
                         net (fo=1, routed)           1.760    -0.098    design_1_i/clk_wiz_0/inst/clk_out100_design_1_clk_wiz_0_0
    BUFGCTRL_X0Y2        BUFG (Prop_bufg_I_O)         0.101     0.003 r  design_1_i/clk_wiz_0/inst/clkout3_buf/O
                         net (fo=62, routed)          1.673     1.676    design_1_i/test_axi_gpio_0/U0/clk
    SLICE_X8Y33          FDRE                                         r  design_1_i/test_axi_gpio_0/U0/gpio_out_reg[11]/C
  -------------------------------------------------------------------    -------------------
    SLICE_X8Y33          FDRE (Prop_fdre_C_Q)         0.518     2.194 r  design_1_i/test_axi_gpio_0/U0/gpio_out_reg[11]/Q
                         net (fo=1, routed)           0.585     2.779    design_1_i/axi_gpio_0/U0/gpio_core_1/Not_Dual.INPUT_DOUBLE_REGS3/gpio_io_i[11]
    SLICE_X8Y35          FDRE                                         r  design_1_i/axi_gpio_0/U0/gpio_core_1/Not_Dual.INPUT_DOUBLE_REGS3/GENERATE_LEVEL_P_S_CDC.MULTI_BIT.FOR_IN_cdc_to[11].CROSS2_PLEVEL_IN2SCNDRY_IN_cdc_to/D
  -------------------------------------------------------------------    -------------------

                         (clock clk_fpga_0 rise edge)
                                                      0.000     0.000 r  
    PS7_X0Y0             PS7                          0.000     0.000 r  design_1_i/processing_system7_0/inst/PS7_i/FCLKCLK[0]
                         net (fo=1, routed)           1.666     1.666    design_1_i/processing_system7_0/inst/FCLK_CLK_unbuffered[0]
    BUFGCTRL_X0Y16       BUFG (Prop_bufg_I_O)         0.091     1.757 r  design_1_i/processing_system7_0/inst/buffer_fclk_clk_0.FCLK_CLK_0_BUFG/O
                         net (fo=883, routed)         1.505     3.263    design_1_i/axi_gpio_0/U0/gpio_core_1/Not_Dual.INPUT_DOUBLE_REGS3/s_axi_aclk
    SLICE_X8Y35          FDRE                                         r  design_1_i/axi_gpio_0/U0/gpio_core_1/Not_Dual.INPUT_DOUBLE_REGS3/GENERATE_LEVEL_P_S_CDC.MULTI_BIT.FOR_IN_cdc_to[11].CROSS2_PLEVEL_IN2SCNDRY_IN_cdc_to/C





Min Delay Paths
--------------------------------------------------------------------------------------
Slack:                    inf
  Source:                 design_1_i/test_axi_gpio_0/U0/gpio_out_reg[7]/C
                            (rising edge-triggered cell FDRE clocked by clk_out100_design_1_clk_wiz_0_0  {rise@0.000ns fall@5.000ns period=10.000ns})
  Destination:            design_1_i/axi_gpio_0/U0/gpio_core_1/Not_Dual.INPUT_DOUBLE_REGS3/GENERATE_LEVEL_P_S_CDC.MULTI_BIT.FOR_IN_cdc_to[7].CROSS2_PLEVEL_IN2SCNDRY_IN_cdc_to/D
                            (rising edge-triggered cell FDRE clocked by clk_fpga_0  {rise@0.000ns fall@10.000ns period=20.000ns})
  Path Group:             (none)
  Path Type:              Hold (Min at Fast Process Corner)
  Data Path Delay:        0.195ns  (logic 0.141ns (72.269%)  route 0.054ns (27.731%))
  Logic Levels:           0  
  Clock Path Skew:        1.216ns (DCD - SCD - CPR)
    Destination Clock Delay (DCD):    1.779ns
    Source Clock Delay      (SCD):    0.564ns
    Clock Pessimism Removal (CPR):    -0.000ns
  Clock Uncertainty:      0.478ns  ((TSJ^2 + TIJ^2 + DJ^2)^1/2) / 2 + PE
    Total System Jitter     (TSJ):    0.071ns
    Total Input Jitter      (TIJ):    0.600ns
    Discrete Jitter          (DJ):    0.162ns
    Phase Error              (PE):    0.165ns
  Timing Exception:       False Path

    Location             Delay type                Incr(ns)  Path(ns)    Netlist Resource(s)
  -------------------------------------------------------------------    -------------------
                         (clock clk_out100_design_1_clk_wiz_0_0 rise edge)
                                                      0.000     0.000 r  
    BUFGCTRL_X0Y16       BUFG                         0.000     0.000 r  design_1_i/processing_system7_0/inst/buffer_fclk_clk_0.FCLK_CLK_0_BUFG/O
                         net (fo=883, routed)         0.548     0.548    design_1_i/clk_wiz_0/inst/clk_in1
    MMCME2_ADV_X0Y0      MMCME2_ADV (Prop_mmcme2_adv_CLKIN1_CLKOUT2)
                                                     -1.053    -0.506 r  design_1_i/clk_wiz_0/inst/mmcm_adv_inst/CLKOUT2
                         net (fo=1, routed)           0.482    -0.024    design_1_i/clk_wiz_0/inst/clk_out100_design_1_clk_wiz_0_0
    BUFGCTRL_X0Y2        BUFG (Prop_bufg_I_O)         0.026     0.002 r  design_1_i/clk_wiz_0/inst/clkout3_buf/O
                         net (fo=62, routed)          0.562     0.564    design_1_i/test_axi_gpio_0/U0/clk
    SLICE_X9Y36          FDRE                                         r  design_1_i/test_axi_gpio_0/U0/gpio_out_reg[7]/C
  -------------------------------------------------------------------    -------------------
    SLICE_X9Y36          FDRE (Prop_fdre_C_Q)         0.141     0.705 r  design_1_i/test_axi_gpio_0/U0/gpio_out_reg[7]/Q
                         net (fo=1, routed)           0.054     0.759    design_1_i/axi_gpio_0/U0/gpio_core_1/Not_Dual.INPUT_DOUBLE_REGS3/gpio_io_i[7]
    SLICE_X8Y36          FDRE                                         r  design_1_i/axi_gpio_0/U0/gpio_core_1/Not_Dual.INPUT_DOUBLE_REGS3/GENERATE_LEVEL_P_S_CDC.MULTI_BIT.FOR_IN_cdc_to[7].CROSS2_PLEVEL_IN2SCNDRY_IN_cdc_to/D
  -------------------------------------------------------------------    -------------------

                         (clock clk_fpga_0 rise edge)
                                                      0.000     0.000 r  
    PS7_X0Y0             PS7                          0.000     0.000 r  design_1_i/processing_system7_0/inst/PS7_i/FCLKCLK[0]
                         net (fo=1, routed)           0.919     0.919    design_1_i/processing_system7_0/inst/FCLK_CLK_unbuffered[0]
    BUFGCTRL_X0Y16       BUFG (Prop_bufg_I_O)         0.029     0.948 r  design_1_i/processing_system7_0/inst/buffer_fclk_clk_0.FCLK_CLK_0_BUFG/O
                         net (fo=883, routed)         0.831     1.779    design_1_i/axi_gpio_0/U0/gpio_core_1/Not_Dual.INPUT_DOUBLE_REGS3/s_axi_aclk
    SLICE_X8Y36          FDRE                                         r  design_1_i/axi_gpio_0/U0/gpio_core_1/Not_Dual.INPUT_DOUBLE_REGS3/GENERATE_LEVEL_P_S_CDC.MULTI_BIT.FOR_IN_cdc_to[7].CROSS2_PLEVEL_IN2SCNDRY_IN_cdc_to/C

Slack:                    inf
  Source:                 design_1_i/test_axi_gpio_0/U0/gpio_out_reg[23]/C
                            (rising edge-triggered cell FDRE clocked by clk_out100_design_1_clk_wiz_0_0  {rise@0.000ns fall@5.000ns period=10.000ns})
  Destination:            design_1_i/axi_gpio_0/U0/gpio_core_1/Not_Dual.INPUT_DOUBLE_REGS3/GENERATE_LEVEL_P_S_CDC.MULTI_BIT.FOR_IN_cdc_to[23].CROSS2_PLEVEL_IN2SCNDRY_IN_cdc_to/D
                            (rising edge-triggered cell FDRE clocked by clk_fpga_0  {rise@0.000ns fall@10.000ns period=20.000ns})
  Path Group:             (none)
  Path Type:              Hold (Min at Fast Process Corner)
  Data Path Delay:        0.270ns  (logic 0.164ns (60.702%)  route 0.106ns (39.298%))
  Logic Levels:           0  
  Clock Path Skew:        1.217ns (DCD - SCD - CPR)
    Destination Clock Delay (DCD):    1.782ns
    Source Clock Delay      (SCD):    0.566ns
    Clock Pessimism Removal (CPR):    -0.000ns
  Clock Uncertainty:      0.478ns  ((TSJ^2 + TIJ^2 + DJ^2)^1/2) / 2 + PE
    Total System Jitter     (TSJ):    0.071ns
    Total Input Jitter      (TIJ):    0.600ns
    Discrete Jitter          (DJ):    0.162ns
    Phase Error              (PE):    0.165ns
  Timing Exception:       False Path

    Location             Delay type                Incr(ns)  Path(ns)    Netlist Resource(s)
  -------------------------------------------------------------------    -------------------
                         (clock clk_out100_design_1_clk_wiz_0_0 rise edge)
                                                      0.000     0.000 r  
    BUFGCTRL_X0Y16       BUFG                         0.000     0.000 r  design_1_i/processing_system7_0/inst/buffer_fclk_clk_0.FCLK_CLK_0_BUFG/O
                         net (fo=883, routed)         0.548     0.548    design_1_i/clk_wiz_0/inst/clk_in1
    MMCME2_ADV_X0Y0      MMCME2_ADV (Prop_mmcme2_adv_CLKIN1_CLKOUT2)
                                                     -1.053    -0.506 r  design_1_i/clk_wiz_0/inst/mmcm_adv_inst/CLKOUT2
                         net (fo=1, routed)           0.482    -0.024    design_1_i/clk_wiz_0/inst/clk_out100_design_1_clk_wiz_0_0
    BUFGCTRL_X0Y2        BUFG (Prop_bufg_I_O)         0.026     0.002 r  design_1_i/clk_wiz_0/inst/clkout3_buf/O
                         net (fo=62, routed)          0.564     0.566    design_1_i/test_axi_gpio_0/U0/clk
    SLICE_X12Y38         FDRE                                         r  design_1_i/test_axi_gpio_0/U0/gpio_out_reg[23]/C
  -------------------------------------------------------------------    -------------------
    SLICE_X12Y38         FDRE (Prop_fdre_C_Q)         0.164     0.730 r  design_1_i/test_axi_gpio_0/U0/gpio_out_reg[23]/Q
                         net (fo=1, routed)           0.106     0.836    design_1_i/axi_gpio_0/U0/gpio_core_1/Not_Dual.INPUT_DOUBLE_REGS3/gpio_io_i[23]
    SLICE_X12Y39         FDRE                                         r  design_1_i/axi_gpio_0/U0/gpio_core_1/Not_Dual.INPUT_DOUBLE_REGS3/GENERATE_LEVEL_P_S_CDC.MULTI_BIT.FOR_IN_cdc_to[23].CROSS2_PLEVEL_IN2SCNDRY_IN_cdc_to/D
  -------------------------------------------------------------------    -------------------

                         (clock clk_fpga_0 rise edge)
                                                      0.000     0.000 r  
    PS7_X0Y0             PS7                          0.000     0.000 r  design_1_i/processing_system7_0/inst/PS7_i/FCLKCLK[0]
                         net (fo=1, routed)           0.919     0.919    design_1_i/processing_system7_0/inst/FCLK_CLK_unbuffered[0]
    BUFGCTRL_X0Y16       BUFG (Prop_bufg_I_O)         0.029     0.948 r  design_1_i/processing_system7_0/inst/buffer_fclk_clk_0.FCLK_CLK_0_BUFG/O
                         net (fo=883, routed)         0.834     1.782    design_1_i/axi_gpio_0/U0/gpio_core_1/Not_Dual.INPUT_DOUBLE_REGS3/s_axi_aclk
    SLICE_X12Y39         FDRE                                         r  design_1_i/axi_gpio_0/U0/gpio_core_1/Not_Dual.INPUT_DOUBLE_REGS3/GENERATE_LEVEL_P_S_CDC.MULTI_BIT.FOR_IN_cdc_to[23].CROSS2_PLEVEL_IN2SCNDRY_IN_cdc_to/C

Slack:                    inf
  Source:                 design_1_i/test_axi_gpio_0/U0/gpio_out_reg[13]/C
                            (rising edge-triggered cell FDRE clocked by clk_out100_design_1_clk_wiz_0_0  {rise@0.000ns fall@5.000ns period=10.000ns})
  Destination:            design_1_i/axi_gpio_0/U0/gpio_core_1/Not_Dual.INPUT_DOUBLE_REGS3/GENERATE_LEVEL_P_S_CDC.MULTI_BIT.FOR_IN_cdc_to[13].CROSS2_PLEVEL_IN2SCNDRY_IN_cdc_to/D
                            (rising edge-triggered cell FDRE clocked by clk_fpga_0  {rise@0.000ns fall@10.000ns period=20.000ns})
  Path Group:             (none)
  Path Type:              Hold (Min at Fast Process Corner)
  Data Path Delay:        0.299ns  (logic 0.141ns (47.149%)  route 0.158ns (52.850%))
  Logic Levels:           0  
  Clock Path Skew:        1.217ns (DCD - SCD - CPR)
    Destination Clock Delay (DCD):    1.780ns
    Source Clock Delay      (SCD):    0.564ns
    Clock Pessimism Removal (CPR):    -0.000ns
  Clock Uncertainty:      0.478ns  ((TSJ^2 + TIJ^2 + DJ^2)^1/2) / 2 + PE
    Total System Jitter     (TSJ):    0.071ns
    Total Input Jitter      (TIJ):    0.600ns
    Discrete Jitter          (DJ):    0.162ns
    Phase Error              (PE):    0.165ns
  Timing Exception:       False Path

    Location             Delay type                Incr(ns)  Path(ns)    Netlist Resource(s)
  -------------------------------------------------------------------    -------------------
                         (clock clk_out100_design_1_clk_wiz_0_0 rise edge)
                                                      0.000     0.000 r  
    BUFGCTRL_X0Y16       BUFG                         0.000     0.000 r  design_1_i/processing_system7_0/inst/buffer_fclk_clk_0.FCLK_CLK_0_BUFG/O
                         net (fo=883, routed)         0.548     0.548    design_1_i/clk_wiz_0/inst/clk_in1
    MMCME2_ADV_X0Y0      MMCME2_ADV (Prop_mmcme2_adv_CLKIN1_CLKOUT2)
                                                     -1.053    -0.506 r  design_1_i/clk_wiz_0/inst/mmcm_adv_inst/CLKOUT2
                         net (fo=1, routed)           0.482    -0.024    design_1_i/clk_wiz_0/inst/clk_out100_design_1_clk_wiz_0_0
    BUFGCTRL_X0Y2        BUFG (Prop_bufg_I_O)         0.026     0.002 r  design_1_i/clk_wiz_0/inst/clkout3_buf/O
                         net (fo=62, routed)          0.562     0.564    design_1_i/test_axi_gpio_0/U0/clk
    SLICE_X9Y36          FDRE                                         r  design_1_i/test_axi_gpio_0/U0/gpio_out_reg[13]/C
  -------------------------------------------------------------------    -------------------
    SLICE_X9Y36          FDRE (Prop_fdre_C_Q)         0.141     0.705 r  design_1_i/test_axi_gpio_0/U0/gpio_out_reg[13]/Q
                         net (fo=1, routed)           0.158     0.863    design_1_i/axi_gpio_0/U0/gpio_core_1/Not_Dual.INPUT_DOUBLE_REGS3/gpio_io_i[13]
    SLICE_X9Y37          FDRE                                         r  design_1_i/axi_gpio_0/U0/gpio_core_1/Not_Dual.INPUT_DOUBLE_REGS3/GENERATE_LEVEL_P_S_CDC.MULTI_BIT.FOR_IN_cdc_to[13].CROSS2_PLEVEL_IN2SCNDRY_IN_cdc_to/D
  -------------------------------------------------------------------    -------------------

                         (clock clk_fpga_0 rise edge)
                                                      0.000     0.000 r  
    PS7_X0Y0             PS7                          0.000     0.000 r  design_1_i/processing_system7_0/inst/PS7_i/FCLKCLK[0]
                         net (fo=1, routed)           0.919     0.919    design_1_i/processing_system7_0/inst/FCLK_CLK_unbuffered[0]
    BUFGCTRL_X0Y16       BUFG (Prop_bufg_I_O)         0.029     0.948 r  design_1_i/processing_system7_0/inst/buffer_fclk_clk_0.FCLK_CLK_0_BUFG/O
                         net (fo=883, routed)         0.832     1.780    design_1_i/axi_gpio_0/U0/gpio_core_1/Not_Dual.INPUT_DOUBLE_REGS3/s_axi_aclk
    SLICE_X9Y37          FDRE                                         r  design_1_i/axi_gpio_0/U0/gpio_core_1/Not_Dual.INPUT_DOUBLE_REGS3/GENERATE_LEVEL_P_S_CDC.MULTI_BIT.FOR_IN_cdc_to[13].CROSS2_PLEVEL_IN2SCNDRY_IN_cdc_to/C

Slack:                    inf
  Source:                 design_1_i/test_axi_gpio_0/U0/gpio_out_reg[9]/C
                            (rising edge-triggered cell FDRE clocked by clk_out100_design_1_clk_wiz_0_0  {rise@0.000ns fall@5.000ns period=10.000ns})
  Destination:            design_1_i/axi_gpio_0/U0/gpio_core_1/Not_Dual.INPUT_DOUBLE_REGS3/GENERATE_LEVEL_P_S_CDC.MULTI_BIT.FOR_IN_cdc_to[9].CROSS2_PLEVEL_IN2SCNDRY_IN_cdc_to/D
                            (rising edge-triggered cell FDRE clocked by clk_fpga_0  {rise@0.000ns fall@10.000ns period=20.000ns})
  Path Group:             (none)
  Path Type:              Hold (Min at Fast Process Corner)
  Data Path Delay:        0.310ns  (logic 0.141ns (45.434%)  route 0.169ns (54.566%))
  Logic Levels:           0  
  Clock Path Skew:        1.219ns (DCD - SCD - CPR)
    Destination Clock Delay (DCD):    1.782ns
    Source Clock Delay      (SCD):    0.564ns
    Clock Pessimism Removal (CPR):    -0.000ns
  Clock Uncertainty:      0.478ns  ((TSJ^2 + TIJ^2 + DJ^2)^1/2) / 2 + PE
    Total System Jitter     (TSJ):    0.071ns
    Total Input Jitter      (TIJ):    0.600ns
    Discrete Jitter          (DJ):    0.162ns
    Phase Error              (PE):    0.165ns
  Timing Exception:       False Path

    Location             Delay type                Incr(ns)  Path(ns)    Netlist Resource(s)
  -------------------------------------------------------------------    -------------------
                         (clock clk_out100_design_1_clk_wiz_0_0 rise edge)
                                                      0.000     0.000 r  
    BUFGCTRL_X0Y16       BUFG                         0.000     0.000 r  design_1_i/processing_system7_0/inst/buffer_fclk_clk_0.FCLK_CLK_0_BUFG/O
                         net (fo=883, routed)         0.548     0.548    design_1_i/clk_wiz_0/inst/clk_in1
    MMCME2_ADV_X0Y0      MMCME2_ADV (Prop_mmcme2_adv_CLKIN1_CLKOUT2)
                                                     -1.053    -0.506 r  design_1_i/clk_wiz_0/inst/mmcm_adv_inst/CLKOUT2
                         net (fo=1, routed)           0.482    -0.024    design_1_i/clk_wiz_0/inst/clk_out100_design_1_clk_wiz_0_0
    BUFGCTRL_X0Y2        BUFG (Prop_bufg_I_O)         0.026     0.002 r  design_1_i/clk_wiz_0/inst/clkout3_buf/O
                         net (fo=62, routed)          0.562     0.564    design_1_i/test_axi_gpio_0/U0/clk
    SLICE_X9Y36          FDRE                                         r  design_1_i/test_axi_gpio_0/U0/gpio_out_reg[9]/C
  -------------------------------------------------------------------    -------------------
    SLICE_X9Y36          FDRE (Prop_fdre_C_Q)         0.141     0.705 r  design_1_i/test_axi_gpio_0/U0/gpio_out_reg[9]/Q
                         net (fo=1, routed)           0.169     0.874    design_1_i/axi_gpio_0/U0/gpio_core_1/Not_Dual.INPUT_DOUBLE_REGS3/gpio_io_i[9]
    SLICE_X6Y38          FDRE                                         r  design_1_i/axi_gpio_0/U0/gpio_core_1/Not_Dual.INPUT_DOUBLE_REGS3/GENERATE_LEVEL_P_S_CDC.MULTI_BIT.FOR_IN_cdc_to[9].CROSS2_PLEVEL_IN2SCNDRY_IN_cdc_to/D
  -------------------------------------------------------------------    -------------------

                         (clock clk_fpga_0 rise edge)
                                                      0.000     0.000 r  
    PS7_X0Y0             PS7                          0.000     0.000 r  design_1_i/processing_system7_0/inst/PS7_i/FCLKCLK[0]
                         net (fo=1, routed)           0.919     0.919    design_1_i/processing_system7_0/inst/FCLK_CLK_unbuffered[0]
    BUFGCTRL_X0Y16       BUFG (Prop_bufg_I_O)         0.029     0.948 r  design_1_i/processing_system7_0/inst/buffer_fclk_clk_0.FCLK_CLK_0_BUFG/O
                         net (fo=883, routed)         0.834     1.782    design_1_i/axi_gpio_0/U0/gpio_core_1/Not_Dual.INPUT_DOUBLE_REGS3/s_axi_aclk
    SLICE_X6Y38          FDRE                                         r  design_1_i/axi_gpio_0/U0/gpio_core_1/Not_Dual.INPUT_DOUBLE_REGS3/GENERATE_LEVEL_P_S_CDC.MULTI_BIT.FOR_IN_cdc_to[9].CROSS2_PLEVEL_IN2SCNDRY_IN_cdc_to/C

Slack:                    inf
  Source:                 design_1_i/test_axi_gpio_0/U0/gpio_out_reg[12]/C
                            (rising edge-triggered cell FDRE clocked by clk_out100_design_1_clk_wiz_0_0  {rise@0.000ns fall@5.000ns period=10.000ns})
  Destination:            design_1_i/axi_gpio_0/U0/gpio_core_1/Not_Dual.INPUT_DOUBLE_REGS3/GENERATE_LEVEL_P_S_CDC.MULTI_BIT.FOR_IN_cdc_to[12].CROSS2_PLEVEL_IN2SCNDRY_IN_cdc_to/D
                            (rising edge-triggered cell FDRE clocked by clk_fpga_0  {rise@0.000ns fall@10.000ns period=20.000ns})
  Path Group:             (none)
  Path Type:              Hold (Min at Fast Process Corner)
  Data Path Delay:        0.312ns  (logic 0.164ns (52.556%)  route 0.148ns (47.444%))
  Logic Levels:           0  
  Clock Path Skew:        1.216ns (DCD - SCD - CPR)
    Destination Clock Delay (DCD):    1.780ns
    Source Clock Delay      (SCD):    0.565ns
    Clock Pessimism Removal (CPR):    -0.000ns
  Clock Uncertainty:      0.478ns  ((TSJ^2 + TIJ^2 + DJ^2)^1/2) / 2 + PE
    Total System Jitter     (TSJ):    0.071ns
    Total Input Jitter      (TIJ):    0.600ns
    Discrete Jitter          (DJ):    0.162ns
    Phase Error              (PE):    0.165ns
  Timing Exception:       False Path

    Location             Delay type                Incr(ns)  Path(ns)    Netlist Resource(s)
  -------------------------------------------------------------------    -------------------
                         (clock clk_out100_design_1_clk_wiz_0_0 rise edge)
                                                      0.000     0.000 r  
    BUFGCTRL_X0Y16       BUFG                         0.000     0.000 r  design_1_i/processing_system7_0/inst/buffer_fclk_clk_0.FCLK_CLK_0_BUFG/O
                         net (fo=883, routed)         0.548     0.548    design_1_i/clk_wiz_0/inst/clk_in1
    MMCME2_ADV_X0Y0      MMCME2_ADV (Prop_mmcme2_adv_CLKIN1_CLKOUT2)
                                                     -1.053    -0.506 r  design_1_i/clk_wiz_0/inst/mmcm_adv_inst/CLKOUT2
                         net (fo=1, routed)           0.482    -0.024    design_1_i/clk_wiz_0/inst/clk_out100_design_1_clk_wiz_0_0
    BUFGCTRL_X0Y2        BUFG (Prop_bufg_I_O)         0.026     0.002 r  design_1_i/clk_wiz_0/inst/clkout3_buf/O
                         net (fo=62, routed)          0.563     0.565    design_1_i/test_axi_gpio_0/U0/clk
    SLICE_X12Y37         FDRE                                         r  design_1_i/test_axi_gpio_0/U0/gpio_out_reg[12]/C
  -------------------------------------------------------------------    -------------------
    SLICE_X12Y37         FDRE (Prop_fdre_C_Q)         0.164     0.729 r  design_1_i/test_axi_gpio_0/U0/gpio_out_reg[12]/Q
                         net (fo=1, routed)           0.148     0.877    design_1_i/axi_gpio_0/U0/gpio_core_1/Not_Dual.INPUT_DOUBLE_REGS3/gpio_io_i[12]
    SLICE_X11Y37         FDRE                                         r  design_1_i/axi_gpio_0/U0/gpio_core_1/Not_Dual.INPUT_DOUBLE_REGS3/GENERATE_LEVEL_P_S_CDC.MULTI_BIT.FOR_IN_cdc_to[12].CROSS2_PLEVEL_IN2SCNDRY_IN_cdc_to/D
  -------------------------------------------------------------------    -------------------

                         (clock clk_fpga_0 rise edge)
                                                      0.000     0.000 r  
    PS7_X0Y0             PS7                          0.000     0.000 r  design_1_i/processing_system7_0/inst/PS7_i/FCLKCLK[0]
                         net (fo=1, routed)           0.919     0.919    design_1_i/processing_system7_0/inst/FCLK_CLK_unbuffered[0]
    BUFGCTRL_X0Y16       BUFG (Prop_bufg_I_O)         0.029     0.948 r  design_1_i/processing_system7_0/inst/buffer_fclk_clk_0.FCLK_CLK_0_BUFG/O
                         net (fo=883, routed)         0.832     1.780    design_1_i/axi_gpio_0/U0/gpio_core_1/Not_Dual.INPUT_DOUBLE_REGS3/s_axi_aclk
    SLICE_X11Y37         FDRE                                         r  design_1_i/axi_gpio_0/U0/gpio_core_1/Not_Dual.INPUT_DOUBLE_REGS3/GENERATE_LEVEL_P_S_CDC.MULTI_BIT.FOR_IN_cdc_to[12].CROSS2_PLEVEL_IN2SCNDRY_IN_cdc_to/C

Slack:                    inf
  Source:                 design_1_i/test_axi_gpio_0/U0/gpio_out_reg[18]/C
                            (rising edge-triggered cell FDRE clocked by clk_out100_design_1_clk_wiz_0_0  {rise@0.000ns fall@5.000ns period=10.000ns})
  Destination:            design_1_i/axi_gpio_0/U0/gpio_core_1/Not_Dual.INPUT_DOUBLE_REGS3/GENERATE_LEVEL_P_S_CDC.MULTI_BIT.FOR_IN_cdc_to[18].CROSS2_PLEVEL_IN2SCNDRY_IN_cdc_to/D
                            (rising edge-triggered cell FDRE clocked by clk_fpga_0  {rise@0.000ns fall@10.000ns period=20.000ns})
  Path Group:             (none)
  Path Type:              Hold (Min at Fast Process Corner)
  Data Path Delay:        0.318ns  (logic 0.141ns (44.330%)  route 0.177ns (55.670%))
  Logic Levels:           0  
  Clock Path Skew:        1.217ns (DCD - SCD - CPR)
    Destination Clock Delay (DCD):    1.782ns
    Source Clock Delay      (SCD):    0.566ns
    Clock Pessimism Removal (CPR):    -0.000ns
  Clock Uncertainty:      0.478ns  ((TSJ^2 + TIJ^2 + DJ^2)^1/2) / 2 + PE
    Total System Jitter     (TSJ):    0.071ns
    Total Input Jitter      (TIJ):    0.600ns
    Discrete Jitter          (DJ):    0.162ns
    Phase Error              (PE):    0.165ns
  Timing Exception:       False Path

    Location             Delay type                Incr(ns)  Path(ns)    Netlist Resource(s)
  -------------------------------------------------------------------    -------------------
                         (clock clk_out100_design_1_clk_wiz_0_0 rise edge)
                                                      0.000     0.000 r  
    BUFGCTRL_X0Y16       BUFG                         0.000     0.000 r  design_1_i/processing_system7_0/inst/buffer_fclk_clk_0.FCLK_CLK_0_BUFG/O
                         net (fo=883, routed)         0.548     0.548    design_1_i/clk_wiz_0/inst/clk_in1
    MMCME2_ADV_X0Y0      MMCME2_ADV (Prop_mmcme2_adv_CLKIN1_CLKOUT2)
                                                     -1.053    -0.506 r  design_1_i/clk_wiz_0/inst/mmcm_adv_inst/CLKOUT2
                         net (fo=1, routed)           0.482    -0.024    design_1_i/clk_wiz_0/inst/clk_out100_design_1_clk_wiz_0_0
    BUFGCTRL_X0Y2        BUFG (Prop_bufg_I_O)         0.026     0.002 r  design_1_i/clk_wiz_0/inst/clkout3_buf/O
                         net (fo=62, routed)          0.564     0.566    design_1_i/test_axi_gpio_0/U0/clk
    SLICE_X13Y38         FDRE                                         r  design_1_i/test_axi_gpio_0/U0/gpio_out_reg[18]/C
  -------------------------------------------------------------------    -------------------
    SLICE_X13Y38         FDRE (Prop_fdre_C_Q)         0.141     0.707 r  design_1_i/test_axi_gpio_0/U0/gpio_out_reg[18]/Q
                         net (fo=1, routed)           0.177     0.884    design_1_i/axi_gpio_0/U0/gpio_core_1/Not_Dual.INPUT_DOUBLE_REGS3/gpio_io_i[18]
    SLICE_X8Y38          FDRE                                         r  design_1_i/axi_gpio_0/U0/gpio_core_1/Not_Dual.INPUT_DOUBLE_REGS3/GENERATE_LEVEL_P_S_CDC.MULTI_BIT.FOR_IN_cdc_to[18].CROSS2_PLEVEL_IN2SCNDRY_IN_cdc_to/D
  -------------------------------------------------------------------    -------------------

                         (clock clk_fpga_0 rise edge)
                                                      0.000     0.000 r  
    PS7_X0Y0             PS7                          0.000     0.000 r  design_1_i/processing_system7_0/inst/PS7_i/FCLKCLK[0]
                         net (fo=1, routed)           0.919     0.919    design_1_i/processing_system7_0/inst/FCLK_CLK_unbuffered[0]
    BUFGCTRL_X0Y16       BUFG (Prop_bufg_I_O)         0.029     0.948 r  design_1_i/processing_system7_0/inst/buffer_fclk_clk_0.FCLK_CLK_0_BUFG/O
                         net (fo=883, routed)         0.834     1.782    design_1_i/axi_gpio_0/U0/gpio_core_1/Not_Dual.INPUT_DOUBLE_REGS3/s_axi_aclk
    SLICE_X8Y38          FDRE                                         r  design_1_i/axi_gpio_0/U0/gpio_core_1/Not_Dual.INPUT_DOUBLE_REGS3/GENERATE_LEVEL_P_S_CDC.MULTI_BIT.FOR_IN_cdc_to[18].CROSS2_PLEVEL_IN2SCNDRY_IN_cdc_to/C

Slack:                    inf
  Source:                 design_1_i/test_axi_gpio_0/U0/gpio_out_reg[22]/C
                            (rising edge-triggered cell FDRE clocked by clk_out100_design_1_clk_wiz_0_0  {rise@0.000ns fall@5.000ns period=10.000ns})
  Destination:            design_1_i/axi_gpio_0/U0/gpio_core_1/Not_Dual.INPUT_DOUBLE_REGS3/GENERATE_LEVEL_P_S_CDC.MULTI_BIT.FOR_IN_cdc_to[22].CROSS2_PLEVEL_IN2SCNDRY_IN_cdc_to/D
                            (rising edge-triggered cell FDRE clocked by clk_fpga_0  {rise@0.000ns fall@10.000ns period=20.000ns})
  Path Group:             (none)
  Path Type:              Hold (Min at Fast Process Corner)
  Data Path Delay:        0.318ns  (logic 0.164ns (51.527%)  route 0.154ns (48.473%))
  Logic Levels:           0  
  Clock Path Skew:        1.218ns (DCD - SCD - CPR)
    Destination Clock Delay (DCD):    1.783ns
    Source Clock Delay      (SCD):    0.566ns
    Clock Pessimism Removal (CPR):    -0.000ns
  Clock Uncertainty:      0.478ns  ((TSJ^2 + TIJ^2 + DJ^2)^1/2) / 2 + PE
    Total System Jitter     (TSJ):    0.071ns
    Total Input Jitter      (TIJ):    0.600ns
    Discrete Jitter          (DJ):    0.162ns
    Phase Error              (PE):    0.165ns
  Timing Exception:       False Path

    Location             Delay type                Incr(ns)  Path(ns)    Netlist Resource(s)
  -------------------------------------------------------------------    -------------------
                         (clock clk_out100_design_1_clk_wiz_0_0 rise edge)
                                                      0.000     0.000 r  
    BUFGCTRL_X0Y16       BUFG                         0.000     0.000 r  design_1_i/processing_system7_0/inst/buffer_fclk_clk_0.FCLK_CLK_0_BUFG/O
                         net (fo=883, routed)         0.548     0.548    design_1_i/clk_wiz_0/inst/clk_in1
    MMCME2_ADV_X0Y0      MMCME2_ADV (Prop_mmcme2_adv_CLKIN1_CLKOUT2)
                                                     -1.053    -0.506 r  design_1_i/clk_wiz_0/inst/mmcm_adv_inst/CLKOUT2
                         net (fo=1, routed)           0.482    -0.024    design_1_i/clk_wiz_0/inst/clk_out100_design_1_clk_wiz_0_0
    BUFGCTRL_X0Y2        BUFG (Prop_bufg_I_O)         0.026     0.002 r  design_1_i/clk_wiz_0/inst/clkout3_buf/O
                         net (fo=62, routed)          0.564     0.566    design_1_i/test_axi_gpio_0/U0/clk
    SLICE_X12Y38         FDRE                                         r  design_1_i/test_axi_gpio_0/U0/gpio_out_reg[22]/C
  -------------------------------------------------------------------    -------------------
    SLICE_X12Y38         FDRE (Prop_fdre_C_Q)         0.164     0.730 r  design_1_i/test_axi_gpio_0/U0/gpio_out_reg[22]/Q
                         net (fo=1, routed)           0.154     0.884    design_1_i/axi_gpio_0/U0/gpio_core_1/Not_Dual.INPUT_DOUBLE_REGS3/gpio_io_i[22]
    SLICE_X11Y40         FDRE                                         r  design_1_i/axi_gpio_0/U0/gpio_core_1/Not_Dual.INPUT_DOUBLE_REGS3/GENERATE_LEVEL_P_S_CDC.MULTI_BIT.FOR_IN_cdc_to[22].CROSS2_PLEVEL_IN2SCNDRY_IN_cdc_to/D
  -------------------------------------------------------------------    -------------------

                         (clock clk_fpga_0 rise edge)
                                                      0.000     0.000 r  
    PS7_X0Y0             PS7                          0.000     0.000 r  design_1_i/processing_system7_0/inst/PS7_i/FCLKCLK[0]
                         net (fo=1, routed)           0.919     0.919    design_1_i/processing_system7_0/inst/FCLK_CLK_unbuffered[0]
    BUFGCTRL_X0Y16       BUFG (Prop_bufg_I_O)         0.029     0.948 r  design_1_i/processing_system7_0/inst/buffer_fclk_clk_0.FCLK_CLK_0_BUFG/O
                         net (fo=883, routed)         0.835     1.783    design_1_i/axi_gpio_0/U0/gpio_core_1/Not_Dual.INPUT_DOUBLE_REGS3/s_axi_aclk
    SLICE_X11Y40         FDRE                                         r  design_1_i/axi_gpio_0/U0/gpio_core_1/Not_Dual.INPUT_DOUBLE_REGS3/GENERATE_LEVEL_P_S_CDC.MULTI_BIT.FOR_IN_cdc_to[22].CROSS2_PLEVEL_IN2SCNDRY_IN_cdc_to/C

Slack:                    inf
  Source:                 design_1_i/test_axi_gpio_0/U0/gpio_out_reg[8]/C
                            (rising edge-triggered cell FDRE clocked by clk_out100_design_1_clk_wiz_0_0  {rise@0.000ns fall@5.000ns period=10.000ns})
  Destination:            design_1_i/axi_gpio_0/U0/gpio_core_1/Not_Dual.INPUT_DOUBLE_REGS3/GENERATE_LEVEL_P_S_CDC.MULTI_BIT.FOR_IN_cdc_to[8].CROSS2_PLEVEL_IN2SCNDRY_IN_cdc_to/D
                            (rising edge-triggered cell FDRE clocked by clk_fpga_0  {rise@0.000ns fall@10.000ns period=20.000ns})
  Path Group:             (none)
  Path Type:              Hold (Min at Fast Process Corner)
  Data Path Delay:        0.339ns  (logic 0.164ns (48.396%)  route 0.175ns (51.604%))
  Logic Levels:           0  
  Clock Path Skew:        1.219ns (DCD - SCD - CPR)
    Destination Clock Delay (DCD):    1.782ns
    Source Clock Delay      (SCD):    0.564ns
    Clock Pessimism Removal (CPR):    -0.000ns
  Clock Uncertainty:      0.478ns  ((TSJ^2 + TIJ^2 + DJ^2)^1/2) / 2 + PE
    Total System Jitter     (TSJ):    0.071ns
    Total Input Jitter      (TIJ):    0.600ns
    Discrete Jitter          (DJ):    0.162ns
    Phase Error              (PE):    0.165ns
  Timing Exception:       False Path

    Location             Delay type                Incr(ns)  Path(ns)    Netlist Resource(s)
  -------------------------------------------------------------------    -------------------
                         (clock clk_out100_design_1_clk_wiz_0_0 rise edge)
                                                      0.000     0.000 r  
    BUFGCTRL_X0Y16       BUFG                         0.000     0.000 r  design_1_i/processing_system7_0/inst/buffer_fclk_clk_0.FCLK_CLK_0_BUFG/O
                         net (fo=883, routed)         0.548     0.548    design_1_i/clk_wiz_0/inst/clk_in1
    MMCME2_ADV_X0Y0      MMCME2_ADV (Prop_mmcme2_adv_CLKIN1_CLKOUT2)
                                                     -1.053    -0.506 r  design_1_i/clk_wiz_0/inst/mmcm_adv_inst/CLKOUT2
                         net (fo=1, routed)           0.482    -0.024    design_1_i/clk_wiz_0/inst/clk_out100_design_1_clk_wiz_0_0
    BUFGCTRL_X0Y2        BUFG (Prop_bufg_I_O)         0.026     0.002 r  design_1_i/clk_wiz_0/inst/clkout3_buf/O
                         net (fo=62, routed)          0.562     0.564    design_1_i/test_axi_gpio_0/U0/clk
    SLICE_X8Y34          FDRE                                         r  design_1_i/test_axi_gpio_0/U0/gpio_out_reg[8]/C
  -------------------------------------------------------------------    -------------------
    SLICE_X8Y34          FDRE (Prop_fdre_C_Q)         0.164     0.728 r  design_1_i/test_axi_gpio_0/U0/gpio_out_reg[8]/Q
                         net (fo=1, routed)           0.175     0.902    design_1_i/axi_gpio_0/U0/gpio_core_1/Not_Dual.INPUT_DOUBLE_REGS3/gpio_io_i[8]
    SLICE_X7Y38          FDRE                                         r  design_1_i/axi_gpio_0/U0/gpio_core_1/Not_Dual.INPUT_DOUBLE_REGS3/GENERATE_LEVEL_P_S_CDC.MULTI_BIT.FOR_IN_cdc_to[8].CROSS2_PLEVEL_IN2SCNDRY_IN_cdc_to/D
  -------------------------------------------------------------------    -------------------

                         (clock clk_fpga_0 rise edge)
                                                      0.000     0.000 r  
    PS7_X0Y0             PS7                          0.000     0.000 r  design_1_i/processing_system7_0/inst/PS7_i/FCLKCLK[0]
                         net (fo=1, routed)           0.919     0.919    design_1_i/processing_system7_0/inst/FCLK_CLK_unbuffered[0]
    BUFGCTRL_X0Y16       BUFG (Prop_bufg_I_O)         0.029     0.948 r  design_1_i/processing_system7_0/inst/buffer_fclk_clk_0.FCLK_CLK_0_BUFG/O
                         net (fo=883, routed)         0.834     1.782    design_1_i/axi_gpio_0/U0/gpio_core_1/Not_Dual.INPUT_DOUBLE_REGS3/s_axi_aclk
    SLICE_X7Y38          FDRE                                         r  design_1_i/axi_gpio_0/U0/gpio_core_1/Not_Dual.INPUT_DOUBLE_REGS3/GENERATE_LEVEL_P_S_CDC.MULTI_BIT.FOR_IN_cdc_to[8].CROSS2_PLEVEL_IN2SCNDRY_IN_cdc_to/C

Slack:                    inf
  Source:                 design_1_i/test_axi_gpio_0/U0/gpio_out_reg[19]/C
                            (rising edge-triggered cell FDRE clocked by clk_out100_design_1_clk_wiz_0_0  {rise@0.000ns fall@5.000ns period=10.000ns})
  Destination:            design_1_i/axi_gpio_0/U0/gpio_core_1/Not_Dual.INPUT_DOUBLE_REGS3/GENERATE_LEVEL_P_S_CDC.MULTI_BIT.FOR_IN_cdc_to[19].CROSS2_PLEVEL_IN2SCNDRY_IN_cdc_to/D
                            (rising edge-triggered cell FDRE clocked by clk_fpga_0  {rise@0.000ns fall@10.000ns period=20.000ns})
  Path Group:             (none)
  Path Type:              Hold (Min at Fast Process Corner)
  Data Path Delay:        0.356ns  (logic 0.141ns (39.590%)  route 0.215ns (60.410%))
  Logic Levels:           0  
  Clock Path Skew:        1.218ns (DCD - SCD - CPR)
    Destination Clock Delay (DCD):    1.783ns
    Source Clock Delay      (SCD):    0.566ns
    Clock Pessimism Removal (CPR):    -0.000ns
  Clock Uncertainty:      0.478ns  ((TSJ^2 + TIJ^2 + DJ^2)^1/2) / 2 + PE
    Total System Jitter     (TSJ):    0.071ns
    Total Input Jitter      (TIJ):    0.600ns
    Discrete Jitter          (DJ):    0.162ns
    Phase Error              (PE):    0.165ns
  Timing Exception:       False Path

    Location             Delay type                Incr(ns)  Path(ns)    Netlist Resource(s)
  -------------------------------------------------------------------    -------------------
                         (clock clk_out100_design_1_clk_wiz_0_0 rise edge)
                                                      0.000     0.000 r  
    BUFGCTRL_X0Y16       BUFG                         0.000     0.000 r  design_1_i/processing_system7_0/inst/buffer_fclk_clk_0.FCLK_CLK_0_BUFG/O
                         net (fo=883, routed)         0.548     0.548    design_1_i/clk_wiz_0/inst/clk_in1
    MMCME2_ADV_X0Y0      MMCME2_ADV (Prop_mmcme2_adv_CLKIN1_CLKOUT2)
                                                     -1.053    -0.506 r  design_1_i/clk_wiz_0/inst/mmcm_adv_inst/CLKOUT2
                         net (fo=1, routed)           0.482    -0.024    design_1_i/clk_wiz_0/inst/clk_out100_design_1_clk_wiz_0_0
    BUFGCTRL_X0Y2        BUFG (Prop_bufg_I_O)         0.026     0.002 r  design_1_i/clk_wiz_0/inst/clkout3_buf/O
                         net (fo=62, routed)          0.564     0.566    design_1_i/test_axi_gpio_0/U0/clk
    SLICE_X13Y38         FDRE                                         r  design_1_i/test_axi_gpio_0/U0/gpio_out_reg[19]/C
  -------------------------------------------------------------------    -------------------
    SLICE_X13Y38         FDRE (Prop_fdre_C_Q)         0.141     0.707 r  design_1_i/test_axi_gpio_0/U0/gpio_out_reg[19]/Q
                         net (fo=1, routed)           0.215     0.922    design_1_i/axi_gpio_0/U0/gpio_core_1/Not_Dual.INPUT_DOUBLE_REGS3/gpio_io_i[19]
    SLICE_X10Y41         FDRE                                         r  design_1_i/axi_gpio_0/U0/gpio_core_1/Not_Dual.INPUT_DOUBLE_REGS3/GENERATE_LEVEL_P_S_CDC.MULTI_BIT.FOR_IN_cdc_to[19].CROSS2_PLEVEL_IN2SCNDRY_IN_cdc_to/D
  -------------------------------------------------------------------    -------------------

                         (clock clk_fpga_0 rise edge)
                                                      0.000     0.000 r  
    PS7_X0Y0             PS7                          0.000     0.000 r  design_1_i/processing_system7_0/inst/PS7_i/FCLKCLK[0]
                         net (fo=1, routed)           0.919     0.919    design_1_i/processing_system7_0/inst/FCLK_CLK_unbuffered[0]
    BUFGCTRL_X0Y16       BUFG (Prop_bufg_I_O)         0.029     0.948 r  design_1_i/processing_system7_0/inst/buffer_fclk_clk_0.FCLK_CLK_0_BUFG/O
                         net (fo=883, routed)         0.835     1.783    design_1_i/axi_gpio_0/U0/gpio_core_1/Not_Dual.INPUT_DOUBLE_REGS3/s_axi_aclk
    SLICE_X10Y41         FDRE                                         r  design_1_i/axi_gpio_0/U0/gpio_core_1/Not_Dual.INPUT_DOUBLE_REGS3/GENERATE_LEVEL_P_S_CDC.MULTI_BIT.FOR_IN_cdc_to[19].CROSS2_PLEVEL_IN2SCNDRY_IN_cdc_to/C

Slack:                    inf
  Source:                 design_1_i/test_axi_gpio_0/U0/gpio_out_reg[10]/C
                            (rising edge-triggered cell FDRE clocked by clk_out100_design_1_clk_wiz_0_0  {rise@0.000ns fall@5.000ns period=10.000ns})
  Destination:            design_1_i/axi_gpio_0/U0/gpio_core_1/Not_Dual.INPUT_DOUBLE_REGS3/GENERATE_LEVEL_P_S_CDC.MULTI_BIT.FOR_IN_cdc_to[10].CROSS2_PLEVEL_IN2SCNDRY_IN_cdc_to/D
                            (rising edge-triggered cell FDRE clocked by clk_fpga_0  {rise@0.000ns fall@10.000ns period=20.000ns})
  Path Group:             (none)
  Path Type:              Hold (Min at Fast Process Corner)
  Data Path Delay:        0.365ns  (logic 0.141ns (38.612%)  route 0.224ns (61.388%))
  Logic Levels:           0  
  Clock Path Skew:        1.217ns (DCD - SCD - CPR)
    Destination Clock Delay (DCD):    1.780ns
    Source Clock Delay      (SCD):    0.564ns
    Clock Pessimism Removal (CPR):    -0.000ns
  Clock Uncertainty:      0.478ns  ((TSJ^2 + TIJ^2 + DJ^2)^1/2) / 2 + PE
    Total System Jitter     (TSJ):    0.071ns
    Total Input Jitter      (TIJ):    0.600ns
    Discrete Jitter          (DJ):    0.162ns
    Phase Error              (PE):    0.165ns
  Timing Exception:       False Path

    Location             Delay type                Incr(ns)  Path(ns)    Netlist Resource(s)
  -------------------------------------------------------------------    -------------------
                         (clock clk_out100_design_1_clk_wiz_0_0 rise edge)
                                                      0.000     0.000 r  
    BUFGCTRL_X0Y16       BUFG                         0.000     0.000 r  design_1_i/processing_system7_0/inst/buffer_fclk_clk_0.FCLK_CLK_0_BUFG/O
                         net (fo=883, routed)         0.548     0.548    design_1_i/clk_wiz_0/inst/clk_in1
    MMCME2_ADV_X0Y0      MMCME2_ADV (Prop_mmcme2_adv_CLKIN1_CLKOUT2)
                                                     -1.053    -0.506 r  design_1_i/clk_wiz_0/inst/mmcm_adv_inst/CLKOUT2
                         net (fo=1, routed)           0.482    -0.024    design_1_i/clk_wiz_0/inst/clk_out100_design_1_clk_wiz_0_0
    BUFGCTRL_X0Y2        BUFG (Prop_bufg_I_O)         0.026     0.002 r  design_1_i/clk_wiz_0/inst/clkout3_buf/O
                         net (fo=62, routed)          0.562     0.564    design_1_i/test_axi_gpio_0/U0/clk
    SLICE_X9Y36          FDRE                                         r  design_1_i/test_axi_gpio_0/U0/gpio_out_reg[10]/C
  -------------------------------------------------------------------    -------------------
    SLICE_X9Y36          FDRE (Prop_fdre_C_Q)         0.141     0.705 r  design_1_i/test_axi_gpio_0/U0/gpio_out_reg[10]/Q
                         net (fo=1, routed)           0.224     0.929    design_1_i/axi_gpio_0/U0/gpio_core_1/Not_Dual.INPUT_DOUBLE_REGS3/gpio_io_i[10]
    SLICE_X8Y37          FDRE                                         r  design_1_i/axi_gpio_0/U0/gpio_core_1/Not_Dual.INPUT_DOUBLE_REGS3/GENERATE_LEVEL_P_S_CDC.MULTI_BIT.FOR_IN_cdc_to[10].CROSS2_PLEVEL_IN2SCNDRY_IN_cdc_to/D
  -------------------------------------------------------------------    -------------------

                         (clock clk_fpga_0 rise edge)
                                                      0.000     0.000 r  
    PS7_X0Y0             PS7                          0.000     0.000 r  design_1_i/processing_system7_0/inst/PS7_i/FCLKCLK[0]
                         net (fo=1, routed)           0.919     0.919    design_1_i/processing_system7_0/inst/FCLK_CLK_unbuffered[0]
    BUFGCTRL_X0Y16       BUFG (Prop_bufg_I_O)         0.029     0.948 r  design_1_i/processing_system7_0/inst/buffer_fclk_clk_0.FCLK_CLK_0_BUFG/O
                         net (fo=883, routed)         0.832     1.780    design_1_i/axi_gpio_0/U0/gpio_core_1/Not_Dual.INPUT_DOUBLE_REGS3/s_axi_aclk
    SLICE_X8Y37          FDRE                                         r  design_1_i/axi_gpio_0/U0/gpio_core_1/Not_Dual.INPUT_DOUBLE_REGS3/GENERATE_LEVEL_P_S_CDC.MULTI_BIT.FOR_IN_cdc_to[10].CROSS2_PLEVEL_IN2SCNDRY_IN_cdc_to/C





--------------------------------------------------------------------------------------
Path Group:  (none)
From Clock:  
  To Clock:  

Max Delay           113 Endpoints
Min Delay           113 Endpoints
--------------------------------------------------------------------------------------


Max Delay Paths
--------------------------------------------------------------------------------------
Slack:                    inf
  Source:                 design_1_i/seven_segment_display_0/U0/cathodes_reg[4]/C
                            (rising edge-triggered cell FDRE)
  Destination:            cathodes_0[4]
                            (output port)
  Path Group:             (none)
  Path Type:              Max at Slow Process Corner
  Data Path Delay:        8.007ns  (logic 4.187ns (52.291%)  route 3.820ns (47.709%))
  Logic Levels:           2  (FDRE=1 OBUF=1)

    Location             Delay type                Incr(ns)  Path(ns)    Netlist Resource(s)
  -------------------------------------------------------------------    -------------------
    SLICE_X22Y41         FDRE                         0.000     0.000 r  design_1_i/seven_segment_display_0/U0/cathodes_reg[4]/C
    SLICE_X22Y41         FDRE (Prop_fdre_C_Q)         0.419     0.419 r  design_1_i/seven_segment_display_0/U0/cathodes_reg[4]/Q
                         net (fo=1, routed)           3.820     4.239    cathodes_0_OBUF[4]
    M17                  OBUF (Prop_obuf_I_O)         3.768     8.007 r  cathodes_0_OBUF[4]_inst/O
                         net (fo=0)                   0.000     8.007    cathodes_0[4]
    M17                                                               r  cathodes_0[4] (OUT)
  -------------------------------------------------------------------    -------------------

Slack:                    inf
  Source:                 design_1_i/seven_segment_display_0/U0/anodes_reg[3]/C
                            (rising edge-triggered cell FDPE)
  Destination:            anodes_0[3]
                            (output port)
  Path Group:             (none)
  Path Type:              Max at Slow Process Corner
  Data Path Delay:        7.649ns  (logic 4.201ns (54.924%)  route 3.448ns (45.076%))
  Logic Levels:           2  (FDPE=1 OBUF=1)

    Location             Delay type                Incr(ns)  Path(ns)    Netlist Resource(s)
  -------------------------------------------------------------------    -------------------
    SLICE_X24Y44         FDPE                         0.000     0.000 r  design_1_i/seven_segment_display_0/U0/anodes_reg[3]/C
    SLICE_X24Y44         FDPE (Prop_fdpe_C_Q)         0.478     0.478 r  design_1_i/seven_segment_display_0/U0/anodes_reg[3]/Q
                         net (fo=1, routed)           3.448     3.926    anodes_0_OBUF[3]
    L16                  OBUF (Prop_obuf_I_O)         3.723     7.649 r  anodes_0_OBUF[3]_inst/O
                         net (fo=0)                   0.000     7.649    anodes_0[3]
    L16                                                               r  anodes_0[3] (OUT)
  -------------------------------------------------------------------    -------------------

Slack:                    inf
  Source:                 design_1_i/seven_segment_display_0/U0/anodes_reg[2]/C
                            (rising edge-triggered cell FDPE)
  Destination:            anodes_0[2]
                            (output port)
  Path Group:             (none)
  Path Type:              Max at Slow Process Corner
  Data Path Delay:        7.606ns  (logic 4.107ns (54.005%)  route 3.498ns (45.995%))
  Logic Levels:           2  (FDPE=1 OBUF=1)

    Location             Delay type                Incr(ns)  Path(ns)    Netlist Resource(s)
  -------------------------------------------------------------------    -------------------
    SLICE_X24Y44         FDPE                         0.000     0.000 r  design_1_i/seven_segment_display_0/U0/anodes_reg[2]/C
    SLICE_X24Y44         FDPE (Prop_fdpe_C_Q)         0.518     0.518 r  design_1_i/seven_segment_display_0/U0/anodes_reg[2]/Q
                         net (fo=1, routed)           3.498     4.016    anodes_0_OBUF[2]
    M18                  OBUF (Prop_obuf_I_O)         3.589     7.606 r  anodes_0_OBUF[2]_inst/O
                         net (fo=0)                   0.000     7.606    anodes_0[2]
    M18                                                               r  anodes_0[2] (OUT)
  -------------------------------------------------------------------    -------------------

Slack:                    inf
  Source:                 design_1_i/seven_segment_display_0/U0/anodes_reg[0]/C
                            (rising edge-triggered cell FDCE)
  Destination:            anodes_0[0]
                            (output port)
  Path Group:             (none)
  Path Type:              Max at Slow Process Corner
  Data Path Delay:        7.521ns  (logic 4.061ns (53.994%)  route 3.460ns (46.006%))
  Logic Levels:           2  (FDCE=1 OBUF=1)

    Location             Delay type                Incr(ns)  Path(ns)    Netlist Resource(s)
  -------------------------------------------------------------------    -------------------
    SLICE_X24Y44         FDCE                         0.000     0.000 r  design_1_i/seven_segment_display_0/U0/anodes_reg[0]/C
    SLICE_X24Y44         FDCE (Prop_fdce_C_Q)         0.518     0.518 r  design_1_i/seven_segment_display_0/U0/anodes_reg[0]/Q
                         net (fo=1, routed)           3.460     3.978    anodes_0_OBUF[0]
    K19                  OBUF (Prop_obuf_I_O)         3.543     7.521 r  anodes_0_OBUF[0]_inst/O
                         net (fo=0)                   0.000     7.521    anodes_0[0]
    K19                                                               r  anodes_0[0] (OUT)
  -------------------------------------------------------------------    -------------------

Slack:                    inf
  Source:                 design_1_i/seven_segment_display_0/U0/cathodes_reg[2]/C
                            (rising edge-triggered cell FDRE)
  Destination:            cathodes_0[2]
                            (output port)
  Path Group:             (none)
  Path Type:              Max at Slow Process Corner
  Data Path Delay:        7.509ns  (logic 4.128ns (54.970%)  route 3.381ns (45.030%))
  Logic Levels:           2  (FDRE=1 OBUF=1)

    Location             Delay type                Incr(ns)  Path(ns)    Netlist Resource(s)
  -------------------------------------------------------------------    -------------------
    SLICE_X22Y41         FDRE                         0.000     0.000 r  design_1_i/seven_segment_display_0/U0/cathodes_reg[2]/C
    SLICE_X22Y41         FDRE (Prop_fdre_C_Q)         0.419     0.419 r  design_1_i/seven_segment_display_0/U0/cathodes_reg[2]/Q
                         net (fo=1, routed)           3.381     3.800    cathodes_0_OBUF[2]
    J18                  OBUF (Prop_obuf_I_O)         3.709     7.509 r  cathodes_0_OBUF[2]_inst/O
                         net (fo=0)                   0.000     7.509    cathodes_0[2]
    J18                                                               r  cathodes_0[2] (OUT)
  -------------------------------------------------------------------    -------------------

Slack:                    inf
  Source:                 design_1_i/game_logic_0/U0/pellet_index_reg[3]/C
                            (rising edge-triggered cell FDRE)
  Destination:            design_1_i/game_logic_0/U0/pellet_index_reg[1]/CE
  Path Group:             (none)
  Path Type:              Max at Slow Process Corner
  Data Path Delay:        7.433ns  (logic 2.111ns (28.401%)  route 5.322ns (71.599%))
  Logic Levels:           6  (CARRY4=2 FDRE=1 LUT4=2 LUT5=1)

    Location             Delay type                Incr(ns)  Path(ns)    Netlist Resource(s)
  -------------------------------------------------------------------    -------------------
    SLICE_X13Y36         FDRE                         0.000     0.000 r  design_1_i/game_logic_0/U0/pellet_index_reg[3]/C
    SLICE_X13Y36         FDRE (Prop_fdre_C_Q)         0.419     0.419 r  design_1_i/game_logic_0/U0/pellet_index_reg[3]/Q
                         net (fo=61, routed)          2.682     3.101    design_1_i/game_logic_0/U0/Q[3]
    SLICE_X14Y30         LUT4 (Prop_lut4_I3_O)        0.329     3.430 r  design_1_i/game_logic_0/U0/pellet_x[6]_INST_0/O
                         net (fo=3, routed)           0.668     4.098    design_1_i/game_logic_0/U0/pellet_x[5]
    SLICE_X15Y31         LUT5 (Prop_lut5_I0_O)        0.327     4.425 r  design_1_i/game_logic_0/U0/_carry__0_i_4/O
                         net (fo=1, routed)           0.000     4.425    design_1_i/game_logic_0/U0/_carry__0_i_4_n_0
    SLICE_X15Y31         CARRY4 (Prop_carry4_S[1]_CO[3])
                                                      0.550     4.975 r  design_1_i/game_logic_0/U0/_carry__0/CO[3]
                         net (fo=1, routed)           0.000     4.975    design_1_i/game_logic_0/U0/_carry__0_n_0
    SLICE_X15Y32         CARRY4 (Prop_carry4_CI_CO[1])
                                                      0.157     5.132 f  design_1_i/game_logic_0/U0/_carry__1/CO[1]
                         net (fo=1, routed)           1.212     6.344    design_1_i/game_logic_0/U0/_carry__1_n_2
    SLICE_X13Y35         LUT4 (Prop_lut4_I2_O)        0.329     6.673 r  design_1_i/game_logic_0/U0/pellet_index[3]_i_1/O
                         net (fo=4, routed)           0.760     7.433    design_1_i/game_logic_0/U0/pellet_index[3]_i_1_n_0
    SLICE_X13Y36         FDRE                                         r  design_1_i/game_logic_0/U0/pellet_index_reg[1]/CE
  -------------------------------------------------------------------    -------------------

Slack:                    inf
  Source:                 design_1_i/game_logic_0/U0/pellet_index_reg[3]/C
                            (rising edge-triggered cell FDRE)
  Destination:            design_1_i/game_logic_0/U0/pellet_index_reg[2]/CE
  Path Group:             (none)
  Path Type:              Max at Slow Process Corner
  Data Path Delay:        7.433ns  (logic 2.111ns (28.401%)  route 5.322ns (71.599%))
  Logic Levels:           6  (CARRY4=2 FDRE=1 LUT4=2 LUT5=1)

    Location             Delay type                Incr(ns)  Path(ns)    Netlist Resource(s)
  -------------------------------------------------------------------    -------------------
    SLICE_X13Y36         FDRE                         0.000     0.000 r  design_1_i/game_logic_0/U0/pellet_index_reg[3]/C
    SLICE_X13Y36         FDRE (Prop_fdre_C_Q)         0.419     0.419 r  design_1_i/game_logic_0/U0/pellet_index_reg[3]/Q
                         net (fo=61, routed)          2.682     3.101    design_1_i/game_logic_0/U0/Q[3]
    SLICE_X14Y30         LUT4 (Prop_lut4_I3_O)        0.329     3.430 r  design_1_i/game_logic_0/U0/pellet_x[6]_INST_0/O
                         net (fo=3, routed)           0.668     4.098    design_1_i/game_logic_0/U0/pellet_x[5]
    SLICE_X15Y31         LUT5 (Prop_lut5_I0_O)        0.327     4.425 r  design_1_i/game_logic_0/U0/_carry__0_i_4/O
                         net (fo=1, routed)           0.000     4.425    design_1_i/game_logic_0/U0/_carry__0_i_4_n_0
    SLICE_X15Y31         CARRY4 (Prop_carry4_S[1]_CO[3])
                                                      0.550     4.975 r  design_1_i/game_logic_0/U0/_carry__0/CO[3]
                         net (fo=1, routed)           0.000     4.975    design_1_i/game_logic_0/U0/_carry__0_n_0
    SLICE_X15Y32         CARRY4 (Prop_carry4_CI_CO[1])
                                                      0.157     5.132 f  design_1_i/game_logic_0/U0/_carry__1/CO[1]
                         net (fo=1, routed)           1.212     6.344    design_1_i/game_logic_0/U0/_carry__1_n_2
    SLICE_X13Y35         LUT4 (Prop_lut4_I2_O)        0.329     6.673 r  design_1_i/game_logic_0/U0/pellet_index[3]_i_1/O
                         net (fo=4, routed)           0.760     7.433    design_1_i/game_logic_0/U0/pellet_index[3]_i_1_n_0
    SLICE_X13Y36         FDRE                                         r  design_1_i/game_logic_0/U0/pellet_index_reg[2]/CE
  -------------------------------------------------------------------    -------------------

Slack:                    inf
  Source:                 design_1_i/game_logic_0/U0/pellet_index_reg[3]/C
                            (rising edge-triggered cell FDRE)
  Destination:            design_1_i/game_logic_0/U0/pellet_index_reg[3]/CE
  Path Group:             (none)
  Path Type:              Max at Slow Process Corner
  Data Path Delay:        7.433ns  (logic 2.111ns (28.401%)  route 5.322ns (71.599%))
  Logic Levels:           6  (CARRY4=2 FDRE=1 LUT4=2 LUT5=1)

    Location             Delay type                Incr(ns)  Path(ns)    Netlist Resource(s)
  -------------------------------------------------------------------    -------------------
    SLICE_X13Y36         FDRE                         0.000     0.000 r  design_1_i/game_logic_0/U0/pellet_index_reg[3]/C
    SLICE_X13Y36         FDRE (Prop_fdre_C_Q)         0.419     0.419 r  design_1_i/game_logic_0/U0/pellet_index_reg[3]/Q
                         net (fo=61, routed)          2.682     3.101    design_1_i/game_logic_0/U0/Q[3]
    SLICE_X14Y30         LUT4 (Prop_lut4_I3_O)        0.329     3.430 r  design_1_i/game_logic_0/U0/pellet_x[6]_INST_0/O
                         net (fo=3, routed)           0.668     4.098    design_1_i/game_logic_0/U0/pellet_x[5]
    SLICE_X15Y31         LUT5 (Prop_lut5_I0_O)        0.327     4.425 r  design_1_i/game_logic_0/U0/_carry__0_i_4/O
                         net (fo=1, routed)           0.000     4.425    design_1_i/game_logic_0/U0/_carry__0_i_4_n_0
    SLICE_X15Y31         CARRY4 (Prop_carry4_S[1]_CO[3])
                                                      0.550     4.975 r  design_1_i/game_logic_0/U0/_carry__0/CO[3]
                         net (fo=1, routed)           0.000     4.975    design_1_i/game_logic_0/U0/_carry__0_n_0
    SLICE_X15Y32         CARRY4 (Prop_carry4_CI_CO[1])
                                                      0.157     5.132 f  design_1_i/game_logic_0/U0/_carry__1/CO[1]
                         net (fo=1, routed)           1.212     6.344    design_1_i/game_logic_0/U0/_carry__1_n_2
    SLICE_X13Y35         LUT4 (Prop_lut4_I2_O)        0.329     6.673 r  design_1_i/game_logic_0/U0/pellet_index[3]_i_1/O
                         net (fo=4, routed)           0.760     7.433    design_1_i/game_logic_0/U0/pellet_index[3]_i_1_n_0
    SLICE_X13Y36         FDRE                                         r  design_1_i/game_logic_0/U0/pellet_index_reg[3]/CE
  -------------------------------------------------------------------    -------------------

Slack:                    inf
  Source:                 design_1_i/seven_segment_display_0/U0/cathodes_reg[6]/C
                            (rising edge-triggered cell FDRE)
  Destination:            cathodes_0[6]
                            (output port)
  Path Group:             (none)
  Path Type:              Max at Slow Process Corner
  Data Path Delay:        7.224ns  (logic 3.986ns (55.180%)  route 3.238ns (44.820%))
  Logic Levels:           2  (FDRE=1 OBUF=1)

    Location             Delay type                Incr(ns)  Path(ns)    Netlist Resource(s)
  -------------------------------------------------------------------    -------------------
    SLICE_X23Y41         FDRE                         0.000     0.000 r  design_1_i/seven_segment_display_0/U0/cathodes_reg[6]/C
    SLICE_X23Y41         FDRE (Prop_fdre_C_Q)         0.456     0.456 r  design_1_i/seven_segment_display_0/U0/cathodes_reg[6]/Q
                         net (fo=1, routed)           3.238     3.694    cathodes_0_OBUF[6]
    H18                  OBUF (Prop_obuf_I_O)         3.530     7.224 r  cathodes_0_OBUF[6]_inst/O
                         net (fo=0)                   0.000     7.224    cathodes_0[6]
    H18                                                               r  cathodes_0[6] (OUT)
  -------------------------------------------------------------------    -------------------

Slack:                    inf
  Source:                 design_1_i/seven_segment_display_0/U0/anodes_reg[1]/C
                            (rising edge-triggered cell FDPE)
  Destination:            anodes_0[1]
                            (output port)
  Path Group:             (none)
  Path Type:              Max at Slow Process Corner
  Data Path Delay:        7.120ns  (logic 4.031ns (56.624%)  route 3.088ns (43.376%))
  Logic Levels:           2  (FDPE=1 OBUF=1)

    Location             Delay type                Incr(ns)  Path(ns)    Netlist Resource(s)
  -------------------------------------------------------------------    -------------------
    SLICE_X24Y44         FDPE                         0.000     0.000 r  design_1_i/seven_segment_display_0/U0/anodes_reg[1]/C
    SLICE_X24Y44         FDPE (Prop_fdpe_C_Q)         0.518     0.518 r  design_1_i/seven_segment_display_0/U0/anodes_reg[1]/Q
                         net (fo=1, routed)           3.088     3.606    anodes_0_OBUF[1]
    H17                  OBUF (Prop_obuf_I_O)         3.513     7.120 r  anodes_0_OBUF[1]_inst/O
                         net (fo=0)                   0.000     7.120    anodes_0[1]
    H17                                                               r  anodes_0[1] (OUT)
  -------------------------------------------------------------------    -------------------





Min Delay Paths
--------------------------------------------------------------------------------------
Slack:                    inf
  Source:                 design_1_i/seven_segment_display_0/U0/number_value_reg[1]/C
                            (rising edge-triggered cell FDRE)
  Destination:            design_1_i/seven_segment_display_0/U0/cathodes_reg[5]/D
  Path Group:             (none)
  Path Type:              Min at Fast Process Corner
  Data Path Delay:        0.278ns  (logic 0.186ns (66.993%)  route 0.092ns (33.007%))
  Logic Levels:           2  (FDRE=1 LUT5=1)

    Location             Delay type                Incr(ns)  Path(ns)    Netlist Resource(s)
  -------------------------------------------------------------------    -------------------
    SLICE_X23Y41         FDRE                         0.000     0.000 r  design_1_i/seven_segment_display_0/U0/number_value_reg[1]/C
    SLICE_X23Y41         FDRE (Prop_fdre_C_Q)         0.141     0.141 r  design_1_i/seven_segment_display_0/U0/number_value_reg[1]/Q
                         net (fo=6, routed)           0.092     0.233    design_1_i/seven_segment_display_0/U0/number_value[1]
    SLICE_X22Y41         LUT5 (Prop_lut5_I4_O)        0.045     0.278 r  design_1_i/seven_segment_display_0/U0/cathodes[5]_i_2/O
                         net (fo=1, routed)           0.000     0.278    design_1_i/seven_segment_display_0/U0/cathodes[5]_i_2_n_0
    SLICE_X22Y41         FDRE                                         r  design_1_i/seven_segment_display_0/U0/cathodes_reg[5]/D
  -------------------------------------------------------------------    -------------------

Slack:                    inf
  Source:                 design_1_i/seven_segment_display_0/U0/number_value_reg[0]/C
                            (rising edge-triggered cell FDRE)
  Destination:            design_1_i/seven_segment_display_0/U0/cathodes_reg[6]/D
  Path Group:             (none)
  Path Type:              Min at Fast Process Corner
  Data Path Delay:        0.310ns  (logic 0.227ns (73.235%)  route 0.083ns (26.765%))
  Logic Levels:           2  (FDRE=1 LUT6=1)

    Location             Delay type                Incr(ns)  Path(ns)    Netlist Resource(s)
  -------------------------------------------------------------------    -------------------
    SLICE_X23Y41         FDRE                         0.000     0.000 r  design_1_i/seven_segment_display_0/U0/number_value_reg[0]/C
    SLICE_X23Y41         FDRE (Prop_fdre_C_Q)         0.128     0.128 r  design_1_i/seven_segment_display_0/U0/number_value_reg[0]/Q
                         net (fo=6, routed)           0.083     0.211    design_1_i/seven_segment_display_0/U0/number_value[0]
    SLICE_X23Y41         LUT6 (Prop_lut6_I1_O)        0.099     0.310 r  design_1_i/seven_segment_display_0/U0/cathodes[6]_i_2/O
                         net (fo=1, routed)           0.000     0.310    design_1_i/seven_segment_display_0/U0/cathodes[6]_i_2_n_0
    SLICE_X23Y41         FDRE                                         r  design_1_i/seven_segment_display_0/U0/cathodes_reg[6]/D
  -------------------------------------------------------------------    -------------------

Slack:                    inf
  Source:                 design_1_i/seven_segment_display_0/U0/number_value_reg[1]/C
                            (rising edge-triggered cell FDRE)
  Destination:            design_1_i/seven_segment_display_0/U0/cathodes_reg[3]/D
  Path Group:             (none)
  Path Type:              Min at Fast Process Corner
  Data Path Delay:        0.356ns  (logic 0.186ns (52.209%)  route 0.170ns (47.791%))
  Logic Levels:           2  (FDRE=1 LUT5=1)

    Location             Delay type                Incr(ns)  Path(ns)    Netlist Resource(s)
  -------------------------------------------------------------------    -------------------
    SLICE_X23Y41         FDRE                         0.000     0.000 r  design_1_i/seven_segment_display_0/U0/number_value_reg[1]/C
    SLICE_X23Y41         FDRE (Prop_fdre_C_Q)         0.141     0.141 r  design_1_i/seven_segment_display_0/U0/number_value_reg[1]/Q
                         net (fo=6, routed)           0.170     0.311    design_1_i/seven_segment_display_0/U0/number_value[1]
    SLICE_X22Y41         LUT5 (Prop_lut5_I4_O)        0.045     0.356 r  design_1_i/seven_segment_display_0/U0/cathodes[3]_i_1/O
                         net (fo=1, routed)           0.000     0.356    design_1_i/seven_segment_display_0/U0/cathodes[3]_i_1_n_0
    SLICE_X22Y41         FDRE                                         r  design_1_i/seven_segment_display_0/U0/cathodes_reg[3]/D
  -------------------------------------------------------------------    -------------------

Slack:                    inf
  Source:                 design_1_i/seven_segment_display_0/U0/number_value_reg[1]/C
                            (rising edge-triggered cell FDRE)
  Destination:            design_1_i/seven_segment_display_0/U0/cathodes_reg[4]/D
  Path Group:             (none)
  Path Type:              Min at Fast Process Corner
  Data Path Delay:        0.356ns  (logic 0.186ns (52.209%)  route 0.170ns (47.791%))
  Logic Levels:           2  (FDRE=1 LUT5=1)

    Location             Delay type                Incr(ns)  Path(ns)    Netlist Resource(s)
  -------------------------------------------------------------------    -------------------
    SLICE_X23Y41         FDRE                         0.000     0.000 r  design_1_i/seven_segment_display_0/U0/number_value_reg[1]/C
    SLICE_X23Y41         FDRE (Prop_fdre_C_Q)         0.141     0.141 r  design_1_i/seven_segment_display_0/U0/number_value_reg[1]/Q
                         net (fo=6, routed)           0.170     0.311    design_1_i/seven_segment_display_0/U0/number_value[1]
    SLICE_X22Y41         LUT5 (Prop_lut5_I4_O)        0.045     0.356 r  design_1_i/seven_segment_display_0/U0/cathodes[4]_i_1/O
                         net (fo=1, routed)           0.000     0.356    design_1_i/seven_segment_display_0/U0/cathodes[4]_i_1_n_0
    SLICE_X22Y41         FDRE                                         r  design_1_i/seven_segment_display_0/U0/cathodes_reg[4]/D
  -------------------------------------------------------------------    -------------------

Slack:                    inf
  Source:                 design_1_i/seven_segment_display_0/U0/number_value_reg[1]/C
                            (rising edge-triggered cell FDRE)
  Destination:            design_1_i/seven_segment_display_0/U0/cathodes_reg[0]/D
  Path Group:             (none)
  Path Type:              Min at Fast Process Corner
  Data Path Delay:        0.365ns  (logic 0.186ns (50.891%)  route 0.179ns (49.109%))
  Logic Levels:           2  (FDRE=1 LUT5=1)

    Location             Delay type                Incr(ns)  Path(ns)    Netlist Resource(s)
  -------------------------------------------------------------------    -------------------
    SLICE_X23Y41         FDRE                         0.000     0.000 r  design_1_i/seven_segment_display_0/U0/number_value_reg[1]/C
    SLICE_X23Y41         FDRE (Prop_fdre_C_Q)         0.141     0.141 r  design_1_i/seven_segment_display_0/U0/number_value_reg[1]/Q
                         net (fo=6, routed)           0.179     0.320    design_1_i/seven_segment_display_0/U0/number_value[1]
    SLICE_X22Y41         LUT5 (Prop_lut5_I4_O)        0.045     0.365 r  design_1_i/seven_segment_display_0/U0/cathodes[0]_i_1/O
                         net (fo=1, routed)           0.000     0.365    design_1_i/seven_segment_display_0/U0/cathodes[0]_i_1_n_0
    SLICE_X22Y41         FDRE                                         r  design_1_i/seven_segment_display_0/U0/cathodes_reg[0]/D
  -------------------------------------------------------------------    -------------------

Slack:                    inf
  Source:                 design_1_i/seven_segment_display_0/U0/number_value_reg[1]/C
                            (rising edge-triggered cell FDRE)
  Destination:            design_1_i/seven_segment_display_0/U0/cathodes_reg[2]/D
  Path Group:             (none)
  Path Type:              Min at Fast Process Corner
  Data Path Delay:        0.366ns  (logic 0.187ns (51.025%)  route 0.179ns (48.975%))
  Logic Levels:           2  (FDRE=1 LUT5=1)

    Location             Delay type                Incr(ns)  Path(ns)    Netlist Resource(s)
  -------------------------------------------------------------------    -------------------
    SLICE_X23Y41         FDRE                         0.000     0.000 r  design_1_i/seven_segment_display_0/U0/number_value_reg[1]/C
    SLICE_X23Y41         FDRE (Prop_fdre_C_Q)         0.141     0.141 r  design_1_i/seven_segment_display_0/U0/number_value_reg[1]/Q
                         net (fo=6, routed)           0.179     0.320    design_1_i/seven_segment_display_0/U0/number_value[1]
    SLICE_X22Y41         LUT5 (Prop_lut5_I1_O)        0.046     0.366 r  design_1_i/seven_segment_display_0/U0/cathodes[2]_i_1/O
                         net (fo=1, routed)           0.000     0.366    design_1_i/seven_segment_display_0/U0/cathodes[2]_i_1_n_0
    SLICE_X22Y41         FDRE                                         r  design_1_i/seven_segment_display_0/U0/cathodes_reg[2]/D
  -------------------------------------------------------------------    -------------------

Slack:                    inf
  Source:                 design_1_i/seven_segment_display_0/U0/digit_select_reg[0]/C
                            (rising edge-triggered cell FDCE)
  Destination:            design_1_i/seven_segment_display_0/U0/digit_select_reg[0]/D
  Path Group:             (none)
  Path Type:              Min at Fast Process Corner
  Data Path Delay:        0.369ns  (logic 0.209ns (56.587%)  route 0.160ns (43.413%))
  Logic Levels:           2  (FDCE=1 LUT1=1)

    Location             Delay type                Incr(ns)  Path(ns)    Netlist Resource(s)
  -------------------------------------------------------------------    -------------------
    SLICE_X24Y44         FDCE                         0.000     0.000 r  design_1_i/seven_segment_display_0/U0/digit_select_reg[0]/C
    SLICE_X24Y44         FDCE (Prop_fdce_C_Q)         0.164     0.164 f  design_1_i/seven_segment_display_0/U0/digit_select_reg[0]/Q
                         net (fo=12, routed)          0.160     0.324    design_1_i/seven_segment_display_0/U0/digit_select[0]
    SLICE_X24Y44         LUT1 (Prop_lut1_I0_O)        0.045     0.369 r  design_1_i/seven_segment_display_0/U0/digit_select[0]_i_1/O
                         net (fo=1, routed)           0.000     0.369    design_1_i/seven_segment_display_0/U0/p_0_in[0]
    SLICE_X24Y44         FDCE                                         r  design_1_i/seven_segment_display_0/U0/digit_select_reg[0]/D
  -------------------------------------------------------------------    -------------------

Slack:                    inf
  Source:                 design_1_i/game_logic_0/U0/snake_y_reg_reg[2]/C
                            (rising edge-triggered cell FDSE)
  Destination:            design_1_i/game_logic_0/U0/snake_y_reg_reg[3]/D
  Path Group:             (none)
  Path Type:              Min at Fast Process Corner
  Data Path Delay:        0.372ns  (logic 0.293ns (78.721%)  route 0.079ns (21.279%))
  Logic Levels:           2  (CARRY4=1 FDSE=1)

    Location             Delay type                Incr(ns)  Path(ns)    Netlist Resource(s)
  -------------------------------------------------------------------    -------------------
    SLICE_X12Y34         FDSE                         0.000     0.000 r  design_1_i/game_logic_0/U0/snake_y_reg_reg[2]/C
    SLICE_X12Y34         FDSE (Prop_fdse_C_Q)         0.164     0.164 r  design_1_i/game_logic_0/U0/snake_y_reg_reg[2]/Q
                         net (fo=10, routed)          0.079     0.243    design_1_i/game_logic_0/U0/snake_y[1]
    SLICE_X12Y34         CARRY4 (Prop_carry4_DI[2]_O[3])
                                                      0.129     0.372 r  design_1_i/game_logic_0/U0/snake_y_reg0_carry/O[3]
                         net (fo=1, routed)           0.000     0.372    design_1_i/game_logic_0/U0/snake_y_reg0_carry_n_4
    SLICE_X12Y34         FDSE                                         r  design_1_i/game_logic_0/U0/snake_y_reg_reg[3]/D
  -------------------------------------------------------------------    -------------------

Slack:                    inf
  Source:                 design_1_i/game_logic_0/U0/snake_x_reg_reg[2]/C
                            (rising edge-triggered cell FDSE)
  Destination:            design_1_i/game_logic_0/U0/snake_x_reg_reg[3]/D
  Path Group:             (none)
  Path Type:              Min at Fast Process Corner
  Data Path Delay:        0.373ns  (logic 0.268ns (71.913%)  route 0.105ns (28.087%))
  Logic Levels:           2  (CARRY4=1 FDSE=1)

    Location             Delay type                Incr(ns)  Path(ns)    Netlist Resource(s)
  -------------------------------------------------------------------    -------------------
    SLICE_X15Y36         FDSE                         0.000     0.000 r  design_1_i/game_logic_0/U0/snake_x_reg_reg[2]/C
    SLICE_X15Y36         FDSE (Prop_fdse_C_Q)         0.141     0.141 r  design_1_i/game_logic_0/U0/snake_x_reg_reg[2]/Q
                         net (fo=9, routed)           0.105     0.246    design_1_i/game_logic_0/U0/snake_x[1]
    SLICE_X15Y36         CARRY4 (Prop_carry4_DI[2]_O[3])
                                                      0.127     0.373 r  design_1_i/game_logic_0/U0/snake_x_reg0_carry/O[3]
                         net (fo=1, routed)           0.000     0.373    design_1_i/game_logic_0/U0/snake_x_reg0_carry_n_4
    SLICE_X15Y36         FDSE                                         r  design_1_i/game_logic_0/U0/snake_x_reg_reg[3]/D
  -------------------------------------------------------------------    -------------------

Slack:                    inf
  Source:                 design_1_i/game_logic_0/U0/pellet_index_reg[0]/C
                            (rising edge-triggered cell FDRE)
  Destination:            design_1_i/game_logic_0/U0/pellet_index_reg[0]/D
  Path Group:             (none)
  Path Type:              Min at Fast Process Corner
  Data Path Delay:        0.374ns  (logic 0.183ns (48.868%)  route 0.191ns (51.132%))
  Logic Levels:           2  (FDRE=1 LUT1=1)

    Location             Delay type                Incr(ns)  Path(ns)    Netlist Resource(s)
  -------------------------------------------------------------------    -------------------
    SLICE_X13Y34         FDRE                         0.000     0.000 r  design_1_i/game_logic_0/U0/pellet_index_reg[0]/C
    SLICE_X13Y34         FDRE (Prop_fdre_C_Q)         0.141     0.141 f  design_1_i/game_logic_0/U0/pellet_index_reg[0]/Q
                         net (fo=63, routed)          0.191     0.332    design_1_i/game_logic_0/U0/Q[0]
    SLICE_X13Y34         LUT1 (Prop_lut1_I0_O)        0.042     0.374 r  design_1_i/game_logic_0/U0/pellet_index[0]_i_1/O
                         net (fo=1, routed)           0.000     0.374    design_1_i/game_logic_0/U0/p_1_in[0]
    SLICE_X13Y34         FDRE                                         r  design_1_i/game_logic_0/U0/pellet_index_reg[0]/D
  -------------------------------------------------------------------    -------------------





--------------------------------------------------------------------------------------
Path Group:  (none)
From Clock:  clk_out125_design_1_clk_wiz_0_0
  To Clock:  

Max Delay             8 Endpoints
Min Delay             8 Endpoints
--------------------------------------------------------------------------------------


Max Delay Paths
--------------------------------------------------------------------------------------
Slack:                    inf
  Source:                 design_1_i/hdmi_tx_0/inst/serial_clk/oserdes_m/CLK
                            (rising edge-triggered cell OSERDESE2 clocked by clk_out125_design_1_clk_wiz_0_0  {rise@0.000ns fall@4.000ns period=8.000ns})
  Destination:            hdmi_tx_0_tmds_clk_n
                            (output port)
  Path Group:             (none)
  Path Type:              Max at Slow Process Corner
  Data Path Delay:        2.387ns  (logic 2.386ns (99.958%)  route 0.001ns (0.042%))
  Logic Levels:           1  (OBUFDS=1)
  Clock Uncertainty:      0.246ns  ((TSJ^2 + DJ^2)^1/2) / 2 + PE
    Total System Jitter     (TSJ):    0.050ns
    Discrete Jitter          (DJ):    0.154ns
    Phase Error              (PE):    0.165ns

    Location             Delay type                Incr(ns)  Path(ns)    Netlist Resource(s)
  -------------------------------------------------------------------    -------------------
                         (clock clk_out125_design_1_clk_wiz_0_0 rise edge)
                                                      0.000     0.000 r  
    BUFGCTRL_X0Y16       BUFG                         0.000     0.000 r  design_1_i/processing_system7_0/inst/buffer_fclk_clk_0.FCLK_CLK_0_BUFG/O
                         net (fo=883, routed)         1.680     1.680    design_1_i/clk_wiz_0/inst/clk_in1
    MMCME2_ADV_X0Y0      MMCME2_ADV (Prop_mmcme2_adv_CLKIN1_CLKOUT1)
                                                     -3.538    -1.858 r  design_1_i/clk_wiz_0/inst/mmcm_adv_inst/CLKOUT1
                         net (fo=1, routed)           1.760    -0.098    design_1_i/clk_wiz_0/inst/clk_out125_design_1_clk_wiz_0_0
    BUFGCTRL_X0Y1        BUFG (Prop_bufg_I_O)         0.101     0.003 r  design_1_i/clk_wiz_0/inst/clkout2_buf/O
                         net (fo=8, routed)           1.758     1.761    design_1_i/hdmi_tx_0/inst/serial_clk/pix_clkx5
    OLOGIC_X0Y26         OSERDESE2                                    r  design_1_i/hdmi_tx_0/inst/serial_clk/oserdes_m/CLK
  -------------------------------------------------------------------    -------------------
    OLOGIC_X0Y26         OSERDESE2 (Prop_oserdese2_CLK_OQ)
                                                      0.472     2.233 r  design_1_i/hdmi_tx_0/inst/serial_clk/oserdes_m/OQ
                         net (fo=1, routed)           0.001     2.234    design_1_i/hdmi_tx_0/inst/tmdsclk
    U18                  OBUFDS (Prop_obufds_I_OB)    1.914     4.148 r  design_1_i/hdmi_tx_0/inst/OBUFDS_CLK/OB
                         net (fo=0)                   0.000     4.148    hdmi_tx_0_tmds_clk_n
    U19                                                               r  hdmi_tx_0_tmds_clk_n (OUT)
  -------------------------------------------------------------------    -------------------

Slack:                    inf
  Source:                 design_1_i/hdmi_tx_0/inst/serial_clk/oserdes_m/CLK
                            (rising edge-triggered cell OSERDESE2 clocked by clk_out125_design_1_clk_wiz_0_0  {rise@0.000ns fall@4.000ns period=8.000ns})
  Destination:            hdmi_tx_0_tmds_clk_p
                            (output port)
  Path Group:             (none)
  Path Type:              Max at Slow Process Corner
  Data Path Delay:        2.386ns  (logic 2.385ns (99.958%)  route 0.001ns (0.042%))
  Logic Levels:           1  (OBUFDS=1)
  Clock Uncertainty:      0.246ns  ((TSJ^2 + DJ^2)^1/2) / 2 + PE
    Total System Jitter     (TSJ):    0.050ns
    Discrete Jitter          (DJ):    0.154ns
    Phase Error              (PE):    0.165ns

    Location             Delay type                Incr(ns)  Path(ns)    Netlist Resource(s)
  -------------------------------------------------------------------    -------------------
                         (clock clk_out125_design_1_clk_wiz_0_0 rise edge)
                                                      0.000     0.000 r  
    BUFGCTRL_X0Y16       BUFG                         0.000     0.000 r  design_1_i/processing_system7_0/inst/buffer_fclk_clk_0.FCLK_CLK_0_BUFG/O
                         net (fo=883, routed)         1.680     1.680    design_1_i/clk_wiz_0/inst/clk_in1
    MMCME2_ADV_X0Y0      MMCME2_ADV (Prop_mmcme2_adv_CLKIN1_CLKOUT1)
                                                     -3.538    -1.858 r  design_1_i/clk_wiz_0/inst/mmcm_adv_inst/CLKOUT1
                         net (fo=1, routed)           1.760    -0.098    design_1_i/clk_wiz_0/inst/clk_out125_design_1_clk_wiz_0_0
    BUFGCTRL_X0Y1        BUFG (Prop_bufg_I_O)         0.101     0.003 r  design_1_i/clk_wiz_0/inst/clkout2_buf/O
                         net (fo=8, routed)           1.758     1.761    design_1_i/hdmi_tx_0/inst/serial_clk/pix_clkx5
    OLOGIC_X0Y26         OSERDESE2                                    r  design_1_i/hdmi_tx_0/inst/serial_clk/oserdes_m/CLK
  -------------------------------------------------------------------    -------------------
    OLOGIC_X0Y26         OSERDESE2 (Prop_oserdese2_CLK_OQ)
                                                      0.472     2.233 r  design_1_i/hdmi_tx_0/inst/serial_clk/oserdes_m/OQ
                         net (fo=1, routed)           0.001     2.234    design_1_i/hdmi_tx_0/inst/tmdsclk
    U18                  OBUFDS (Prop_obufds_I_O)     1.913     4.147 r  design_1_i/hdmi_tx_0/inst/OBUFDS_CLK/O
                         net (fo=0)                   0.000     4.147    hdmi_tx_0_tmds_clk_p
    U18                                                               r  hdmi_tx_0_tmds_clk_p (OUT)
  -------------------------------------------------------------------    -------------------

Slack:                    inf
  Source:                 design_1_i/hdmi_tx_0/inst/serial_g/oserdes_m/CLK
                            (rising edge-triggered cell OSERDESE2 clocked by clk_out125_design_1_clk_wiz_0_0  {rise@0.000ns fall@4.000ns period=8.000ns})
  Destination:            hdmi_tx_0_tmds_data_n[1]
                            (output port)
  Path Group:             (none)
  Path Type:              Max at Slow Process Corner
  Data Path Delay:        2.352ns  (logic 2.351ns (99.957%)  route 0.001ns (0.043%))
  Logic Levels:           1  (OBUFDS=1)
  Clock Uncertainty:      0.246ns  ((TSJ^2 + DJ^2)^1/2) / 2 + PE
    Total System Jitter     (TSJ):    0.050ns
    Discrete Jitter          (DJ):    0.154ns
    Phase Error              (PE):    0.165ns

    Location             Delay type                Incr(ns)  Path(ns)    Netlist Resource(s)
  -------------------------------------------------------------------    -------------------
                         (clock clk_out125_design_1_clk_wiz_0_0 rise edge)
                                                      0.000     0.000 r  
    BUFGCTRL_X0Y16       BUFG                         0.000     0.000 r  design_1_i/processing_system7_0/inst/buffer_fclk_clk_0.FCLK_CLK_0_BUFG/O
                         net (fo=883, routed)         1.680     1.680    design_1_i/clk_wiz_0/inst/clk_in1
    MMCME2_ADV_X0Y0      MMCME2_ADV (Prop_mmcme2_adv_CLKIN1_CLKOUT1)
                                                     -3.538    -1.858 r  design_1_i/clk_wiz_0/inst/mmcm_adv_inst/CLKOUT1
                         net (fo=1, routed)           1.760    -0.098    design_1_i/clk_wiz_0/inst/clk_out125_design_1_clk_wiz_0_0
    BUFGCTRL_X0Y1        BUFG (Prop_bufg_I_O)         0.101     0.003 r  design_1_i/clk_wiz_0/inst/clkout2_buf/O
                         net (fo=8, routed)           1.776     1.779    design_1_i/hdmi_tx_0/inst/serial_g/pix_clkx5
    OLOGIC_X0Y4          OSERDESE2                                    r  design_1_i/hdmi_tx_0/inst/serial_g/oserdes_m/CLK
  -------------------------------------------------------------------    -------------------
    OLOGIC_X0Y4          OSERDESE2 (Prop_oserdese2_CLK_OQ)
                                                      0.472     2.251 r  design_1_i/hdmi_tx_0/inst/serial_g/oserdes_m/OQ
                         net (fo=1, routed)           0.001     2.252    design_1_i/hdmi_tx_0/inst/TMDSINT_1
    N17                  OBUFDS (Prop_obufds_I_OB)    1.879     4.132 r  design_1_i/hdmi_tx_0/inst/OBUFDS_G/OB
                         net (fo=0)                   0.000     4.132    hdmi_tx_0_tmds_data_n[1]
    P18                                                               r  hdmi_tx_0_tmds_data_n[1] (OUT)
  -------------------------------------------------------------------    -------------------

Slack:                    inf
  Source:                 design_1_i/hdmi_tx_0/inst/serial_g/oserdes_m/CLK
                            (rising edge-triggered cell OSERDESE2 clocked by clk_out125_design_1_clk_wiz_0_0  {rise@0.000ns fall@4.000ns period=8.000ns})
  Destination:            hdmi_tx_0_tmds_data_p[1]
                            (output port)
  Path Group:             (none)
  Path Type:              Max at Slow Process Corner
  Data Path Delay:        2.351ns  (logic 2.350ns (99.957%)  route 0.001ns (0.043%))
  Logic Levels:           1  (OBUFDS=1)
  Clock Uncertainty:      0.246ns  ((TSJ^2 + DJ^2)^1/2) / 2 + PE
    Total System Jitter     (TSJ):    0.050ns
    Discrete Jitter          (DJ):    0.154ns
    Phase Error              (PE):    0.165ns

    Location             Delay type                Incr(ns)  Path(ns)    Netlist Resource(s)
  -------------------------------------------------------------------    -------------------
                         (clock clk_out125_design_1_clk_wiz_0_0 rise edge)
                                                      0.000     0.000 r  
    BUFGCTRL_X0Y16       BUFG                         0.000     0.000 r  design_1_i/processing_system7_0/inst/buffer_fclk_clk_0.FCLK_CLK_0_BUFG/O
                         net (fo=883, routed)         1.680     1.680    design_1_i/clk_wiz_0/inst/clk_in1
    MMCME2_ADV_X0Y0      MMCME2_ADV (Prop_mmcme2_adv_CLKIN1_CLKOUT1)
                                                     -3.538    -1.858 r  design_1_i/clk_wiz_0/inst/mmcm_adv_inst/CLKOUT1
                         net (fo=1, routed)           1.760    -0.098    design_1_i/clk_wiz_0/inst/clk_out125_design_1_clk_wiz_0_0
    BUFGCTRL_X0Y1        BUFG (Prop_bufg_I_O)         0.101     0.003 r  design_1_i/clk_wiz_0/inst/clkout2_buf/O
                         net (fo=8, routed)           1.776     1.779    design_1_i/hdmi_tx_0/inst/serial_g/pix_clkx5
    OLOGIC_X0Y4          OSERDESE2                                    r  design_1_i/hdmi_tx_0/inst/serial_g/oserdes_m/CLK
  -------------------------------------------------------------------    -------------------
    OLOGIC_X0Y4          OSERDESE2 (Prop_oserdese2_CLK_OQ)
                                                      0.472     2.251 r  design_1_i/hdmi_tx_0/inst/serial_g/oserdes_m/OQ
                         net (fo=1, routed)           0.001     2.252    design_1_i/hdmi_tx_0/inst/TMDSINT_1
    N17                  OBUFDS (Prop_obufds_I_O)     1.878     4.131 r  design_1_i/hdmi_tx_0/inst/OBUFDS_G/O
                         net (fo=0)                   0.000     4.131    hdmi_tx_0_tmds_data_p[1]
    N17                                                               r  hdmi_tx_0_tmds_data_p[1] (OUT)
  -------------------------------------------------------------------    -------------------

Slack:                    inf
  Source:                 design_1_i/hdmi_tx_0/inst/serial_r/oserdes_m/CLK
                            (rising edge-triggered cell OSERDESE2 clocked by clk_out125_design_1_clk_wiz_0_0  {rise@0.000ns fall@4.000ns period=8.000ns})
  Destination:            hdmi_tx_0_tmds_data_n[2]
                            (output port)
  Path Group:             (none)
  Path Type:              Max at Slow Process Corner
  Data Path Delay:        2.349ns  (logic 2.348ns (99.957%)  route 0.001ns (0.043%))
  Logic Levels:           1  (OBUFDS=1)
  Clock Uncertainty:      0.246ns  ((TSJ^2 + DJ^2)^1/2) / 2 + PE
    Total System Jitter     (TSJ):    0.050ns
    Discrete Jitter          (DJ):    0.154ns
    Phase Error              (PE):    0.165ns

    Location             Delay type                Incr(ns)  Path(ns)    Netlist Resource(s)
  -------------------------------------------------------------------    -------------------
                         (clock clk_out125_design_1_clk_wiz_0_0 rise edge)
                                                      0.000     0.000 r  
    BUFGCTRL_X0Y16       BUFG                         0.000     0.000 r  design_1_i/processing_system7_0/inst/buffer_fclk_clk_0.FCLK_CLK_0_BUFG/O
                         net (fo=883, routed)         1.680     1.680    design_1_i/clk_wiz_0/inst/clk_in1
    MMCME2_ADV_X0Y0      MMCME2_ADV (Prop_mmcme2_adv_CLKIN1_CLKOUT1)
                                                     -3.538    -1.858 r  design_1_i/clk_wiz_0/inst/mmcm_adv_inst/CLKOUT1
                         net (fo=1, routed)           1.760    -0.098    design_1_i/clk_wiz_0/inst/clk_out125_design_1_clk_wiz_0_0
    BUFGCTRL_X0Y1        BUFG (Prop_bufg_I_O)         0.101     0.003 r  design_1_i/clk_wiz_0/inst/clkout2_buf/O
                         net (fo=8, routed)           1.758     1.761    design_1_i/hdmi_tx_0/inst/serial_r/pix_clkx5
    OLOGIC_X0Y24         OSERDESE2                                    r  design_1_i/hdmi_tx_0/inst/serial_r/oserdes_m/CLK
  -------------------------------------------------------------------    -------------------
    OLOGIC_X0Y24         OSERDESE2 (Prop_oserdese2_CLK_OQ)
                                                      0.472     2.233 r  design_1_i/hdmi_tx_0/inst/serial_r/oserdes_m/OQ
                         net (fo=1, routed)           0.001     2.234    design_1_i/hdmi_tx_0/inst/TMDSINT_2
    N18                  OBUFDS (Prop_obufds_I_OB)    1.876     4.110 r  design_1_i/hdmi_tx_0/inst/OBUFDS_R/OB
                         net (fo=0)                   0.000     4.110    hdmi_tx_0_tmds_data_n[2]
    P19                                                               r  hdmi_tx_0_tmds_data_n[2] (OUT)
  -------------------------------------------------------------------    -------------------

Slack:                    inf
  Source:                 design_1_i/hdmi_tx_0/inst/serial_b/oserdes_m/CLK
                            (rising edge-triggered cell OSERDESE2 clocked by clk_out125_design_1_clk_wiz_0_0  {rise@0.000ns fall@4.000ns period=8.000ns})
  Destination:            hdmi_tx_0_tmds_data_n[0]
                            (output port)
  Path Group:             (none)
  Path Type:              Max at Slow Process Corner
  Data Path Delay:        2.333ns  (logic 2.332ns (99.957%)  route 0.001ns (0.043%))
  Logic Levels:           1  (OBUFDS=1)
  Clock Uncertainty:      0.246ns  ((TSJ^2 + DJ^2)^1/2) / 2 + PE
    Total System Jitter     (TSJ):    0.050ns
    Discrete Jitter          (DJ):    0.154ns
    Phase Error              (PE):    0.165ns

    Location             Delay type                Incr(ns)  Path(ns)    Netlist Resource(s)
  -------------------------------------------------------------------    -------------------
                         (clock clk_out125_design_1_clk_wiz_0_0 rise edge)
                                                      0.000     0.000 r  
    BUFGCTRL_X0Y16       BUFG                         0.000     0.000 r  design_1_i/processing_system7_0/inst/buffer_fclk_clk_0.FCLK_CLK_0_BUFG/O
                         net (fo=883, routed)         1.680     1.680    design_1_i/clk_wiz_0/inst/clk_in1
    MMCME2_ADV_X0Y0      MMCME2_ADV (Prop_mmcme2_adv_CLKIN1_CLKOUT1)
                                                     -3.538    -1.858 r  design_1_i/clk_wiz_0/inst/mmcm_adv_inst/CLKOUT1
                         net (fo=1, routed)           1.760    -0.098    design_1_i/clk_wiz_0/inst/clk_out125_design_1_clk_wiz_0_0
    BUFGCTRL_X0Y1        BUFG (Prop_bufg_I_O)         0.101     0.003 r  design_1_i/clk_wiz_0/inst/clkout2_buf/O
                         net (fo=8, routed)           1.774     1.777    design_1_i/hdmi_tx_0/inst/serial_b/pix_clkx5
    OLOGIC_X0Y8          OSERDESE2                                    r  design_1_i/hdmi_tx_0/inst/serial_b/oserdes_m/CLK
  -------------------------------------------------------------------    -------------------
    OLOGIC_X0Y8          OSERDESE2 (Prop_oserdese2_CLK_OQ)
                                                      0.472     2.249 r  design_1_i/hdmi_tx_0/inst/serial_b/oserdes_m/OQ
                         net (fo=1, routed)           0.001     2.250    design_1_i/hdmi_tx_0/inst/TMDSINT_0
    V17                  OBUFDS (Prop_obufds_I_OB)    1.860     4.110 r  design_1_i/hdmi_tx_0/inst/OBUFDS_B/OB
                         net (fo=0)                   0.000     4.110    hdmi_tx_0_tmds_data_n[0]
    V18                                                               r  hdmi_tx_0_tmds_data_n[0] (OUT)
  -------------------------------------------------------------------    -------------------

Slack:                    inf
  Source:                 design_1_i/hdmi_tx_0/inst/serial_r/oserdes_m/CLK
                            (rising edge-triggered cell OSERDESE2 clocked by clk_out125_design_1_clk_wiz_0_0  {rise@0.000ns fall@4.000ns period=8.000ns})
  Destination:            hdmi_tx_0_tmds_data_p[2]
                            (output port)
  Path Group:             (none)
  Path Type:              Max at Slow Process Corner
  Data Path Delay:        2.348ns  (logic 2.347ns (99.957%)  route 0.001ns (0.043%))
  Logic Levels:           1  (OBUFDS=1)
  Clock Uncertainty:      0.246ns  ((TSJ^2 + DJ^2)^1/2) / 2 + PE
    Total System Jitter     (TSJ):    0.050ns
    Discrete Jitter          (DJ):    0.154ns
    Phase Error              (PE):    0.165ns

    Location             Delay type                Incr(ns)  Path(ns)    Netlist Resource(s)
  -------------------------------------------------------------------    -------------------
                         (clock clk_out125_design_1_clk_wiz_0_0 rise edge)
                                                      0.000     0.000 r  
    BUFGCTRL_X0Y16       BUFG                         0.000     0.000 r  design_1_i/processing_system7_0/inst/buffer_fclk_clk_0.FCLK_CLK_0_BUFG/O
                         net (fo=883, routed)         1.680     1.680    design_1_i/clk_wiz_0/inst/clk_in1
    MMCME2_ADV_X0Y0      MMCME2_ADV (Prop_mmcme2_adv_CLKIN1_CLKOUT1)
                                                     -3.538    -1.858 r  design_1_i/clk_wiz_0/inst/mmcm_adv_inst/CLKOUT1
                         net (fo=1, routed)           1.760    -0.098    design_1_i/clk_wiz_0/inst/clk_out125_design_1_clk_wiz_0_0
    BUFGCTRL_X0Y1        BUFG (Prop_bufg_I_O)         0.101     0.003 r  design_1_i/clk_wiz_0/inst/clkout2_buf/O
                         net (fo=8, routed)           1.758     1.761    design_1_i/hdmi_tx_0/inst/serial_r/pix_clkx5
    OLOGIC_X0Y24         OSERDESE2                                    r  design_1_i/hdmi_tx_0/inst/serial_r/oserdes_m/CLK
  -------------------------------------------------------------------    -------------------
    OLOGIC_X0Y24         OSERDESE2 (Prop_oserdese2_CLK_OQ)
                                                      0.472     2.233 r  design_1_i/hdmi_tx_0/inst/serial_r/oserdes_m/OQ
                         net (fo=1, routed)           0.001     2.234    design_1_i/hdmi_tx_0/inst/TMDSINT_2
    N18                  OBUFDS (Prop_obufds_I_O)     1.875     4.109 r  design_1_i/hdmi_tx_0/inst/OBUFDS_R/O
                         net (fo=0)                   0.000     4.109    hdmi_tx_0_tmds_data_p[2]
    N18                                                               r  hdmi_tx_0_tmds_data_p[2] (OUT)
  -------------------------------------------------------------------    -------------------

Slack:                    inf
  Source:                 design_1_i/hdmi_tx_0/inst/serial_b/oserdes_m/CLK
                            (rising edge-triggered cell OSERDESE2 clocked by clk_out125_design_1_clk_wiz_0_0  {rise@0.000ns fall@4.000ns period=8.000ns})
  Destination:            hdmi_tx_0_tmds_data_p[0]
                            (output port)
  Path Group:             (none)
  Path Type:              Max at Slow Process Corner
  Data Path Delay:        2.332ns  (logic 2.331ns (99.957%)  route 0.001ns (0.043%))
  Logic Levels:           1  (OBUFDS=1)
  Clock Uncertainty:      0.246ns  ((TSJ^2 + DJ^2)^1/2) / 2 + PE
    Total System Jitter     (TSJ):    0.050ns
    Discrete Jitter          (DJ):    0.154ns
    Phase Error              (PE):    0.165ns

    Location             Delay type                Incr(ns)  Path(ns)    Netlist Resource(s)
  -------------------------------------------------------------------    -------------------
                         (clock clk_out125_design_1_clk_wiz_0_0 rise edge)
                                                      0.000     0.000 r  
    BUFGCTRL_X0Y16       BUFG                         0.000     0.000 r  design_1_i/processing_system7_0/inst/buffer_fclk_clk_0.FCLK_CLK_0_BUFG/O
                         net (fo=883, routed)         1.680     1.680    design_1_i/clk_wiz_0/inst/clk_in1
    MMCME2_ADV_X0Y0      MMCME2_ADV (Prop_mmcme2_adv_CLKIN1_CLKOUT1)
                                                     -3.538    -1.858 r  design_1_i/clk_wiz_0/inst/mmcm_adv_inst/CLKOUT1
                         net (fo=1, routed)           1.760    -0.098    design_1_i/clk_wiz_0/inst/clk_out125_design_1_clk_wiz_0_0
    BUFGCTRL_X0Y1        BUFG (Prop_bufg_I_O)         0.101     0.003 r  design_1_i/clk_wiz_0/inst/clkout2_buf/O
                         net (fo=8, routed)           1.774     1.777    design_1_i/hdmi_tx_0/inst/serial_b/pix_clkx5
    OLOGIC_X0Y8          OSERDESE2                                    r  design_1_i/hdmi_tx_0/inst/serial_b/oserdes_m/CLK
  -------------------------------------------------------------------    -------------------
    OLOGIC_X0Y8          OSERDESE2 (Prop_oserdese2_CLK_OQ)
                                                      0.472     2.249 r  design_1_i/hdmi_tx_0/inst/serial_b/oserdes_m/OQ
                         net (fo=1, routed)           0.001     2.250    design_1_i/hdmi_tx_0/inst/TMDSINT_0
    V17                  OBUFDS (Prop_obufds_I_O)     1.859     4.109 r  design_1_i/hdmi_tx_0/inst/OBUFDS_B/O
                         net (fo=0)                   0.000     4.109    hdmi_tx_0_tmds_data_p[0]
    V17                                                               r  hdmi_tx_0_tmds_data_p[0] (OUT)
  -------------------------------------------------------------------    -------------------





Min Delay Paths
--------------------------------------------------------------------------------------
Slack:                    inf
  Source:                 design_1_i/hdmi_tx_0/inst/serial_b/oserdes_m/CLK
                            (rising edge-triggered cell OSERDESE2 clocked by clk_out125_design_1_clk_wiz_0_0  {rise@0.000ns fall@4.000ns period=8.000ns})
  Destination:            hdmi_tx_0_tmds_data_p[0]
                            (output port)
  Path Group:             (none)
  Path Type:              Min at Fast Process Corner
  Data Path Delay:        0.985ns  (logic 0.984ns (99.899%)  route 0.001ns (0.101%))
  Logic Levels:           1  (OBUFDS=1)
  Clock Uncertainty:      0.246ns  ((TSJ^2 + DJ^2)^1/2) / 2 + PE
    Total System Jitter     (TSJ):    0.050ns
    Discrete Jitter          (DJ):    0.154ns
    Phase Error              (PE):    0.165ns

    Location             Delay type                Incr(ns)  Path(ns)    Netlist Resource(s)
  -------------------------------------------------------------------    -------------------
                         (clock clk_out125_design_1_clk_wiz_0_0 rise edge)
                                                      0.000     0.000 r  
    BUFGCTRL_X0Y16       BUFG                         0.000     0.000 r  design_1_i/processing_system7_0/inst/buffer_fclk_clk_0.FCLK_CLK_0_BUFG/O
                         net (fo=883, routed)         0.548     0.548    design_1_i/clk_wiz_0/inst/clk_in1
    MMCME2_ADV_X0Y0      MMCME2_ADV (Prop_mmcme2_adv_CLKIN1_CLKOUT1)
                                                     -1.053    -0.506 r  design_1_i/clk_wiz_0/inst/mmcm_adv_inst/CLKOUT1
                         net (fo=1, routed)           0.482    -0.024    design_1_i/clk_wiz_0/inst/clk_out125_design_1_clk_wiz_0_0
    BUFGCTRL_X0Y1        BUFG (Prop_bufg_I_O)         0.026     0.002 r  design_1_i/clk_wiz_0/inst/clkout2_buf/O
                         net (fo=8, routed)           0.582     0.584    design_1_i/hdmi_tx_0/inst/serial_b/pix_clkx5
    OLOGIC_X0Y8          OSERDESE2                                    r  design_1_i/hdmi_tx_0/inst/serial_b/oserdes_m/CLK
  -------------------------------------------------------------------    -------------------
    OLOGIC_X0Y8          OSERDESE2 (Prop_oserdese2_CLK_OQ)
                                                      0.177     0.761 r  design_1_i/hdmi_tx_0/inst/serial_b/oserdes_m/OQ
                         net (fo=1, routed)           0.001     0.762    design_1_i/hdmi_tx_0/inst/TMDSINT_0
    V17                  OBUFDS (Prop_obufds_I_O)     0.807     1.569 r  design_1_i/hdmi_tx_0/inst/OBUFDS_B/O
                         net (fo=0)                   0.000     1.569    hdmi_tx_0_tmds_data_p[0]
    V17                                                               r  hdmi_tx_0_tmds_data_p[0] (OUT)
  -------------------------------------------------------------------    -------------------

Slack:                    inf
  Source:                 design_1_i/hdmi_tx_0/inst/serial_b/oserdes_m/CLK
                            (rising edge-triggered cell OSERDESE2 clocked by clk_out125_design_1_clk_wiz_0_0  {rise@0.000ns fall@4.000ns period=8.000ns})
  Destination:            hdmi_tx_0_tmds_data_n[0]
                            (output port)
  Path Group:             (none)
  Path Type:              Min at Fast Process Corner
  Data Path Delay:        0.986ns  (logic 0.985ns (99.899%)  route 0.001ns (0.101%))
  Logic Levels:           1  (OBUFDS=1)
  Clock Uncertainty:      0.246ns  ((TSJ^2 + DJ^2)^1/2) / 2 + PE
    Total System Jitter     (TSJ):    0.050ns
    Discrete Jitter          (DJ):    0.154ns
    Phase Error              (PE):    0.165ns

    Location             Delay type                Incr(ns)  Path(ns)    Netlist Resource(s)
  -------------------------------------------------------------------    -------------------
                         (clock clk_out125_design_1_clk_wiz_0_0 rise edge)
                                                      0.000     0.000 r  
    BUFGCTRL_X0Y16       BUFG                         0.000     0.000 r  design_1_i/processing_system7_0/inst/buffer_fclk_clk_0.FCLK_CLK_0_BUFG/O
                         net (fo=883, routed)         0.548     0.548    design_1_i/clk_wiz_0/inst/clk_in1
    MMCME2_ADV_X0Y0      MMCME2_ADV (Prop_mmcme2_adv_CLKIN1_CLKOUT1)
                                                     -1.053    -0.506 r  design_1_i/clk_wiz_0/inst/mmcm_adv_inst/CLKOUT1
                         net (fo=1, routed)           0.482    -0.024    design_1_i/clk_wiz_0/inst/clk_out125_design_1_clk_wiz_0_0
    BUFGCTRL_X0Y1        BUFG (Prop_bufg_I_O)         0.026     0.002 r  design_1_i/clk_wiz_0/inst/clkout2_buf/O
                         net (fo=8, routed)           0.582     0.584    design_1_i/hdmi_tx_0/inst/serial_b/pix_clkx5
    OLOGIC_X0Y8          OSERDESE2                                    r  design_1_i/hdmi_tx_0/inst/serial_b/oserdes_m/CLK
  -------------------------------------------------------------------    -------------------
    OLOGIC_X0Y8          OSERDESE2 (Prop_oserdese2_CLK_OQ)
                                                      0.177     0.761 r  design_1_i/hdmi_tx_0/inst/serial_b/oserdes_m/OQ
                         net (fo=1, routed)           0.001     0.762    design_1_i/hdmi_tx_0/inst/TMDSINT_0
    V17                  OBUFDS (Prop_obufds_I_OB)    0.808     1.570 r  design_1_i/hdmi_tx_0/inst/OBUFDS_B/OB
                         net (fo=0)                   0.000     1.570    hdmi_tx_0_tmds_data_n[0]
    V18                                                               r  hdmi_tx_0_tmds_data_n[0] (OUT)
  -------------------------------------------------------------------    -------------------

Slack:                    inf
  Source:                 design_1_i/hdmi_tx_0/inst/serial_r/oserdes_m/CLK
                            (rising edge-triggered cell OSERDESE2 clocked by clk_out125_design_1_clk_wiz_0_0  {rise@0.000ns fall@4.000ns period=8.000ns})
  Destination:            hdmi_tx_0_tmds_data_p[2]
                            (output port)
  Path Group:             (none)
  Path Type:              Min at Fast Process Corner
  Data Path Delay:        1.002ns  (logic 1.001ns (99.900%)  route 0.001ns (0.100%))
  Logic Levels:           1  (OBUFDS=1)
  Clock Uncertainty:      0.246ns  ((TSJ^2 + DJ^2)^1/2) / 2 + PE
    Total System Jitter     (TSJ):    0.050ns
    Discrete Jitter          (DJ):    0.154ns
    Phase Error              (PE):    0.165ns

    Location             Delay type                Incr(ns)  Path(ns)    Netlist Resource(s)
  -------------------------------------------------------------------    -------------------
                         (clock clk_out125_design_1_clk_wiz_0_0 rise edge)
                                                      0.000     0.000 r  
    BUFGCTRL_X0Y16       BUFG                         0.000     0.000 r  design_1_i/processing_system7_0/inst/buffer_fclk_clk_0.FCLK_CLK_0_BUFG/O
                         net (fo=883, routed)         0.548     0.548    design_1_i/clk_wiz_0/inst/clk_in1
    MMCME2_ADV_X0Y0      MMCME2_ADV (Prop_mmcme2_adv_CLKIN1_CLKOUT1)
                                                     -1.053    -0.506 r  design_1_i/clk_wiz_0/inst/mmcm_adv_inst/CLKOUT1
                         net (fo=1, routed)           0.482    -0.024    design_1_i/clk_wiz_0/inst/clk_out125_design_1_clk_wiz_0_0
    BUFGCTRL_X0Y1        BUFG (Prop_bufg_I_O)         0.026     0.002 r  design_1_i/clk_wiz_0/inst/clkout2_buf/O
                         net (fo=8, routed)           0.575     0.577    design_1_i/hdmi_tx_0/inst/serial_r/pix_clkx5
    OLOGIC_X0Y24         OSERDESE2                                    r  design_1_i/hdmi_tx_0/inst/serial_r/oserdes_m/CLK
  -------------------------------------------------------------------    -------------------
    OLOGIC_X0Y24         OSERDESE2 (Prop_oserdese2_CLK_OQ)
                                                      0.177     0.754 r  design_1_i/hdmi_tx_0/inst/serial_r/oserdes_m/OQ
                         net (fo=1, routed)           0.001     0.755    design_1_i/hdmi_tx_0/inst/TMDSINT_2
    N18                  OBUFDS (Prop_obufds_I_O)     0.824     1.578 r  design_1_i/hdmi_tx_0/inst/OBUFDS_R/O
                         net (fo=0)                   0.000     1.578    hdmi_tx_0_tmds_data_p[2]
    N18                                                               r  hdmi_tx_0_tmds_data_p[2] (OUT)
  -------------------------------------------------------------------    -------------------

Slack:                    inf
  Source:                 design_1_i/hdmi_tx_0/inst/serial_r/oserdes_m/CLK
                            (rising edge-triggered cell OSERDESE2 clocked by clk_out125_design_1_clk_wiz_0_0  {rise@0.000ns fall@4.000ns period=8.000ns})
  Destination:            hdmi_tx_0_tmds_data_n[2]
                            (output port)
  Path Group:             (none)
  Path Type:              Min at Fast Process Corner
  Data Path Delay:        1.003ns  (logic 1.002ns (99.900%)  route 0.001ns (0.100%))
  Logic Levels:           1  (OBUFDS=1)
  Clock Uncertainty:      0.246ns  ((TSJ^2 + DJ^2)^1/2) / 2 + PE
    Total System Jitter     (TSJ):    0.050ns
    Discrete Jitter          (DJ):    0.154ns
    Phase Error              (PE):    0.165ns

    Location             Delay type                Incr(ns)  Path(ns)    Netlist Resource(s)
  -------------------------------------------------------------------    -------------------
                         (clock clk_out125_design_1_clk_wiz_0_0 rise edge)
                                                      0.000     0.000 r  
    BUFGCTRL_X0Y16       BUFG                         0.000     0.000 r  design_1_i/processing_system7_0/inst/buffer_fclk_clk_0.FCLK_CLK_0_BUFG/O
                         net (fo=883, routed)         0.548     0.548    design_1_i/clk_wiz_0/inst/clk_in1
    MMCME2_ADV_X0Y0      MMCME2_ADV (Prop_mmcme2_adv_CLKIN1_CLKOUT1)
                                                     -1.053    -0.506 r  design_1_i/clk_wiz_0/inst/mmcm_adv_inst/CLKOUT1
                         net (fo=1, routed)           0.482    -0.024    design_1_i/clk_wiz_0/inst/clk_out125_design_1_clk_wiz_0_0
    BUFGCTRL_X0Y1        BUFG (Prop_bufg_I_O)         0.026     0.002 r  design_1_i/clk_wiz_0/inst/clkout2_buf/O
                         net (fo=8, routed)           0.575     0.577    design_1_i/hdmi_tx_0/inst/serial_r/pix_clkx5
    OLOGIC_X0Y24         OSERDESE2                                    r  design_1_i/hdmi_tx_0/inst/serial_r/oserdes_m/CLK
  -------------------------------------------------------------------    -------------------
    OLOGIC_X0Y24         OSERDESE2 (Prop_oserdese2_CLK_OQ)
                                                      0.177     0.754 r  design_1_i/hdmi_tx_0/inst/serial_r/oserdes_m/OQ
                         net (fo=1, routed)           0.001     0.755    design_1_i/hdmi_tx_0/inst/TMDSINT_2
    N18                  OBUFDS (Prop_obufds_I_OB)    0.825     1.579 r  design_1_i/hdmi_tx_0/inst/OBUFDS_R/OB
                         net (fo=0)                   0.000     1.579    hdmi_tx_0_tmds_data_n[2]
    P19                                                               r  hdmi_tx_0_tmds_data_n[2] (OUT)
  -------------------------------------------------------------------    -------------------

Slack:                    inf
  Source:                 design_1_i/hdmi_tx_0/inst/serial_g/oserdes_m/CLK
                            (rising edge-triggered cell OSERDESE2 clocked by clk_out125_design_1_clk_wiz_0_0  {rise@0.000ns fall@4.000ns period=8.000ns})
  Destination:            hdmi_tx_0_tmds_data_p[1]
                            (output port)
  Path Group:             (none)
  Path Type:              Min at Fast Process Corner
  Data Path Delay:        1.005ns  (logic 1.004ns (99.901%)  route 0.001ns (0.099%))
  Logic Levels:           1  (OBUFDS=1)
  Clock Uncertainty:      0.246ns  ((TSJ^2 + DJ^2)^1/2) / 2 + PE
    Total System Jitter     (TSJ):    0.050ns
    Discrete Jitter          (DJ):    0.154ns
    Phase Error              (PE):    0.165ns

    Location             Delay type                Incr(ns)  Path(ns)    Netlist Resource(s)
  -------------------------------------------------------------------    -------------------
                         (clock clk_out125_design_1_clk_wiz_0_0 rise edge)
                                                      0.000     0.000 r  
    BUFGCTRL_X0Y16       BUFG                         0.000     0.000 r  design_1_i/processing_system7_0/inst/buffer_fclk_clk_0.FCLK_CLK_0_BUFG/O
                         net (fo=883, routed)         0.548     0.548    design_1_i/clk_wiz_0/inst/clk_in1
    MMCME2_ADV_X0Y0      MMCME2_ADV (Prop_mmcme2_adv_CLKIN1_CLKOUT1)
                                                     -1.053    -0.506 r  design_1_i/clk_wiz_0/inst/mmcm_adv_inst/CLKOUT1
                         net (fo=1, routed)           0.482    -0.024    design_1_i/clk_wiz_0/inst/clk_out125_design_1_clk_wiz_0_0
    BUFGCTRL_X0Y1        BUFG (Prop_bufg_I_O)         0.026     0.002 r  design_1_i/clk_wiz_0/inst/clkout2_buf/O
                         net (fo=8, routed)           0.583     0.585    design_1_i/hdmi_tx_0/inst/serial_g/pix_clkx5
    OLOGIC_X0Y4          OSERDESE2                                    r  design_1_i/hdmi_tx_0/inst/serial_g/oserdes_m/CLK
  -------------------------------------------------------------------    -------------------
    OLOGIC_X0Y4          OSERDESE2 (Prop_oserdese2_CLK_OQ)
                                                      0.177     0.762 r  design_1_i/hdmi_tx_0/inst/serial_g/oserdes_m/OQ
                         net (fo=1, routed)           0.001     0.763    design_1_i/hdmi_tx_0/inst/TMDSINT_1
    N17                  OBUFDS (Prop_obufds_I_O)     0.827     1.590 r  design_1_i/hdmi_tx_0/inst/OBUFDS_G/O
                         net (fo=0)                   0.000     1.590    hdmi_tx_0_tmds_data_p[1]
    N17                                                               r  hdmi_tx_0_tmds_data_p[1] (OUT)
  -------------------------------------------------------------------    -------------------

Slack:                    inf
  Source:                 design_1_i/hdmi_tx_0/inst/serial_g/oserdes_m/CLK
                            (rising edge-triggered cell OSERDESE2 clocked by clk_out125_design_1_clk_wiz_0_0  {rise@0.000ns fall@4.000ns period=8.000ns})
  Destination:            hdmi_tx_0_tmds_data_n[1]
                            (output port)
  Path Group:             (none)
  Path Type:              Min at Fast Process Corner
  Data Path Delay:        1.006ns  (logic 1.005ns (99.901%)  route 0.001ns (0.099%))
  Logic Levels:           1  (OBUFDS=1)
  Clock Uncertainty:      0.246ns  ((TSJ^2 + DJ^2)^1/2) / 2 + PE
    Total System Jitter     (TSJ):    0.050ns
    Discrete Jitter          (DJ):    0.154ns
    Phase Error              (PE):    0.165ns

    Location             Delay type                Incr(ns)  Path(ns)    Netlist Resource(s)
  -------------------------------------------------------------------    -------------------
                         (clock clk_out125_design_1_clk_wiz_0_0 rise edge)
                                                      0.000     0.000 r  
    BUFGCTRL_X0Y16       BUFG                         0.000     0.000 r  design_1_i/processing_system7_0/inst/buffer_fclk_clk_0.FCLK_CLK_0_BUFG/O
                         net (fo=883, routed)         0.548     0.548    design_1_i/clk_wiz_0/inst/clk_in1
    MMCME2_ADV_X0Y0      MMCME2_ADV (Prop_mmcme2_adv_CLKIN1_CLKOUT1)
                                                     -1.053    -0.506 r  design_1_i/clk_wiz_0/inst/mmcm_adv_inst/CLKOUT1
                         net (fo=1, routed)           0.482    -0.024    design_1_i/clk_wiz_0/inst/clk_out125_design_1_clk_wiz_0_0
    BUFGCTRL_X0Y1        BUFG (Prop_bufg_I_O)         0.026     0.002 r  design_1_i/clk_wiz_0/inst/clkout2_buf/O
                         net (fo=8, routed)           0.583     0.585    design_1_i/hdmi_tx_0/inst/serial_g/pix_clkx5
    OLOGIC_X0Y4          OSERDESE2                                    r  design_1_i/hdmi_tx_0/inst/serial_g/oserdes_m/CLK
  -------------------------------------------------------------------    -------------------
    OLOGIC_X0Y4          OSERDESE2 (Prop_oserdese2_CLK_OQ)
                                                      0.177     0.762 r  design_1_i/hdmi_tx_0/inst/serial_g/oserdes_m/OQ
                         net (fo=1, routed)           0.001     0.763    design_1_i/hdmi_tx_0/inst/TMDSINT_1
    N17                  OBUFDS (Prop_obufds_I_OB)    0.828     1.591 r  design_1_i/hdmi_tx_0/inst/OBUFDS_G/OB
                         net (fo=0)                   0.000     1.591    hdmi_tx_0_tmds_data_n[1]
    P18                                                               r  hdmi_tx_0_tmds_data_n[1] (OUT)
  -------------------------------------------------------------------    -------------------

Slack:                    inf
  Source:                 design_1_i/hdmi_tx_0/inst/serial_clk/oserdes_m/CLK
                            (rising edge-triggered cell OSERDESE2 clocked by clk_out125_design_1_clk_wiz_0_0  {rise@0.000ns fall@4.000ns period=8.000ns})
  Destination:            hdmi_tx_0_tmds_clk_p
                            (output port)
  Path Group:             (none)
  Path Type:              Min at Fast Process Corner
  Data Path Delay:        1.039ns  (logic 1.038ns (99.904%)  route 0.001ns (0.096%))
  Logic Levels:           1  (OBUFDS=1)
  Clock Uncertainty:      0.246ns  ((TSJ^2 + DJ^2)^1/2) / 2 + PE
    Total System Jitter     (TSJ):    0.050ns
    Discrete Jitter          (DJ):    0.154ns
    Phase Error              (PE):    0.165ns

    Location             Delay type                Incr(ns)  Path(ns)    Netlist Resource(s)
  -------------------------------------------------------------------    -------------------
                         (clock clk_out125_design_1_clk_wiz_0_0 rise edge)
                                                      0.000     0.000 r  
    BUFGCTRL_X0Y16       BUFG                         0.000     0.000 r  design_1_i/processing_system7_0/inst/buffer_fclk_clk_0.FCLK_CLK_0_BUFG/O
                         net (fo=883, routed)         0.548     0.548    design_1_i/clk_wiz_0/inst/clk_in1
    MMCME2_ADV_X0Y0      MMCME2_ADV (Prop_mmcme2_adv_CLKIN1_CLKOUT1)
                                                     -1.053    -0.506 r  design_1_i/clk_wiz_0/inst/mmcm_adv_inst/CLKOUT1
                         net (fo=1, routed)           0.482    -0.024    design_1_i/clk_wiz_0/inst/clk_out125_design_1_clk_wiz_0_0
    BUFGCTRL_X0Y1        BUFG (Prop_bufg_I_O)         0.026     0.002 r  design_1_i/clk_wiz_0/inst/clkout2_buf/O
                         net (fo=8, routed)           0.575     0.577    design_1_i/hdmi_tx_0/inst/serial_clk/pix_clkx5
    OLOGIC_X0Y26         OSERDESE2                                    r  design_1_i/hdmi_tx_0/inst/serial_clk/oserdes_m/CLK
  -------------------------------------------------------------------    -------------------
    OLOGIC_X0Y26         OSERDESE2 (Prop_oserdese2_CLK_OQ)
                                                      0.177     0.754 r  design_1_i/hdmi_tx_0/inst/serial_clk/oserdes_m/OQ
                         net (fo=1, routed)           0.001     0.755    design_1_i/hdmi_tx_0/inst/tmdsclk
    U18                  OBUFDS (Prop_obufds_I_O)     0.861     1.616 r  design_1_i/hdmi_tx_0/inst/OBUFDS_CLK/O
                         net (fo=0)                   0.000     1.616    hdmi_tx_0_tmds_clk_p
    U18                                                               r  hdmi_tx_0_tmds_clk_p (OUT)
  -------------------------------------------------------------------    -------------------

Slack:                    inf
  Source:                 design_1_i/hdmi_tx_0/inst/serial_clk/oserdes_m/CLK
                            (rising edge-triggered cell OSERDESE2 clocked by clk_out125_design_1_clk_wiz_0_0  {rise@0.000ns fall@4.000ns period=8.000ns})
  Destination:            hdmi_tx_0_tmds_clk_n
                            (output port)
  Path Group:             (none)
  Path Type:              Min at Fast Process Corner
  Data Path Delay:        1.040ns  (logic 1.039ns (99.904%)  route 0.001ns (0.096%))
  Logic Levels:           1  (OBUFDS=1)
  Clock Uncertainty:      0.246ns  ((TSJ^2 + DJ^2)^1/2) / 2 + PE
    Total System Jitter     (TSJ):    0.050ns
    Discrete Jitter          (DJ):    0.154ns
    Phase Error              (PE):    0.165ns

    Location             Delay type                Incr(ns)  Path(ns)    Netlist Resource(s)
  -------------------------------------------------------------------    -------------------
                         (clock clk_out125_design_1_clk_wiz_0_0 rise edge)
                                                      0.000     0.000 r  
    BUFGCTRL_X0Y16       BUFG                         0.000     0.000 r  design_1_i/processing_system7_0/inst/buffer_fclk_clk_0.FCLK_CLK_0_BUFG/O
                         net (fo=883, routed)         0.548     0.548    design_1_i/clk_wiz_0/inst/clk_in1
    MMCME2_ADV_X0Y0      MMCME2_ADV (Prop_mmcme2_adv_CLKIN1_CLKOUT1)
                                                     -1.053    -0.506 r  design_1_i/clk_wiz_0/inst/mmcm_adv_inst/CLKOUT1
                         net (fo=1, routed)           0.482    -0.024    design_1_i/clk_wiz_0/inst/clk_out125_design_1_clk_wiz_0_0
    BUFGCTRL_X0Y1        BUFG (Prop_bufg_I_O)         0.026     0.002 r  design_1_i/clk_wiz_0/inst/clkout2_buf/O
                         net (fo=8, routed)           0.575     0.577    design_1_i/hdmi_tx_0/inst/serial_clk/pix_clkx5
    OLOGIC_X0Y26         OSERDESE2                                    r  design_1_i/hdmi_tx_0/inst/serial_clk/oserdes_m/CLK
  -------------------------------------------------------------------    -------------------
    OLOGIC_X0Y26         OSERDESE2 (Prop_oserdese2_CLK_OQ)
                                                      0.177     0.754 r  design_1_i/hdmi_tx_0/inst/serial_clk/oserdes_m/OQ
                         net (fo=1, routed)           0.001     0.755    design_1_i/hdmi_tx_0/inst/tmdsclk
    U18                  OBUFDS (Prop_obufds_I_OB)    0.862     1.617 r  design_1_i/hdmi_tx_0/inst/OBUFDS_CLK/OB
                         net (fo=0)                   0.000     1.617    hdmi_tx_0_tmds_clk_n
    U19                                                               r  hdmi_tx_0_tmds_clk_n (OUT)
  -------------------------------------------------------------------    -------------------





--------------------------------------------------------------------------------------
Path Group:  (none)
From Clock:  clkfbout_design_1_clk_wiz_0_0
  To Clock:  

Max Delay             1 Endpoint
Min Delay             1 Endpoint
--------------------------------------------------------------------------------------


Max Delay Paths
--------------------------------------------------------------------------------------
Slack:                    inf
  Source:                 design_1_i/clk_wiz_0/inst/mmcm_adv_inst/CLKFBOUT
                            (clock source 'clkfbout_design_1_clk_wiz_0_0'  {rise@0.000ns fall@10.000ns period=20.000ns})
  Destination:            design_1_i/clk_wiz_0/inst/mmcm_adv_inst/CLKFBIN
  Path Group:             (none)
  Path Type:              Max at Slow Process Corner
  Data Path Delay:        3.538ns  (logic 0.101ns (2.855%)  route 3.437ns (97.145%))
  Logic Levels:           1  (BUFG=1)
  Clock Uncertainty:      0.225ns  ((TSJ^2 + DJ^2)^1/2) / 2 + PE
    Total System Jitter     (TSJ):    0.050ns
    Discrete Jitter          (DJ):    0.110ns
    Phase Error              (PE):    0.165ns

    Location             Delay type                Incr(ns)  Path(ns)    Netlist Resource(s)
  -------------------------------------------------------------------    -------------------
                         (clock clkfbout_design_1_clk_wiz_0_0 fall edge)
                                                     10.000    10.000 f  
    BUFGCTRL_X0Y16       BUFG                         0.000    10.000 f  design_1_i/processing_system7_0/inst/buffer_fclk_clk_0.FCLK_CLK_0_BUFG/O
                         net (fo=883, routed)         1.680    11.680    design_1_i/clk_wiz_0/inst/clk_in1
  -------------------------------------------------------------------    -------------------
    MMCME2_ADV_X0Y0      MMCME2_ADV (Prop_mmcme2_adv_CLKIN1_CLKFBOUT)
                                                     -3.538     8.142 f  design_1_i/clk_wiz_0/inst/mmcm_adv_inst/CLKFBOUT
                         net (fo=1, routed)           1.760     9.902    design_1_i/clk_wiz_0/inst/clkfbout_design_1_clk_wiz_0_0
    BUFGCTRL_X0Y3        BUFG (Prop_bufg_I_O)         0.101    10.003 f  design_1_i/clk_wiz_0/inst/clkf_buf/O
                         net (fo=1, routed)           1.677    11.680    design_1_i/clk_wiz_0/inst/clkfbout_buf_design_1_clk_wiz_0_0
    MMCME2_ADV_X0Y0      MMCME2_ADV                                   f  design_1_i/clk_wiz_0/inst/mmcm_adv_inst/CLKFBIN
  -------------------------------------------------------------------    -------------------





Min Delay Paths
--------------------------------------------------------------------------------------
Slack:                    inf
  Source:                 design_1_i/clk_wiz_0/inst/mmcm_adv_inst/CLKFBOUT
                            (clock source 'clkfbout_design_1_clk_wiz_0_0'  {rise@0.000ns fall@10.000ns period=20.000ns})
  Destination:            design_1_i/clk_wiz_0/inst/mmcm_adv_inst/CLKFBIN
  Path Group:             (none)
  Path Type:              Min at Fast Process Corner
  Data Path Delay:        1.053ns  (logic 0.026ns (2.468%)  route 1.028ns (97.532%))
  Logic Levels:           1  (BUFG=1)
  Clock Uncertainty:      0.225ns  ((TSJ^2 + DJ^2)^1/2) / 2 + PE
    Total System Jitter     (TSJ):    0.050ns
    Discrete Jitter          (DJ):    0.110ns
    Phase Error              (PE):    0.165ns

    Location             Delay type                Incr(ns)  Path(ns)    Netlist Resource(s)
  -------------------------------------------------------------------    -------------------
                         (clock clkfbout_design_1_clk_wiz_0_0 rise edge)
                                                      0.000     0.000 r  
    BUFGCTRL_X0Y16       BUFG                         0.000     0.000 r  design_1_i/processing_system7_0/inst/buffer_fclk_clk_0.FCLK_CLK_0_BUFG/O
                         net (fo=883, routed)         0.548     0.548    design_1_i/clk_wiz_0/inst/clk_in1
  -------------------------------------------------------------------    -------------------
    MMCME2_ADV_X0Y0      MMCME2_ADV (Prop_mmcme2_adv_CLKIN1_CLKFBOUT)
                                                     -1.053    -0.506 r  design_1_i/clk_wiz_0/inst/mmcm_adv_inst/CLKFBOUT
                         net (fo=1, routed)           0.482    -0.024    design_1_i/clk_wiz_0/inst/clkfbout_design_1_clk_wiz_0_0
    BUFGCTRL_X0Y3        BUFG (Prop_bufg_I_O)         0.026     0.002 r  design_1_i/clk_wiz_0/inst/clkf_buf/O
                         net (fo=1, routed)           0.546     0.548    design_1_i/clk_wiz_0/inst/clkfbout_buf_design_1_clk_wiz_0_0
    MMCME2_ADV_X0Y0      MMCME2_ADV                                   r  design_1_i/clk_wiz_0/inst/mmcm_adv_inst/CLKFBIN
  -------------------------------------------------------------------    -------------------





--------------------------------------------------------------------------------------
Path Group:  (none)
From Clock:  
  To Clock:  clk_out100_design_1_clk_wiz_0_0

Max Delay            62 Endpoints
Min Delay            62 Endpoints
--------------------------------------------------------------------------------------


Max Delay Paths
--------------------------------------------------------------------------------------
Slack:                    inf
  Source:                 reset_rtl_0
                            (input port)
  Destination:            design_1_i/seven_segment_clock_0/U0/counter_reg[10]/CLR
                            (recovery check against rising-edge clock clk_out100_design_1_clk_wiz_0_0  {rise@0.000ns fall@5.000ns period=10.000ns})
  Path Group:             (none)
  Path Type:              Recovery (Max at Slow Process Corner)
  Data Path Delay:        4.297ns  (logic 1.508ns (35.108%)  route 2.788ns (64.892%))
  Logic Levels:           1  (IBUF=1)
  Clock Path Skew:        1.502ns (DCD - SCD + CPR)
    Destination Clock Delay (DCD):    1.502ns
    Source Clock Delay      (SCD):    0.000ns
    Clock Pessimism Removal (CPR):    0.000ns
  Clock Uncertainty:      0.250ns  ((TSJ^2 + DJ^2)^1/2) / 2 + PE
    Total System Jitter     (TSJ):    0.050ns
    Discrete Jitter          (DJ):    0.162ns
    Phase Error              (PE):    0.165ns

    Location             Delay type                Incr(ns)  Path(ns)    Netlist Resource(s)
  -------------------------------------------------------------------    -------------------
    T14                                               0.000     0.000 f  reset_rtl_0 (IN)
                         net (fo=0)                   0.000     0.000    reset_rtl_0
    T14                  IBUF (Prop_ibuf_I_O)         1.508     1.508 f  reset_rtl_0_IBUF_inst/O
                         net (fo=72, routed)          2.788     4.297    design_1_i/seven_segment_clock_0/U0/reset
    SLICE_X17Y41         FDCE                                         f  design_1_i/seven_segment_clock_0/U0/counter_reg[10]/CLR
  -------------------------------------------------------------------    -------------------

                         (clock clk_out100_design_1_clk_wiz_0_0 rise edge)
                                                      0.000     0.000 r  
    BUFGCTRL_X0Y16       BUFG                         0.000     0.000 r  design_1_i/processing_system7_0/inst/buffer_fclk_clk_0.FCLK_CLK_0_BUFG/O
                         net (fo=883, routed)         1.490     1.490    design_1_i/clk_wiz_0/inst/clk_in1
    MMCME2_ADV_X0Y0      MMCME2_ADV (Prop_mmcme2_adv_CLKIN1_CLKOUT2)
                                                     -3.177    -1.687 r  design_1_i/clk_wiz_0/inst/mmcm_adv_inst/CLKOUT2
                         net (fo=1, routed)           1.599    -0.088    design_1_i/clk_wiz_0/inst/clk_out100_design_1_clk_wiz_0_0
    BUFGCTRL_X0Y2        BUFG (Prop_bufg_I_O)         0.091     0.003 r  design_1_i/clk_wiz_0/inst/clkout3_buf/O
                         net (fo=62, routed)          1.499     1.502    design_1_i/seven_segment_clock_0/U0/clk_100mhz
    SLICE_X17Y41         FDCE                                         r  design_1_i/seven_segment_clock_0/U0/counter_reg[10]/C

Slack:                    inf
  Source:                 reset_rtl_0
                            (input port)
  Destination:            design_1_i/seven_segment_clock_0/U0/counter_reg[11]/CLR
                            (recovery check against rising-edge clock clk_out100_design_1_clk_wiz_0_0  {rise@0.000ns fall@5.000ns period=10.000ns})
  Path Group:             (none)
  Path Type:              Recovery (Max at Slow Process Corner)
  Data Path Delay:        4.297ns  (logic 1.508ns (35.108%)  route 2.788ns (64.892%))
  Logic Levels:           1  (IBUF=1)
  Clock Path Skew:        1.502ns (DCD - SCD + CPR)
    Destination Clock Delay (DCD):    1.502ns
    Source Clock Delay      (SCD):    0.000ns
    Clock Pessimism Removal (CPR):    0.000ns
  Clock Uncertainty:      0.250ns  ((TSJ^2 + DJ^2)^1/2) / 2 + PE
    Total System Jitter     (TSJ):    0.050ns
    Discrete Jitter          (DJ):    0.162ns
    Phase Error              (PE):    0.165ns

    Location             Delay type                Incr(ns)  Path(ns)    Netlist Resource(s)
  -------------------------------------------------------------------    -------------------
    T14                                               0.000     0.000 f  reset_rtl_0 (IN)
                         net (fo=0)                   0.000     0.000    reset_rtl_0
    T14                  IBUF (Prop_ibuf_I_O)         1.508     1.508 f  reset_rtl_0_IBUF_inst/O
                         net (fo=72, routed)          2.788     4.297    design_1_i/seven_segment_clock_0/U0/reset
    SLICE_X17Y41         FDCE                                         f  design_1_i/seven_segment_clock_0/U0/counter_reg[11]/CLR
  -------------------------------------------------------------------    -------------------

                         (clock clk_out100_design_1_clk_wiz_0_0 rise edge)
                                                      0.000     0.000 r  
    BUFGCTRL_X0Y16       BUFG                         0.000     0.000 r  design_1_i/processing_system7_0/inst/buffer_fclk_clk_0.FCLK_CLK_0_BUFG/O
                         net (fo=883, routed)         1.490     1.490    design_1_i/clk_wiz_0/inst/clk_in1
    MMCME2_ADV_X0Y0      MMCME2_ADV (Prop_mmcme2_adv_CLKIN1_CLKOUT2)
                                                     -3.177    -1.687 r  design_1_i/clk_wiz_0/inst/mmcm_adv_inst/CLKOUT2
                         net (fo=1, routed)           1.599    -0.088    design_1_i/clk_wiz_0/inst/clk_out100_design_1_clk_wiz_0_0
    BUFGCTRL_X0Y2        BUFG (Prop_bufg_I_O)         0.091     0.003 r  design_1_i/clk_wiz_0/inst/clkout3_buf/O
                         net (fo=62, routed)          1.499     1.502    design_1_i/seven_segment_clock_0/U0/clk_100mhz
    SLICE_X17Y41         FDCE                                         r  design_1_i/seven_segment_clock_0/U0/counter_reg[11]/C

Slack:                    inf
  Source:                 reset_rtl_0
                            (input port)
  Destination:            design_1_i/seven_segment_clock_0/U0/counter_reg[12]/CLR
                            (recovery check against rising-edge clock clk_out100_design_1_clk_wiz_0_0  {rise@0.000ns fall@5.000ns period=10.000ns})
  Path Group:             (none)
  Path Type:              Recovery (Max at Slow Process Corner)
  Data Path Delay:        4.297ns  (logic 1.508ns (35.108%)  route 2.788ns (64.892%))
  Logic Levels:           1  (IBUF=1)
  Clock Path Skew:        1.502ns (DCD - SCD + CPR)
    Destination Clock Delay (DCD):    1.502ns
    Source Clock Delay      (SCD):    0.000ns
    Clock Pessimism Removal (CPR):    0.000ns
  Clock Uncertainty:      0.250ns  ((TSJ^2 + DJ^2)^1/2) / 2 + PE
    Total System Jitter     (TSJ):    0.050ns
    Discrete Jitter          (DJ):    0.162ns
    Phase Error              (PE):    0.165ns

    Location             Delay type                Incr(ns)  Path(ns)    Netlist Resource(s)
  -------------------------------------------------------------------    -------------------
    T14                                               0.000     0.000 f  reset_rtl_0 (IN)
                         net (fo=0)                   0.000     0.000    reset_rtl_0
    T14                  IBUF (Prop_ibuf_I_O)         1.508     1.508 f  reset_rtl_0_IBUF_inst/O
                         net (fo=72, routed)          2.788     4.297    design_1_i/seven_segment_clock_0/U0/reset
    SLICE_X17Y41         FDCE                                         f  design_1_i/seven_segment_clock_0/U0/counter_reg[12]/CLR
  -------------------------------------------------------------------    -------------------

                         (clock clk_out100_design_1_clk_wiz_0_0 rise edge)
                                                      0.000     0.000 r  
    BUFGCTRL_X0Y16       BUFG                         0.000     0.000 r  design_1_i/processing_system7_0/inst/buffer_fclk_clk_0.FCLK_CLK_0_BUFG/O
                         net (fo=883, routed)         1.490     1.490    design_1_i/clk_wiz_0/inst/clk_in1
    MMCME2_ADV_X0Y0      MMCME2_ADV (Prop_mmcme2_adv_CLKIN1_CLKOUT2)
                                                     -3.177    -1.687 r  design_1_i/clk_wiz_0/inst/mmcm_adv_inst/CLKOUT2
                         net (fo=1, routed)           1.599    -0.088    design_1_i/clk_wiz_0/inst/clk_out100_design_1_clk_wiz_0_0
    BUFGCTRL_X0Y2        BUFG (Prop_bufg_I_O)         0.091     0.003 r  design_1_i/clk_wiz_0/inst/clkout3_buf/O
                         net (fo=62, routed)          1.499     1.502    design_1_i/seven_segment_clock_0/U0/clk_100mhz
    SLICE_X17Y41         FDCE                                         r  design_1_i/seven_segment_clock_0/U0/counter_reg[12]/C

Slack:                    inf
  Source:                 reset_rtl_0
                            (input port)
  Destination:            design_1_i/seven_segment_clock_0/U0/counter_reg[13]/CLR
                            (recovery check against rising-edge clock clk_out100_design_1_clk_wiz_0_0  {rise@0.000ns fall@5.000ns period=10.000ns})
  Path Group:             (none)
  Path Type:              Recovery (Max at Slow Process Corner)
  Data Path Delay:        4.297ns  (logic 1.508ns (35.108%)  route 2.788ns (64.892%))
  Logic Levels:           1  (IBUF=1)
  Clock Path Skew:        1.502ns (DCD - SCD + CPR)
    Destination Clock Delay (DCD):    1.502ns
    Source Clock Delay      (SCD):    0.000ns
    Clock Pessimism Removal (CPR):    0.000ns
  Clock Uncertainty:      0.250ns  ((TSJ^2 + DJ^2)^1/2) / 2 + PE
    Total System Jitter     (TSJ):    0.050ns
    Discrete Jitter          (DJ):    0.162ns
    Phase Error              (PE):    0.165ns

    Location             Delay type                Incr(ns)  Path(ns)    Netlist Resource(s)
  -------------------------------------------------------------------    -------------------
    T14                                               0.000     0.000 f  reset_rtl_0 (IN)
                         net (fo=0)                   0.000     0.000    reset_rtl_0
    T14                  IBUF (Prop_ibuf_I_O)         1.508     1.508 f  reset_rtl_0_IBUF_inst/O
                         net (fo=72, routed)          2.788     4.297    design_1_i/seven_segment_clock_0/U0/reset
    SLICE_X17Y41         FDCE                                         f  design_1_i/seven_segment_clock_0/U0/counter_reg[13]/CLR
  -------------------------------------------------------------------    -------------------

                         (clock clk_out100_design_1_clk_wiz_0_0 rise edge)
                                                      0.000     0.000 r  
    BUFGCTRL_X0Y16       BUFG                         0.000     0.000 r  design_1_i/processing_system7_0/inst/buffer_fclk_clk_0.FCLK_CLK_0_BUFG/O
                         net (fo=883, routed)         1.490     1.490    design_1_i/clk_wiz_0/inst/clk_in1
    MMCME2_ADV_X0Y0      MMCME2_ADV (Prop_mmcme2_adv_CLKIN1_CLKOUT2)
                                                     -3.177    -1.687 r  design_1_i/clk_wiz_0/inst/mmcm_adv_inst/CLKOUT2
                         net (fo=1, routed)           1.599    -0.088    design_1_i/clk_wiz_0/inst/clk_out100_design_1_clk_wiz_0_0
    BUFGCTRL_X0Y2        BUFG (Prop_bufg_I_O)         0.091     0.003 r  design_1_i/clk_wiz_0/inst/clkout3_buf/O
                         net (fo=62, routed)          1.499     1.502    design_1_i/seven_segment_clock_0/U0/clk_100mhz
    SLICE_X17Y41         FDCE                                         r  design_1_i/seven_segment_clock_0/U0/counter_reg[13]/C

Slack:                    inf
  Source:                 reset_rtl_0
                            (input port)
  Destination:            design_1_i/seven_segment_clock_0/U0/counter_reg[8]/CLR
                            (recovery check against rising-edge clock clk_out100_design_1_clk_wiz_0_0  {rise@0.000ns fall@5.000ns period=10.000ns})
  Path Group:             (none)
  Path Type:              Recovery (Max at Slow Process Corner)
  Data Path Delay:        4.297ns  (logic 1.508ns (35.108%)  route 2.788ns (64.892%))
  Logic Levels:           1  (IBUF=1)
  Clock Path Skew:        1.502ns (DCD - SCD + CPR)
    Destination Clock Delay (DCD):    1.502ns
    Source Clock Delay      (SCD):    0.000ns
    Clock Pessimism Removal (CPR):    0.000ns
  Clock Uncertainty:      0.250ns  ((TSJ^2 + DJ^2)^1/2) / 2 + PE
    Total System Jitter     (TSJ):    0.050ns
    Discrete Jitter          (DJ):    0.162ns
    Phase Error              (PE):    0.165ns

    Location             Delay type                Incr(ns)  Path(ns)    Netlist Resource(s)
  -------------------------------------------------------------------    -------------------
    T14                                               0.000     0.000 f  reset_rtl_0 (IN)
                         net (fo=0)                   0.000     0.000    reset_rtl_0
    T14                  IBUF (Prop_ibuf_I_O)         1.508     1.508 f  reset_rtl_0_IBUF_inst/O
                         net (fo=72, routed)          2.788     4.297    design_1_i/seven_segment_clock_0/U0/reset
    SLICE_X17Y41         FDCE                                         f  design_1_i/seven_segment_clock_0/U0/counter_reg[8]/CLR
  -------------------------------------------------------------------    -------------------

                         (clock clk_out100_design_1_clk_wiz_0_0 rise edge)
                                                      0.000     0.000 r  
    BUFGCTRL_X0Y16       BUFG                         0.000     0.000 r  design_1_i/processing_system7_0/inst/buffer_fclk_clk_0.FCLK_CLK_0_BUFG/O
                         net (fo=883, routed)         1.490     1.490    design_1_i/clk_wiz_0/inst/clk_in1
    MMCME2_ADV_X0Y0      MMCME2_ADV (Prop_mmcme2_adv_CLKIN1_CLKOUT2)
                                                     -3.177    -1.687 r  design_1_i/clk_wiz_0/inst/mmcm_adv_inst/CLKOUT2
                         net (fo=1, routed)           1.599    -0.088    design_1_i/clk_wiz_0/inst/clk_out100_design_1_clk_wiz_0_0
    BUFGCTRL_X0Y2        BUFG (Prop_bufg_I_O)         0.091     0.003 r  design_1_i/clk_wiz_0/inst/clkout3_buf/O
                         net (fo=62, routed)          1.499     1.502    design_1_i/seven_segment_clock_0/U0/clk_100mhz
    SLICE_X17Y41         FDCE                                         r  design_1_i/seven_segment_clock_0/U0/counter_reg[8]/C

Slack:                    inf
  Source:                 reset_rtl_0
                            (input port)
  Destination:            design_1_i/seven_segment_clock_0/U0/counter_reg[9]/CLR
                            (recovery check against rising-edge clock clk_out100_design_1_clk_wiz_0_0  {rise@0.000ns fall@5.000ns period=10.000ns})
  Path Group:             (none)
  Path Type:              Recovery (Max at Slow Process Corner)
  Data Path Delay:        4.297ns  (logic 1.508ns (35.108%)  route 2.788ns (64.892%))
  Logic Levels:           1  (IBUF=1)
  Clock Path Skew:        1.502ns (DCD - SCD + CPR)
    Destination Clock Delay (DCD):    1.502ns
    Source Clock Delay      (SCD):    0.000ns
    Clock Pessimism Removal (CPR):    0.000ns
  Clock Uncertainty:      0.250ns  ((TSJ^2 + DJ^2)^1/2) / 2 + PE
    Total System Jitter     (TSJ):    0.050ns
    Discrete Jitter          (DJ):    0.162ns
    Phase Error              (PE):    0.165ns

    Location             Delay type                Incr(ns)  Path(ns)    Netlist Resource(s)
  -------------------------------------------------------------------    -------------------
    T14                                               0.000     0.000 f  reset_rtl_0 (IN)
                         net (fo=0)                   0.000     0.000    reset_rtl_0
    T14                  IBUF (Prop_ibuf_I_O)         1.508     1.508 f  reset_rtl_0_IBUF_inst/O
                         net (fo=72, routed)          2.788     4.297    design_1_i/seven_segment_clock_0/U0/reset
    SLICE_X17Y41         FDCE                                         f  design_1_i/seven_segment_clock_0/U0/counter_reg[9]/CLR
  -------------------------------------------------------------------    -------------------

                         (clock clk_out100_design_1_clk_wiz_0_0 rise edge)
                                                      0.000     0.000 r  
    BUFGCTRL_X0Y16       BUFG                         0.000     0.000 r  design_1_i/processing_system7_0/inst/buffer_fclk_clk_0.FCLK_CLK_0_BUFG/O
                         net (fo=883, routed)         1.490     1.490    design_1_i/clk_wiz_0/inst/clk_in1
    MMCME2_ADV_X0Y0      MMCME2_ADV (Prop_mmcme2_adv_CLKIN1_CLKOUT2)
                                                     -3.177    -1.687 r  design_1_i/clk_wiz_0/inst/mmcm_adv_inst/CLKOUT2
                         net (fo=1, routed)           1.599    -0.088    design_1_i/clk_wiz_0/inst/clk_out100_design_1_clk_wiz_0_0
    BUFGCTRL_X0Y2        BUFG (Prop_bufg_I_O)         0.091     0.003 r  design_1_i/clk_wiz_0/inst/clkout3_buf/O
                         net (fo=62, routed)          1.499     1.502    design_1_i/seven_segment_clock_0/U0/clk_100mhz
    SLICE_X17Y41         FDCE                                         r  design_1_i/seven_segment_clock_0/U0/counter_reg[9]/C

Slack:                    inf
  Source:                 reset_rtl_0
                            (input port)
  Destination:            design_1_i/seven_segment_clock_0/U0/clk_state_reg/CLR
                            (recovery check against rising-edge clock clk_out100_design_1_clk_wiz_0_0  {rise@0.000ns fall@5.000ns period=10.000ns})
  Path Group:             (none)
  Path Type:              Recovery (Max at Slow Process Corner)
  Data Path Delay:        4.197ns  (logic 1.508ns (35.938%)  route 2.689ns (64.062%))
  Logic Levels:           1  (IBUF=1)
  Clock Path Skew:        1.501ns (DCD - SCD + CPR)
    Destination Clock Delay (DCD):    1.501ns
    Source Clock Delay      (SCD):    0.000ns
    Clock Pessimism Removal (CPR):    0.000ns
  Clock Uncertainty:      0.250ns  ((TSJ^2 + DJ^2)^1/2) / 2 + PE
    Total System Jitter     (TSJ):    0.050ns
    Discrete Jitter          (DJ):    0.162ns
    Phase Error              (PE):    0.165ns

    Location             Delay type                Incr(ns)  Path(ns)    Netlist Resource(s)
  -------------------------------------------------------------------    -------------------
    T14                                               0.000     0.000 f  reset_rtl_0 (IN)
                         net (fo=0)                   0.000     0.000    reset_rtl_0
    T14                  IBUF (Prop_ibuf_I_O)         1.508     1.508 f  reset_rtl_0_IBUF_inst/O
                         net (fo=72, routed)          2.689     4.197    design_1_i/seven_segment_clock_0/U0/reset
    SLICE_X17Y39         FDCE                                         f  design_1_i/seven_segment_clock_0/U0/clk_state_reg/CLR
  -------------------------------------------------------------------    -------------------

                         (clock clk_out100_design_1_clk_wiz_0_0 rise edge)
                                                      0.000     0.000 r  
    BUFGCTRL_X0Y16       BUFG                         0.000     0.000 r  design_1_i/processing_system7_0/inst/buffer_fclk_clk_0.FCLK_CLK_0_BUFG/O
                         net (fo=883, routed)         1.490     1.490    design_1_i/clk_wiz_0/inst/clk_in1
    MMCME2_ADV_X0Y0      MMCME2_ADV (Prop_mmcme2_adv_CLKIN1_CLKOUT2)
                                                     -3.177    -1.687 r  design_1_i/clk_wiz_0/inst/mmcm_adv_inst/CLKOUT2
                         net (fo=1, routed)           1.599    -0.088    design_1_i/clk_wiz_0/inst/clk_out100_design_1_clk_wiz_0_0
    BUFGCTRL_X0Y2        BUFG (Prop_bufg_I_O)         0.091     0.003 r  design_1_i/clk_wiz_0/inst/clkout3_buf/O
                         net (fo=62, routed)          1.498     1.501    design_1_i/seven_segment_clock_0/U0/clk_100mhz
    SLICE_X17Y39         FDCE                                         r  design_1_i/seven_segment_clock_0/U0/clk_state_reg/C

Slack:                    inf
  Source:                 reset_rtl_0
                            (input port)
  Destination:            design_1_i/seven_segment_clock_0/U0/counter_reg[0]/CLR
                            (recovery check against rising-edge clock clk_out100_design_1_clk_wiz_0_0  {rise@0.000ns fall@5.000ns period=10.000ns})
  Path Group:             (none)
  Path Type:              Recovery (Max at Slow Process Corner)
  Data Path Delay:        4.197ns  (logic 1.508ns (35.938%)  route 2.689ns (64.062%))
  Logic Levels:           1  (IBUF=1)
  Clock Path Skew:        1.501ns (DCD - SCD + CPR)
    Destination Clock Delay (DCD):    1.501ns
    Source Clock Delay      (SCD):    0.000ns
    Clock Pessimism Removal (CPR):    0.000ns
  Clock Uncertainty:      0.250ns  ((TSJ^2 + DJ^2)^1/2) / 2 + PE
    Total System Jitter     (TSJ):    0.050ns
    Discrete Jitter          (DJ):    0.162ns
    Phase Error              (PE):    0.165ns

    Location             Delay type                Incr(ns)  Path(ns)    Netlist Resource(s)
  -------------------------------------------------------------------    -------------------
    T14                                               0.000     0.000 f  reset_rtl_0 (IN)
                         net (fo=0)                   0.000     0.000    reset_rtl_0
    T14                  IBUF (Prop_ibuf_I_O)         1.508     1.508 f  reset_rtl_0_IBUF_inst/O
                         net (fo=72, routed)          2.689     4.197    design_1_i/seven_segment_clock_0/U0/reset
    SLICE_X17Y39         FDCE                                         f  design_1_i/seven_segment_clock_0/U0/counter_reg[0]/CLR
  -------------------------------------------------------------------    -------------------

                         (clock clk_out100_design_1_clk_wiz_0_0 rise edge)
                                                      0.000     0.000 r  
    BUFGCTRL_X0Y16       BUFG                         0.000     0.000 r  design_1_i/processing_system7_0/inst/buffer_fclk_clk_0.FCLK_CLK_0_BUFG/O
                         net (fo=883, routed)         1.490     1.490    design_1_i/clk_wiz_0/inst/clk_in1
    MMCME2_ADV_X0Y0      MMCME2_ADV (Prop_mmcme2_adv_CLKIN1_CLKOUT2)
                                                     -3.177    -1.687 r  design_1_i/clk_wiz_0/inst/mmcm_adv_inst/CLKOUT2
                         net (fo=1, routed)           1.599    -0.088    design_1_i/clk_wiz_0/inst/clk_out100_design_1_clk_wiz_0_0
    BUFGCTRL_X0Y2        BUFG (Prop_bufg_I_O)         0.091     0.003 r  design_1_i/clk_wiz_0/inst/clkout3_buf/O
                         net (fo=62, routed)          1.498     1.501    design_1_i/seven_segment_clock_0/U0/clk_100mhz
    SLICE_X17Y39         FDCE                                         r  design_1_i/seven_segment_clock_0/U0/counter_reg[0]/C

Slack:                    inf
  Source:                 reset_rtl_0
                            (input port)
  Destination:            design_1_i/seven_segment_clock_0/U0/counter_reg[1]/CLR
                            (recovery check against rising-edge clock clk_out100_design_1_clk_wiz_0_0  {rise@0.000ns fall@5.000ns period=10.000ns})
  Path Group:             (none)
  Path Type:              Recovery (Max at Slow Process Corner)
  Data Path Delay:        4.197ns  (logic 1.508ns (35.938%)  route 2.689ns (64.062%))
  Logic Levels:           1  (IBUF=1)
  Clock Path Skew:        1.501ns (DCD - SCD + CPR)
    Destination Clock Delay (DCD):    1.501ns
    Source Clock Delay      (SCD):    0.000ns
    Clock Pessimism Removal (CPR):    0.000ns
  Clock Uncertainty:      0.250ns  ((TSJ^2 + DJ^2)^1/2) / 2 + PE
    Total System Jitter     (TSJ):    0.050ns
    Discrete Jitter          (DJ):    0.162ns
    Phase Error              (PE):    0.165ns

    Location             Delay type                Incr(ns)  Path(ns)    Netlist Resource(s)
  -------------------------------------------------------------------    -------------------
    T14                                               0.000     0.000 f  reset_rtl_0 (IN)
                         net (fo=0)                   0.000     0.000    reset_rtl_0
    T14                  IBUF (Prop_ibuf_I_O)         1.508     1.508 f  reset_rtl_0_IBUF_inst/O
                         net (fo=72, routed)          2.689     4.197    design_1_i/seven_segment_clock_0/U0/reset
    SLICE_X17Y39         FDCE                                         f  design_1_i/seven_segment_clock_0/U0/counter_reg[1]/CLR
  -------------------------------------------------------------------    -------------------

                         (clock clk_out100_design_1_clk_wiz_0_0 rise edge)
                                                      0.000     0.000 r  
    BUFGCTRL_X0Y16       BUFG                         0.000     0.000 r  design_1_i/processing_system7_0/inst/buffer_fclk_clk_0.FCLK_CLK_0_BUFG/O
                         net (fo=883, routed)         1.490     1.490    design_1_i/clk_wiz_0/inst/clk_in1
    MMCME2_ADV_X0Y0      MMCME2_ADV (Prop_mmcme2_adv_CLKIN1_CLKOUT2)
                                                     -3.177    -1.687 r  design_1_i/clk_wiz_0/inst/mmcm_adv_inst/CLKOUT2
                         net (fo=1, routed)           1.599    -0.088    design_1_i/clk_wiz_0/inst/clk_out100_design_1_clk_wiz_0_0
    BUFGCTRL_X0Y2        BUFG (Prop_bufg_I_O)         0.091     0.003 r  design_1_i/clk_wiz_0/inst/clkout3_buf/O
                         net (fo=62, routed)          1.498     1.501    design_1_i/seven_segment_clock_0/U0/clk_100mhz
    SLICE_X17Y39         FDCE                                         r  design_1_i/seven_segment_clock_0/U0/counter_reg[1]/C

Slack:                    inf
  Source:                 reset_rtl_0
                            (input port)
  Destination:            design_1_i/seven_segment_clock_0/U0/counter_reg[2]/CLR
                            (recovery check against rising-edge clock clk_out100_design_1_clk_wiz_0_0  {rise@0.000ns fall@5.000ns period=10.000ns})
  Path Group:             (none)
  Path Type:              Recovery (Max at Slow Process Corner)
  Data Path Delay:        4.197ns  (logic 1.508ns (35.938%)  route 2.689ns (64.062%))
  Logic Levels:           1  (IBUF=1)
  Clock Path Skew:        1.501ns (DCD - SCD + CPR)
    Destination Clock Delay (DCD):    1.501ns
    Source Clock Delay      (SCD):    0.000ns
    Clock Pessimism Removal (CPR):    0.000ns
  Clock Uncertainty:      0.250ns  ((TSJ^2 + DJ^2)^1/2) / 2 + PE
    Total System Jitter     (TSJ):    0.050ns
    Discrete Jitter          (DJ):    0.162ns
    Phase Error              (PE):    0.165ns

    Location             Delay type                Incr(ns)  Path(ns)    Netlist Resource(s)
  -------------------------------------------------------------------    -------------------
    T14                                               0.000     0.000 f  reset_rtl_0 (IN)
                         net (fo=0)                   0.000     0.000    reset_rtl_0
    T14                  IBUF (Prop_ibuf_I_O)         1.508     1.508 f  reset_rtl_0_IBUF_inst/O
                         net (fo=72, routed)          2.689     4.197    design_1_i/seven_segment_clock_0/U0/reset
    SLICE_X17Y39         FDCE                                         f  design_1_i/seven_segment_clock_0/U0/counter_reg[2]/CLR
  -------------------------------------------------------------------    -------------------

                         (clock clk_out100_design_1_clk_wiz_0_0 rise edge)
                                                      0.000     0.000 r  
    BUFGCTRL_X0Y16       BUFG                         0.000     0.000 r  design_1_i/processing_system7_0/inst/buffer_fclk_clk_0.FCLK_CLK_0_BUFG/O
                         net (fo=883, routed)         1.490     1.490    design_1_i/clk_wiz_0/inst/clk_in1
    MMCME2_ADV_X0Y0      MMCME2_ADV (Prop_mmcme2_adv_CLKIN1_CLKOUT2)
                                                     -3.177    -1.687 r  design_1_i/clk_wiz_0/inst/mmcm_adv_inst/CLKOUT2
                         net (fo=1, routed)           1.599    -0.088    design_1_i/clk_wiz_0/inst/clk_out100_design_1_clk_wiz_0_0
    BUFGCTRL_X0Y2        BUFG (Prop_bufg_I_O)         0.091     0.003 r  design_1_i/clk_wiz_0/inst/clkout3_buf/O
                         net (fo=62, routed)          1.498     1.501    design_1_i/seven_segment_clock_0/U0/clk_100mhz
    SLICE_X17Y39         FDCE                                         r  design_1_i/seven_segment_clock_0/U0/counter_reg[2]/C





Min Delay Paths
--------------------------------------------------------------------------------------
Slack:                    inf
  Source:                 design_1_i/game_logic_0/U0/snake_y_reg_reg[8]/C
                            (rising edge-triggered cell FDRE)
  Destination:            design_1_i/test_axi_gpio_0/U0/gpio_out_reg[12]/D
                            (rising edge-triggered cell FDRE clocked by clk_out100_design_1_clk_wiz_0_0  {rise@0.000ns fall@5.000ns period=10.000ns})
  Path Group:             (none)
  Path Type:              Hold (Min at Fast Process Corner)
  Data Path Delay:        0.308ns  (logic 0.164ns (53.231%)  route 0.144ns (46.769%))
  Logic Levels:           1  (FDRE=1)
  Clock Uncertainty:      0.250ns  ((TSJ^2 + DJ^2)^1/2) / 2 + PE
    Total System Jitter     (TSJ):    0.050ns
    Discrete Jitter          (DJ):    0.162ns
    Phase Error              (PE):    0.165ns

    Location             Delay type                Incr(ns)  Path(ns)    Netlist Resource(s)
  -------------------------------------------------------------------    -------------------
    SLICE_X12Y36         FDRE                         0.000     0.000 r  design_1_i/game_logic_0/U0/snake_y_reg_reg[8]/C
    SLICE_X12Y36         FDRE (Prop_fdre_C_Q)         0.164     0.164 r  design_1_i/game_logic_0/U0/snake_y_reg_reg[8]/Q
                         net (fo=12, routed)          0.144     0.308    design_1_i/test_axi_gpio_0/U0/D[12]
    SLICE_X12Y37         FDRE                                         r  design_1_i/test_axi_gpio_0/U0/gpio_out_reg[12]/D
  -------------------------------------------------------------------    -------------------

                         (clock clk_out100_design_1_clk_wiz_0_0 rise edge)
                                                      0.000     0.000 r  
    BUFGCTRL_X0Y16       BUFG                         0.000     0.000 r  design_1_i/processing_system7_0/inst/buffer_fclk_clk_0.FCLK_CLK_0_BUFG/O
                         net (fo=883, routed)         0.814     0.814    design_1_i/clk_wiz_0/inst/clk_in1
    MMCME2_ADV_X0Y0      MMCME2_ADV (Prop_mmcme2_adv_CLKIN1_CLKOUT2)
                                                     -1.369    -0.555 r  design_1_i/clk_wiz_0/inst/mmcm_adv_inst/CLKOUT2
                         net (fo=1, routed)           0.528    -0.027    design_1_i/clk_wiz_0/inst/clk_out100_design_1_clk_wiz_0_0
    BUFGCTRL_X0Y2        BUFG (Prop_bufg_I_O)         0.029     0.002 r  design_1_i/clk_wiz_0/inst/clkout3_buf/O
                         net (fo=62, routed)          0.830     0.832    design_1_i/test_axi_gpio_0/U0/clk
    SLICE_X12Y37         FDRE                                         r  design_1_i/test_axi_gpio_0/U0/gpio_out_reg[12]/C

Slack:                    inf
  Source:                 design_1_i/game_logic_0/U0/pellet_index_reg[2]/C
                            (rising edge-triggered cell FDRE)
  Destination:            design_1_i/test_axi_gpio_0/U0/gpio_out_reg[2]/D
                            (rising edge-triggered cell FDRE clocked by clk_out100_design_1_clk_wiz_0_0  {rise@0.000ns fall@5.000ns period=10.000ns})
  Path Group:             (none)
  Path Type:              Hold (Min at Fast Process Corner)
  Data Path Delay:        0.393ns  (logic 0.141ns (35.899%)  route 0.252ns (64.101%))
  Logic Levels:           1  (FDRE=1)
  Clock Uncertainty:      0.250ns  ((TSJ^2 + DJ^2)^1/2) / 2 + PE
    Total System Jitter     (TSJ):    0.050ns
    Discrete Jitter          (DJ):    0.162ns
    Phase Error              (PE):    0.165ns

    Location             Delay type                Incr(ns)  Path(ns)    Netlist Resource(s)
  -------------------------------------------------------------------    -------------------
    SLICE_X13Y36         FDRE                         0.000     0.000 r  design_1_i/game_logic_0/U0/pellet_index_reg[2]/C
    SLICE_X13Y36         FDRE (Prop_fdre_C_Q)         0.141     0.141 r  design_1_i/game_logic_0/U0/pellet_index_reg[2]/Q
                         net (fo=54, routed)          0.252     0.393    design_1_i/test_axi_gpio_0/U0/D[2]
    SLICE_X10Y38         FDRE                                         r  design_1_i/test_axi_gpio_0/U0/gpio_out_reg[2]/D
  -------------------------------------------------------------------    -------------------

                         (clock clk_out100_design_1_clk_wiz_0_0 rise edge)
                                                      0.000     0.000 r  
    BUFGCTRL_X0Y16       BUFG                         0.000     0.000 r  design_1_i/processing_system7_0/inst/buffer_fclk_clk_0.FCLK_CLK_0_BUFG/O
                         net (fo=883, routed)         0.814     0.814    design_1_i/clk_wiz_0/inst/clk_in1
    MMCME2_ADV_X0Y0      MMCME2_ADV (Prop_mmcme2_adv_CLKIN1_CLKOUT2)
                                                     -1.369    -0.555 r  design_1_i/clk_wiz_0/inst/mmcm_adv_inst/CLKOUT2
                         net (fo=1, routed)           0.528    -0.027    design_1_i/clk_wiz_0/inst/clk_out100_design_1_clk_wiz_0_0
    BUFGCTRL_X0Y2        BUFG (Prop_bufg_I_O)         0.029     0.002 r  design_1_i/clk_wiz_0/inst/clkout3_buf/O
                         net (fo=62, routed)          0.832     0.834    design_1_i/test_axi_gpio_0/U0/clk
    SLICE_X10Y38         FDRE                                         r  design_1_i/test_axi_gpio_0/U0/gpio_out_reg[2]/C

Slack:                    inf
  Source:                 design_1_i/game_logic_0/U0/snake_y_reg_reg[9]/C
                            (rising edge-triggered cell FDRE)
  Destination:            design_1_i/test_axi_gpio_0/U0/gpio_out_reg[13]/D
                            (rising edge-triggered cell FDRE clocked by clk_out100_design_1_clk_wiz_0_0  {rise@0.000ns fall@5.000ns period=10.000ns})
  Path Group:             (none)
  Path Type:              Hold (Min at Fast Process Corner)
  Data Path Delay:        0.395ns  (logic 0.164ns (41.552%)  route 0.231ns (58.448%))
  Logic Levels:           1  (FDRE=1)
  Clock Uncertainty:      0.250ns  ((TSJ^2 + DJ^2)^1/2) / 2 + PE
    Total System Jitter     (TSJ):    0.050ns
    Discrete Jitter          (DJ):    0.162ns
    Phase Error              (PE):    0.165ns

    Location             Delay type                Incr(ns)  Path(ns)    Netlist Resource(s)
  -------------------------------------------------------------------    -------------------
    SLICE_X12Y36         FDRE                         0.000     0.000 r  design_1_i/game_logic_0/U0/snake_y_reg_reg[9]/C
    SLICE_X12Y36         FDRE (Prop_fdre_C_Q)         0.164     0.164 r  design_1_i/game_logic_0/U0/snake_y_reg_reg[9]/Q
                         net (fo=10, routed)          0.231     0.395    design_1_i/test_axi_gpio_0/U0/D[13]
    SLICE_X9Y36          FDRE                                         r  design_1_i/test_axi_gpio_0/U0/gpio_out_reg[13]/D
  -------------------------------------------------------------------    -------------------

                         (clock clk_out100_design_1_clk_wiz_0_0 rise edge)
                                                      0.000     0.000 r  
    BUFGCTRL_X0Y16       BUFG                         0.000     0.000 r  design_1_i/processing_system7_0/inst/buffer_fclk_clk_0.FCLK_CLK_0_BUFG/O
                         net (fo=883, routed)         0.814     0.814    design_1_i/clk_wiz_0/inst/clk_in1
    MMCME2_ADV_X0Y0      MMCME2_ADV (Prop_mmcme2_adv_CLKIN1_CLKOUT2)
                                                     -1.369    -0.555 r  design_1_i/clk_wiz_0/inst/mmcm_adv_inst/CLKOUT2
                         net (fo=1, routed)           0.528    -0.027    design_1_i/clk_wiz_0/inst/clk_out100_design_1_clk_wiz_0_0
    BUFGCTRL_X0Y2        BUFG (Prop_bufg_I_O)         0.029     0.002 r  design_1_i/clk_wiz_0/inst/clkout3_buf/O
                         net (fo=62, routed)          0.829     0.831    design_1_i/test_axi_gpio_0/U0/clk
    SLICE_X9Y36          FDRE                                         r  design_1_i/test_axi_gpio_0/U0/gpio_out_reg[13]/C

Slack:                    inf
  Source:                 design_1_i/game_logic_0/U0/pellet_index_reg[3]/C
                            (rising edge-triggered cell FDRE)
  Destination:            design_1_i/test_axi_gpio_0/U0/gpio_out_reg[3]/D
                            (rising edge-triggered cell FDRE clocked by clk_out100_design_1_clk_wiz_0_0  {rise@0.000ns fall@5.000ns period=10.000ns})
  Path Group:             (none)
  Path Type:              Hold (Min at Fast Process Corner)
  Data Path Delay:        0.409ns  (logic 0.128ns (31.300%)  route 0.281ns (68.700%))
  Logic Levels:           1  (FDRE=1)
  Clock Uncertainty:      0.250ns  ((TSJ^2 + DJ^2)^1/2) / 2 + PE
    Total System Jitter     (TSJ):    0.050ns
    Discrete Jitter          (DJ):    0.162ns
    Phase Error              (PE):    0.165ns

    Location             Delay type                Incr(ns)  Path(ns)    Netlist Resource(s)
  -------------------------------------------------------------------    -------------------
    SLICE_X13Y36         FDRE                         0.000     0.000 r  design_1_i/game_logic_0/U0/pellet_index_reg[3]/C
    SLICE_X13Y36         FDRE (Prop_fdre_C_Q)         0.128     0.128 r  design_1_i/game_logic_0/U0/pellet_index_reg[3]/Q
                         net (fo=61, routed)          0.281     0.409    design_1_i/test_axi_gpio_0/U0/D[3]
    SLICE_X10Y38         FDRE                                         r  design_1_i/test_axi_gpio_0/U0/gpio_out_reg[3]/D
  -------------------------------------------------------------------    -------------------

                         (clock clk_out100_design_1_clk_wiz_0_0 rise edge)
                                                      0.000     0.000 r  
    BUFGCTRL_X0Y16       BUFG                         0.000     0.000 r  design_1_i/processing_system7_0/inst/buffer_fclk_clk_0.FCLK_CLK_0_BUFG/O
                         net (fo=883, routed)         0.814     0.814    design_1_i/clk_wiz_0/inst/clk_in1
    MMCME2_ADV_X0Y0      MMCME2_ADV (Prop_mmcme2_adv_CLKIN1_CLKOUT2)
                                                     -1.369    -0.555 r  design_1_i/clk_wiz_0/inst/mmcm_adv_inst/CLKOUT2
                         net (fo=1, routed)           0.528    -0.027    design_1_i/clk_wiz_0/inst/clk_out100_design_1_clk_wiz_0_0
    BUFGCTRL_X0Y2        BUFG (Prop_bufg_I_O)         0.029     0.002 r  design_1_i/clk_wiz_0/inst/clkout3_buf/O
                         net (fo=62, routed)          0.832     0.834    design_1_i/test_axi_gpio_0/U0/clk
    SLICE_X10Y38         FDRE                                         r  design_1_i/test_axi_gpio_0/U0/gpio_out_reg[3]/C

Slack:                    inf
  Source:                 design_1_i/game_logic_0/U0/snake_y_reg_reg[6]/C
                            (rising edge-triggered cell FDSE)
  Destination:            design_1_i/test_axi_gpio_0/U0/gpio_out_reg[10]/D
                            (rising edge-triggered cell FDRE clocked by clk_out100_design_1_clk_wiz_0_0  {rise@0.000ns fall@5.000ns period=10.000ns})
  Path Group:             (none)
  Path Type:              Hold (Min at Fast Process Corner)
  Data Path Delay:        0.431ns  (logic 0.164ns (38.071%)  route 0.267ns (61.929%))
  Logic Levels:           1  (FDSE=1)
  Clock Uncertainty:      0.250ns  ((TSJ^2 + DJ^2)^1/2) / 2 + PE
    Total System Jitter     (TSJ):    0.050ns
    Discrete Jitter          (DJ):    0.162ns
    Phase Error              (PE):    0.165ns

    Location             Delay type                Incr(ns)  Path(ns)    Netlist Resource(s)
  -------------------------------------------------------------------    -------------------
    SLICE_X12Y35         FDSE                         0.000     0.000 r  design_1_i/game_logic_0/U0/snake_y_reg_reg[6]/C
    SLICE_X12Y35         FDSE (Prop_fdse_C_Q)         0.164     0.164 r  design_1_i/game_logic_0/U0/snake_y_reg_reg[6]/Q
                         net (fo=17, routed)          0.267     0.431    design_1_i/test_axi_gpio_0/U0/D[10]
    SLICE_X9Y36          FDRE                                         r  design_1_i/test_axi_gpio_0/U0/gpio_out_reg[10]/D
  -------------------------------------------------------------------    -------------------

                         (clock clk_out100_design_1_clk_wiz_0_0 rise edge)
                                                      0.000     0.000 r  
    BUFGCTRL_X0Y16       BUFG                         0.000     0.000 r  design_1_i/processing_system7_0/inst/buffer_fclk_clk_0.FCLK_CLK_0_BUFG/O
                         net (fo=883, routed)         0.814     0.814    design_1_i/clk_wiz_0/inst/clk_in1
    MMCME2_ADV_X0Y0      MMCME2_ADV (Prop_mmcme2_adv_CLKIN1_CLKOUT2)
                                                     -1.369    -0.555 r  design_1_i/clk_wiz_0/inst/mmcm_adv_inst/CLKOUT2
                         net (fo=1, routed)           0.528    -0.027    design_1_i/clk_wiz_0/inst/clk_out100_design_1_clk_wiz_0_0
    BUFGCTRL_X0Y2        BUFG (Prop_bufg_I_O)         0.029     0.002 r  design_1_i/clk_wiz_0/inst/clkout3_buf/O
                         net (fo=62, routed)          0.829     0.831    design_1_i/test_axi_gpio_0/U0/clk
    SLICE_X9Y36          FDRE                                         r  design_1_i/test_axi_gpio_0/U0/gpio_out_reg[10]/C

Slack:                    inf
  Source:                 design_1_i/game_logic_0/U0/snake_x_reg_reg[9]/C
                            (rising edge-triggered cell FDRE)
  Destination:            design_1_i/test_axi_gpio_0/U0/gpio_out_reg[23]/D
                            (rising edge-triggered cell FDRE clocked by clk_out100_design_1_clk_wiz_0_0  {rise@0.000ns fall@5.000ns period=10.000ns})
  Path Group:             (none)
  Path Type:              Hold (Min at Fast Process Corner)
  Data Path Delay:        0.452ns  (logic 0.141ns (31.187%)  route 0.311ns (68.813%))
  Logic Levels:           1  (FDRE=1)
  Clock Uncertainty:      0.250ns  ((TSJ^2 + DJ^2)^1/2) / 2 + PE
    Total System Jitter     (TSJ):    0.050ns
    Discrete Jitter          (DJ):    0.162ns
    Phase Error              (PE):    0.165ns

    Location             Delay type                Incr(ns)  Path(ns)    Netlist Resource(s)
  -------------------------------------------------------------------    -------------------
    SLICE_X15Y38         FDRE                         0.000     0.000 r  design_1_i/game_logic_0/U0/snake_x_reg_reg[9]/C
    SLICE_X15Y38         FDRE (Prop_fdre_C_Q)         0.141     0.141 r  design_1_i/game_logic_0/U0/snake_x_reg_reg[9]/Q
                         net (fo=10, routed)          0.311     0.452    design_1_i/test_axi_gpio_0/U0/D[23]
    SLICE_X12Y38         FDRE                                         r  design_1_i/test_axi_gpio_0/U0/gpio_out_reg[23]/D
  -------------------------------------------------------------------    -------------------

                         (clock clk_out100_design_1_clk_wiz_0_0 rise edge)
                                                      0.000     0.000 r  
    BUFGCTRL_X0Y16       BUFG                         0.000     0.000 r  design_1_i/processing_system7_0/inst/buffer_fclk_clk_0.FCLK_CLK_0_BUFG/O
                         net (fo=883, routed)         0.814     0.814    design_1_i/clk_wiz_0/inst/clk_in1
    MMCME2_ADV_X0Y0      MMCME2_ADV (Prop_mmcme2_adv_CLKIN1_CLKOUT2)
                                                     -1.369    -0.555 r  design_1_i/clk_wiz_0/inst/mmcm_adv_inst/CLKOUT2
                         net (fo=1, routed)           0.528    -0.027    design_1_i/clk_wiz_0/inst/clk_out100_design_1_clk_wiz_0_0
    BUFGCTRL_X0Y2        BUFG (Prop_bufg_I_O)         0.029     0.002 r  design_1_i/clk_wiz_0/inst/clkout3_buf/O
                         net (fo=62, routed)          0.832     0.834    design_1_i/test_axi_gpio_0/U0/clk
    SLICE_X12Y38         FDRE                                         r  design_1_i/test_axi_gpio_0/U0/gpio_out_reg[23]/C

Slack:                    inf
  Source:                 design_1_i/game_logic_0/U0/snake_x_reg_reg[4]/C
                            (rising edge-triggered cell FDRE)
  Destination:            design_1_i/test_axi_gpio_0/U0/gpio_out_reg[18]/D
                            (rising edge-triggered cell FDRE clocked by clk_out100_design_1_clk_wiz_0_0  {rise@0.000ns fall@5.000ns period=10.000ns})
  Path Group:             (none)
  Path Type:              Hold (Min at Fast Process Corner)
  Data Path Delay:        0.462ns  (logic 0.141ns (30.490%)  route 0.321ns (69.510%))
  Logic Levels:           1  (FDRE=1)
  Clock Uncertainty:      0.250ns  ((TSJ^2 + DJ^2)^1/2) / 2 + PE
    Total System Jitter     (TSJ):    0.050ns
    Discrete Jitter          (DJ):    0.162ns
    Phase Error              (PE):    0.165ns

    Location             Delay type                Incr(ns)  Path(ns)    Netlist Resource(s)
  -------------------------------------------------------------------    -------------------
    SLICE_X15Y37         FDRE                         0.000     0.000 r  design_1_i/game_logic_0/U0/snake_x_reg_reg[4]/C
    SLICE_X15Y37         FDRE (Prop_fdre_C_Q)         0.141     0.141 r  design_1_i/game_logic_0/U0/snake_x_reg_reg[4]/Q
                         net (fo=17, routed)          0.321     0.462    design_1_i/test_axi_gpio_0/U0/D[18]
    SLICE_X13Y38         FDRE                                         r  design_1_i/test_axi_gpio_0/U0/gpio_out_reg[18]/D
  -------------------------------------------------------------------    -------------------

                         (clock clk_out100_design_1_clk_wiz_0_0 rise edge)
                                                      0.000     0.000 r  
    BUFGCTRL_X0Y16       BUFG                         0.000     0.000 r  design_1_i/processing_system7_0/inst/buffer_fclk_clk_0.FCLK_CLK_0_BUFG/O
                         net (fo=883, routed)         0.814     0.814    design_1_i/clk_wiz_0/inst/clk_in1
    MMCME2_ADV_X0Y0      MMCME2_ADV (Prop_mmcme2_adv_CLKIN1_CLKOUT2)
                                                     -1.369    -0.555 r  design_1_i/clk_wiz_0/inst/mmcm_adv_inst/CLKOUT2
                         net (fo=1, routed)           0.528    -0.027    design_1_i/clk_wiz_0/inst/clk_out100_design_1_clk_wiz_0_0
    BUFGCTRL_X0Y2        BUFG (Prop_bufg_I_O)         0.029     0.002 r  design_1_i/clk_wiz_0/inst/clkout3_buf/O
                         net (fo=62, routed)          0.832     0.834    design_1_i/test_axi_gpio_0/U0/clk
    SLICE_X13Y38         FDRE                                         r  design_1_i/test_axi_gpio_0/U0/gpio_out_reg[18]/C

Slack:                    inf
  Source:                 design_1_i/game_logic_0/U0/snake_x_reg_reg[1]/C
                            (rising edge-triggered cell FDRE)
  Destination:            design_1_i/test_axi_gpio_0/U0/gpio_out_reg[15]/D
                            (rising edge-triggered cell FDRE clocked by clk_out100_design_1_clk_wiz_0_0  {rise@0.000ns fall@5.000ns period=10.000ns})
  Path Group:             (none)
  Path Type:              Hold (Min at Fast Process Corner)
  Data Path Delay:        0.463ns  (logic 0.141ns (30.443%)  route 0.322ns (69.557%))
  Logic Levels:           1  (FDRE=1)
  Clock Uncertainty:      0.250ns  ((TSJ^2 + DJ^2)^1/2) / 2 + PE
    Total System Jitter     (TSJ):    0.050ns
    Discrete Jitter          (DJ):    0.162ns
    Phase Error              (PE):    0.165ns

    Location             Delay type                Incr(ns)  Path(ns)    Netlist Resource(s)
  -------------------------------------------------------------------    -------------------
    SLICE_X15Y36         FDRE                         0.000     0.000 r  design_1_i/game_logic_0/U0/snake_x_reg_reg[1]/C
    SLICE_X15Y36         FDRE (Prop_fdre_C_Q)         0.141     0.141 r  design_1_i/game_logic_0/U0/snake_x_reg_reg[1]/Q
                         net (fo=9, routed)           0.322     0.463    design_1_i/test_axi_gpio_0/U0/D[15]
    SLICE_X10Y36         FDRE                                         r  design_1_i/test_axi_gpio_0/U0/gpio_out_reg[15]/D
  -------------------------------------------------------------------    -------------------

                         (clock clk_out100_design_1_clk_wiz_0_0 rise edge)
                                                      0.000     0.000 r  
    BUFGCTRL_X0Y16       BUFG                         0.000     0.000 r  design_1_i/processing_system7_0/inst/buffer_fclk_clk_0.FCLK_CLK_0_BUFG/O
                         net (fo=883, routed)         0.814     0.814    design_1_i/clk_wiz_0/inst/clk_in1
    MMCME2_ADV_X0Y0      MMCME2_ADV (Prop_mmcme2_adv_CLKIN1_CLKOUT2)
                                                     -1.369    -0.555 r  design_1_i/clk_wiz_0/inst/mmcm_adv_inst/CLKOUT2
                         net (fo=1, routed)           0.528    -0.027    design_1_i/clk_wiz_0/inst/clk_out100_design_1_clk_wiz_0_0
    BUFGCTRL_X0Y2        BUFG (Prop_bufg_I_O)         0.029     0.002 r  design_1_i/clk_wiz_0/inst/clkout3_buf/O
                         net (fo=62, routed)          0.829     0.831    design_1_i/test_axi_gpio_0/U0/clk
    SLICE_X10Y36         FDRE                                         r  design_1_i/test_axi_gpio_0/U0/gpio_out_reg[15]/C

Slack:                    inf
  Source:                 design_1_i/game_logic_0/U0/snake_y_reg_reg[2]/C
                            (rising edge-triggered cell FDSE)
  Destination:            design_1_i/test_axi_gpio_0/U0/gpio_out_reg[6]/D
                            (rising edge-triggered cell FDRE clocked by clk_out100_design_1_clk_wiz_0_0  {rise@0.000ns fall@5.000ns period=10.000ns})
  Path Group:             (none)
  Path Type:              Hold (Min at Fast Process Corner)
  Data Path Delay:        0.471ns  (logic 0.164ns (34.806%)  route 0.307ns (65.194%))
  Logic Levels:           1  (FDSE=1)
  Clock Uncertainty:      0.250ns  ((TSJ^2 + DJ^2)^1/2) / 2 + PE
    Total System Jitter     (TSJ):    0.050ns
    Discrete Jitter          (DJ):    0.162ns
    Phase Error              (PE):    0.165ns

    Location             Delay type                Incr(ns)  Path(ns)    Netlist Resource(s)
  -------------------------------------------------------------------    -------------------
    SLICE_X12Y34         FDSE                         0.000     0.000 r  design_1_i/game_logic_0/U0/snake_y_reg_reg[2]/C
    SLICE_X12Y34         FDSE (Prop_fdse_C_Q)         0.164     0.164 r  design_1_i/game_logic_0/U0/snake_y_reg_reg[2]/Q
                         net (fo=10, routed)          0.307     0.471    design_1_i/test_axi_gpio_0/U0/D[6]
    SLICE_X8Y33          FDRE                                         r  design_1_i/test_axi_gpio_0/U0/gpio_out_reg[6]/D
  -------------------------------------------------------------------    -------------------

                         (clock clk_out100_design_1_clk_wiz_0_0 rise edge)
                                                      0.000     0.000 r  
    BUFGCTRL_X0Y16       BUFG                         0.000     0.000 r  design_1_i/processing_system7_0/inst/buffer_fclk_clk_0.FCLK_CLK_0_BUFG/O
                         net (fo=883, routed)         0.814     0.814    design_1_i/clk_wiz_0/inst/clk_in1
    MMCME2_ADV_X0Y0      MMCME2_ADV (Prop_mmcme2_adv_CLKIN1_CLKOUT2)
                                                     -1.369    -0.555 r  design_1_i/clk_wiz_0/inst/mmcm_adv_inst/CLKOUT2
                         net (fo=1, routed)           0.528    -0.027    design_1_i/clk_wiz_0/inst/clk_out100_design_1_clk_wiz_0_0
    BUFGCTRL_X0Y2        BUFG (Prop_bufg_I_O)         0.029     0.002 r  design_1_i/clk_wiz_0/inst/clkout3_buf/O
                         net (fo=62, routed)          0.827     0.829    design_1_i/test_axi_gpio_0/U0/clk
    SLICE_X8Y33          FDRE                                         r  design_1_i/test_axi_gpio_0/U0/gpio_out_reg[6]/C

Slack:                    inf
  Source:                 design_1_i/game_logic_0/U0/snake_x_reg_reg[5]/C
                            (rising edge-triggered cell FDSE)
  Destination:            design_1_i/test_axi_gpio_0/U0/gpio_out_reg[19]/D
                            (rising edge-triggered cell FDRE clocked by clk_out100_design_1_clk_wiz_0_0  {rise@0.000ns fall@5.000ns period=10.000ns})
  Path Group:             (none)
  Path Type:              Hold (Min at Fast Process Corner)
  Data Path Delay:        0.473ns  (logic 0.141ns (29.784%)  route 0.332ns (70.216%))
  Logic Levels:           1  (FDSE=1)
  Clock Uncertainty:      0.250ns  ((TSJ^2 + DJ^2)^1/2) / 2 + PE
    Total System Jitter     (TSJ):    0.050ns
    Discrete Jitter          (DJ):    0.162ns
    Phase Error              (PE):    0.165ns

    Location             Delay type                Incr(ns)  Path(ns)    Netlist Resource(s)
  -------------------------------------------------------------------    -------------------
    SLICE_X15Y37         FDSE                         0.000     0.000 r  design_1_i/game_logic_0/U0/snake_x_reg_reg[5]/C
    SLICE_X15Y37         FDSE (Prop_fdse_C_Q)         0.141     0.141 r  design_1_i/game_logic_0/U0/snake_x_reg_reg[5]/Q
                         net (fo=18, routed)          0.332     0.473    design_1_i/test_axi_gpio_0/U0/D[19]
    SLICE_X13Y38         FDRE                                         r  design_1_i/test_axi_gpio_0/U0/gpio_out_reg[19]/D
  -------------------------------------------------------------------    -------------------

                         (clock clk_out100_design_1_clk_wiz_0_0 rise edge)
                                                      0.000     0.000 r  
    BUFGCTRL_X0Y16       BUFG                         0.000     0.000 r  design_1_i/processing_system7_0/inst/buffer_fclk_clk_0.FCLK_CLK_0_BUFG/O
                         net (fo=883, routed)         0.814     0.814    design_1_i/clk_wiz_0/inst/clk_in1
    MMCME2_ADV_X0Y0      MMCME2_ADV (Prop_mmcme2_adv_CLKIN1_CLKOUT2)
                                                     -1.369    -0.555 r  design_1_i/clk_wiz_0/inst/mmcm_adv_inst/CLKOUT2
                         net (fo=1, routed)           0.528    -0.027    design_1_i/clk_wiz_0/inst/clk_out100_design_1_clk_wiz_0_0
    BUFGCTRL_X0Y2        BUFG (Prop_bufg_I_O)         0.029     0.002 r  design_1_i/clk_wiz_0/inst/clkout3_buf/O
                         net (fo=62, routed)          0.832     0.834    design_1_i/test_axi_gpio_0/U0/clk
    SLICE_X13Y38         FDRE                                         r  design_1_i/test_axi_gpio_0/U0/gpio_out_reg[19]/C





--------------------------------------------------------------------------------------
Path Group:  (none)
From Clock:  
  To Clock:  clk_out25_design_1_clk_wiz_0_0

Max Delay            74 Endpoints
Min Delay            74 Endpoints
--------------------------------------------------------------------------------------


Max Delay Paths
--------------------------------------------------------------------------------------
Slack:                    inf
  Source:                 design_1_i/game_logic_0/U0/pellet_index_reg[3]/C
                            (rising edge-triggered cell FDRE)
  Destination:            design_1_i/hdmi_tx_0/inst/srldly_0/srl[24].srl16_i/D
                            (rising edge-triggered cell SRL16E clocked by clk_out25_design_1_clk_wiz_0_0  {rise@0.000ns fall@20.000ns period=40.000ns})
  Path Group:             (none)
  Path Type:              Setup (Max at Slow Process Corner)
  Data Path Delay:        18.378ns  (logic 8.744ns (47.579%)  route 9.634ns (52.421%))
  Logic Levels:           12  (CARRY4=5 DSP48E1=2 FDRE=1 LUT2=2 LUT4=2)
  Clock Uncertainty:      0.286ns  ((TSJ^2 + DJ^2)^1/2) / 2 + PE
    Total System Jitter     (TSJ):    0.050ns
    Discrete Jitter          (DJ):    0.236ns
    Phase Error              (PE):    0.165ns

    Location             Delay type                Incr(ns)  Path(ns)    Netlist Resource(s)
  -------------------------------------------------------------------    -------------------
    SLICE_X13Y36         FDRE                         0.000     0.000 r  design_1_i/game_logic_0/U0/pellet_index_reg[3]/C
    SLICE_X13Y36         FDRE (Prop_fdre_C_Q)         0.419     0.419 r  design_1_i/game_logic_0/U0/pellet_index_reg[3]/Q
                         net (fo=61, routed)          2.682     3.101    design_1_i/game_logic_0/U0/Q[3]
    SLICE_X14Y30         LUT4 (Prop_lut4_I3_O)        0.329     3.430 r  design_1_i/game_logic_0/U0/pellet_x[6]_INST_0/O
                         net (fo=3, routed)           1.218     4.648    design_1_i/vga_controller_0/U0/pellet_x[6]
    SLICE_X11Y31         LUT2 (Prop_lut2_I1_O)        0.327     4.975 r  design_1_i/vga_controller_0/U0/i__carry__0_i_2__3/O
                         net (fo=1, routed)           0.000     4.975    design_1_i/vga_controller_0/U0/i__carry__0_i_2__3_n_0
    SLICE_X11Y31         CARRY4 (Prop_carry4_S[2]_CO[3])
                                                      0.398     5.373 r  design_1_i/vga_controller_0/U0/red3_inferred__2/i__carry__0/CO[3]
                         net (fo=1, routed)           0.000     5.373    design_1_i/vga_controller_0/U0/red3_inferred__2/i__carry__0_n_0
    SLICE_X11Y32         CARRY4 (Prop_carry4_CI_O[2])
                                                      0.239     5.612 r  design_1_i/vga_controller_0/U0/red3_inferred__2/i__carry__1/O[2]
                         net (fo=28, routed)          0.996     6.608    design_1_i/vga_controller_0/U0/red3_inferred__2/i__carry__1_n_5
    DSP48_X0Y12          DSP48E1 (Prop_dsp48e1_A[16]_PCOUT[47])
                                                      4.214    10.822 r  design_1_i/vga_controller_0/U0/red2/PCOUT[47]
                         net (fo=1, routed)           0.002    10.824    design_1_i/vga_controller_0/U0/red2_n_106
    DSP48_X0Y13          DSP48E1 (Prop_dsp48e1_PCIN[47]_P[4])
                                                      1.518    12.342 f  design_1_i/vga_controller_0/U0/red1/P[4]
                         net (fo=1, routed)           0.995    13.338    design_1_i/vga_controller_0/U0/red1_n_101
    SLICE_X9Y31          LUT2 (Prop_lut2_I1_O)        0.124    13.462 r  design_1_i/vga_controller_0/U0/red0_carry_i_6/O
                         net (fo=1, routed)           0.000    13.462    design_1_i/vga_controller_0/U0/red0_carry_i_6_n_0
    SLICE_X9Y31          CARRY4 (Prop_carry4_S[1]_CO[3])
                                                      0.550    14.012 r  design_1_i/vga_controller_0/U0/red0_carry/CO[3]
                         net (fo=1, routed)           0.000    14.012    design_1_i/vga_controller_0/U0/red0_carry_n_0
    SLICE_X9Y32          CARRY4 (Prop_carry4_CI_CO[3])
                                                      0.114    14.126 r  design_1_i/vga_controller_0/U0/red0_carry__0/CO[3]
                         net (fo=1, routed)           0.000    14.126    design_1_i/vga_controller_0/U0/red0_carry__0_n_0
    SLICE_X9Y33          CARRY4 (Prop_carry4_CI_CO[1])
                                                      0.157    14.283 r  design_1_i/vga_controller_0/U0/red0_carry__1/CO[1]
                         net (fo=2, routed)           1.048    15.331    design_1_i/vga_controller_0/U0/red0_carry__1_n_2
    SLICE_X12Y28         LUT4 (Prop_lut4_I3_O)        0.355    15.686 r  design_1_i/vga_controller_0/U0/green[0]_INST_0/O
                         net (fo=8, routed)           2.692    18.378    design_1_i/hdmi_tx_0/inst/srldly_0/data_i[11]
    SLICE_X42Y6          SRL16E                                       r  design_1_i/hdmi_tx_0/inst/srldly_0/srl[24].srl16_i/D
  -------------------------------------------------------------------    -------------------

                         (clock clk_out25_design_1_clk_wiz_0_0 rise edge)
                                                      0.000     0.000 r  
    BUFGCTRL_X0Y16       BUFG                         0.000     0.000 r  design_1_i/processing_system7_0/inst/buffer_fclk_clk_0.FCLK_CLK_0_BUFG/O
                         net (fo=883, routed)         1.490     1.490    design_1_i/clk_wiz_0/inst/clk_in1
    MMCME2_ADV_X0Y0      MMCME2_ADV (Prop_mmcme2_adv_CLKIN1_CLKOUT0)
                                                     -3.177    -1.687 r  design_1_i/clk_wiz_0/inst/mmcm_adv_inst/CLKOUT0
                         net (fo=1, routed)           1.599    -0.088    design_1_i/clk_wiz_0/inst/clk_out25_design_1_clk_wiz_0_0
    BUFGCTRL_X0Y0        BUFG (Prop_bufg_I_O)         0.091     0.003 r  design_1_i/clk_wiz_0/inst/clkout1_buf/O
                         net (fo=184, routed)         1.576     1.579    design_1_i/hdmi_tx_0/inst/srldly_0/pix_clk
    SLICE_X42Y6          SRL16E                                       r  design_1_i/hdmi_tx_0/inst/srldly_0/srl[24].srl16_i/CLK

Slack:                    inf
  Source:                 design_1_i/game_logic_0/U0/pellet_index_reg[3]/C
                            (rising edge-triggered cell FDRE)
  Destination:            design_1_i/hdmi_tx_0/inst/srldly_0/srl[28].srl16_i/D
                            (rising edge-triggered cell SRL16E clocked by clk_out25_design_1_clk_wiz_0_0  {rise@0.000ns fall@20.000ns period=40.000ns})
  Path Group:             (none)
  Path Type:              Setup (Max at Slow Process Corner)
  Data Path Delay:        18.378ns  (logic 8.744ns (47.579%)  route 9.634ns (52.421%))
  Logic Levels:           12  (CARRY4=5 DSP48E1=2 FDRE=1 LUT2=2 LUT4=2)
  Clock Uncertainty:      0.286ns  ((TSJ^2 + DJ^2)^1/2) / 2 + PE
    Total System Jitter     (TSJ):    0.050ns
    Discrete Jitter          (DJ):    0.236ns
    Phase Error              (PE):    0.165ns

    Location             Delay type                Incr(ns)  Path(ns)    Netlist Resource(s)
  -------------------------------------------------------------------    -------------------
    SLICE_X13Y36         FDRE                         0.000     0.000 r  design_1_i/game_logic_0/U0/pellet_index_reg[3]/C
    SLICE_X13Y36         FDRE (Prop_fdre_C_Q)         0.419     0.419 r  design_1_i/game_logic_0/U0/pellet_index_reg[3]/Q
                         net (fo=61, routed)          2.682     3.101    design_1_i/game_logic_0/U0/Q[3]
    SLICE_X14Y30         LUT4 (Prop_lut4_I3_O)        0.329     3.430 r  design_1_i/game_logic_0/U0/pellet_x[6]_INST_0/O
                         net (fo=3, routed)           1.218     4.648    design_1_i/vga_controller_0/U0/pellet_x[6]
    SLICE_X11Y31         LUT2 (Prop_lut2_I1_O)        0.327     4.975 r  design_1_i/vga_controller_0/U0/i__carry__0_i_2__3/O
                         net (fo=1, routed)           0.000     4.975    design_1_i/vga_controller_0/U0/i__carry__0_i_2__3_n_0
    SLICE_X11Y31         CARRY4 (Prop_carry4_S[2]_CO[3])
                                                      0.398     5.373 r  design_1_i/vga_controller_0/U0/red3_inferred__2/i__carry__0/CO[3]
                         net (fo=1, routed)           0.000     5.373    design_1_i/vga_controller_0/U0/red3_inferred__2/i__carry__0_n_0
    SLICE_X11Y32         CARRY4 (Prop_carry4_CI_O[2])
                                                      0.239     5.612 r  design_1_i/vga_controller_0/U0/red3_inferred__2/i__carry__1/O[2]
                         net (fo=28, routed)          0.996     6.608    design_1_i/vga_controller_0/U0/red3_inferred__2/i__carry__1_n_5
    DSP48_X0Y12          DSP48E1 (Prop_dsp48e1_A[16]_PCOUT[47])
                                                      4.214    10.822 r  design_1_i/vga_controller_0/U0/red2/PCOUT[47]
                         net (fo=1, routed)           0.002    10.824    design_1_i/vga_controller_0/U0/red2_n_106
    DSP48_X0Y13          DSP48E1 (Prop_dsp48e1_PCIN[47]_P[4])
                                                      1.518    12.342 f  design_1_i/vga_controller_0/U0/red1/P[4]
                         net (fo=1, routed)           0.995    13.338    design_1_i/vga_controller_0/U0/red1_n_101
    SLICE_X9Y31          LUT2 (Prop_lut2_I1_O)        0.124    13.462 r  design_1_i/vga_controller_0/U0/red0_carry_i_6/O
                         net (fo=1, routed)           0.000    13.462    design_1_i/vga_controller_0/U0/red0_carry_i_6_n_0
    SLICE_X9Y31          CARRY4 (Prop_carry4_S[1]_CO[3])
                                                      0.550    14.012 r  design_1_i/vga_controller_0/U0/red0_carry/CO[3]
                         net (fo=1, routed)           0.000    14.012    design_1_i/vga_controller_0/U0/red0_carry_n_0
    SLICE_X9Y32          CARRY4 (Prop_carry4_CI_CO[3])
                                                      0.114    14.126 r  design_1_i/vga_controller_0/U0/red0_carry__0/CO[3]
                         net (fo=1, routed)           0.000    14.126    design_1_i/vga_controller_0/U0/red0_carry__0_n_0
    SLICE_X9Y33          CARRY4 (Prop_carry4_CI_CO[1])
                                                      0.157    14.283 r  design_1_i/vga_controller_0/U0/red0_carry__1/CO[1]
                         net (fo=2, routed)           1.048    15.331    design_1_i/vga_controller_0/U0/red0_carry__1_n_2
    SLICE_X12Y28         LUT4 (Prop_lut4_I3_O)        0.355    15.686 r  design_1_i/vga_controller_0/U0/green[0]_INST_0/O
                         net (fo=8, routed)           2.692    18.378    design_1_i/hdmi_tx_0/inst/srldly_0/data_i[15]
    SLICE_X42Y6          SRL16E                                       r  design_1_i/hdmi_tx_0/inst/srldly_0/srl[28].srl16_i/D
  -------------------------------------------------------------------    -------------------

                         (clock clk_out25_design_1_clk_wiz_0_0 rise edge)
                                                      0.000     0.000 r  
    BUFGCTRL_X0Y16       BUFG                         0.000     0.000 r  design_1_i/processing_system7_0/inst/buffer_fclk_clk_0.FCLK_CLK_0_BUFG/O
                         net (fo=883, routed)         1.490     1.490    design_1_i/clk_wiz_0/inst/clk_in1
    MMCME2_ADV_X0Y0      MMCME2_ADV (Prop_mmcme2_adv_CLKIN1_CLKOUT0)
                                                     -3.177    -1.687 r  design_1_i/clk_wiz_0/inst/mmcm_adv_inst/CLKOUT0
                         net (fo=1, routed)           1.599    -0.088    design_1_i/clk_wiz_0/inst/clk_out25_design_1_clk_wiz_0_0
    BUFGCTRL_X0Y0        BUFG (Prop_bufg_I_O)         0.091     0.003 r  design_1_i/clk_wiz_0/inst/clkout1_buf/O
                         net (fo=184, routed)         1.576     1.579    design_1_i/hdmi_tx_0/inst/srldly_0/pix_clk
    SLICE_X42Y6          SRL16E                                       r  design_1_i/hdmi_tx_0/inst/srldly_0/srl[28].srl16_i/CLK

Slack:                    inf
  Source:                 design_1_i/game_logic_0/U0/pellet_index_reg[3]/C
                            (rising edge-triggered cell FDRE)
  Destination:            design_1_i/hdmi_tx_0/inst/srldly_0/srl[29].srl16_i/D
                            (rising edge-triggered cell SRL16E clocked by clk_out25_design_1_clk_wiz_0_0  {rise@0.000ns fall@20.000ns period=40.000ns})
  Path Group:             (none)
  Path Type:              Setup (Max at Slow Process Corner)
  Data Path Delay:        18.378ns  (logic 8.744ns (47.580%)  route 9.634ns (52.420%))
  Logic Levels:           12  (CARRY4=5 DSP48E1=2 FDRE=1 LUT2=2 LUT4=2)
  Clock Uncertainty:      0.286ns  ((TSJ^2 + DJ^2)^1/2) / 2 + PE
    Total System Jitter     (TSJ):    0.050ns
    Discrete Jitter          (DJ):    0.236ns
    Phase Error              (PE):    0.165ns

    Location             Delay type                Incr(ns)  Path(ns)    Netlist Resource(s)
  -------------------------------------------------------------------    -------------------
    SLICE_X13Y36         FDRE                         0.000     0.000 r  design_1_i/game_logic_0/U0/pellet_index_reg[3]/C
    SLICE_X13Y36         FDRE (Prop_fdre_C_Q)         0.419     0.419 r  design_1_i/game_logic_0/U0/pellet_index_reg[3]/Q
                         net (fo=61, routed)          2.682     3.101    design_1_i/game_logic_0/U0/Q[3]
    SLICE_X14Y30         LUT4 (Prop_lut4_I3_O)        0.329     3.430 r  design_1_i/game_logic_0/U0/pellet_x[6]_INST_0/O
                         net (fo=3, routed)           1.218     4.648    design_1_i/vga_controller_0/U0/pellet_x[6]
    SLICE_X11Y31         LUT2 (Prop_lut2_I1_O)        0.327     4.975 r  design_1_i/vga_controller_0/U0/i__carry__0_i_2__3/O
                         net (fo=1, routed)           0.000     4.975    design_1_i/vga_controller_0/U0/i__carry__0_i_2__3_n_0
    SLICE_X11Y31         CARRY4 (Prop_carry4_S[2]_CO[3])
                                                      0.398     5.373 r  design_1_i/vga_controller_0/U0/red3_inferred__2/i__carry__0/CO[3]
                         net (fo=1, routed)           0.000     5.373    design_1_i/vga_controller_0/U0/red3_inferred__2/i__carry__0_n_0
    SLICE_X11Y32         CARRY4 (Prop_carry4_CI_O[2])
                                                      0.239     5.612 r  design_1_i/vga_controller_0/U0/red3_inferred__2/i__carry__1/O[2]
                         net (fo=28, routed)          0.996     6.608    design_1_i/vga_controller_0/U0/red3_inferred__2/i__carry__1_n_5
    DSP48_X0Y12          DSP48E1 (Prop_dsp48e1_A[16]_PCOUT[47])
                                                      4.214    10.822 r  design_1_i/vga_controller_0/U0/red2/PCOUT[47]
                         net (fo=1, routed)           0.002    10.824    design_1_i/vga_controller_0/U0/red2_n_106
    DSP48_X0Y13          DSP48E1 (Prop_dsp48e1_PCIN[47]_P[4])
                                                      1.518    12.342 f  design_1_i/vga_controller_0/U0/red1/P[4]
                         net (fo=1, routed)           0.995    13.338    design_1_i/vga_controller_0/U0/red1_n_101
    SLICE_X9Y31          LUT2 (Prop_lut2_I1_O)        0.124    13.462 r  design_1_i/vga_controller_0/U0/red0_carry_i_6/O
                         net (fo=1, routed)           0.000    13.462    design_1_i/vga_controller_0/U0/red0_carry_i_6_n_0
    SLICE_X9Y31          CARRY4 (Prop_carry4_S[1]_CO[3])
                                                      0.550    14.012 r  design_1_i/vga_controller_0/U0/red0_carry/CO[3]
                         net (fo=1, routed)           0.000    14.012    design_1_i/vga_controller_0/U0/red0_carry_n_0
    SLICE_X9Y32          CARRY4 (Prop_carry4_CI_CO[3])
                                                      0.114    14.126 r  design_1_i/vga_controller_0/U0/red0_carry__0/CO[3]
                         net (fo=1, routed)           0.000    14.126    design_1_i/vga_controller_0/U0/red0_carry__0_n_0
    SLICE_X9Y33          CARRY4 (Prop_carry4_CI_CO[1])
                                                      0.157    14.283 r  design_1_i/vga_controller_0/U0/red0_carry__1/CO[1]
                         net (fo=2, routed)           1.048    15.331    design_1_i/vga_controller_0/U0/red0_carry__1_n_2
    SLICE_X12Y28         LUT4 (Prop_lut4_I3_O)        0.355    15.686 r  design_1_i/vga_controller_0/U0/green[0]_INST_0/O
                         net (fo=8, routed)           2.692    18.378    design_1_i/hdmi_tx_0/inst/srldly_0/data_i[16]
    SLICE_X38Y6          SRL16E                                       r  design_1_i/hdmi_tx_0/inst/srldly_0/srl[29].srl16_i/D
  -------------------------------------------------------------------    -------------------

                         (clock clk_out25_design_1_clk_wiz_0_0 rise edge)
                                                      0.000     0.000 r  
    BUFGCTRL_X0Y16       BUFG                         0.000     0.000 r  design_1_i/processing_system7_0/inst/buffer_fclk_clk_0.FCLK_CLK_0_BUFG/O
                         net (fo=883, routed)         1.490     1.490    design_1_i/clk_wiz_0/inst/clk_in1
    MMCME2_ADV_X0Y0      MMCME2_ADV (Prop_mmcme2_adv_CLKIN1_CLKOUT0)
                                                     -3.177    -1.687 r  design_1_i/clk_wiz_0/inst/mmcm_adv_inst/CLKOUT0
                         net (fo=1, routed)           1.599    -0.088    design_1_i/clk_wiz_0/inst/clk_out25_design_1_clk_wiz_0_0
    BUFGCTRL_X0Y0        BUFG (Prop_bufg_I_O)         0.091     0.003 r  design_1_i/clk_wiz_0/inst/clkout1_buf/O
                         net (fo=184, routed)         1.575     1.578    design_1_i/hdmi_tx_0/inst/srldly_0/pix_clk
    SLICE_X38Y6          SRL16E                                       r  design_1_i/hdmi_tx_0/inst/srldly_0/srl[29].srl16_i/CLK

Slack:                    inf
  Source:                 design_1_i/game_logic_0/U0/pellet_index_reg[3]/C
                            (rising edge-triggered cell FDRE)
  Destination:            design_1_i/hdmi_tx_0/inst/srldly_0/srl[39].srl16_i/D
                            (rising edge-triggered cell SRL16E clocked by clk_out25_design_1_clk_wiz_0_0  {rise@0.000ns fall@20.000ns period=40.000ns})
  Path Group:             (none)
  Path Type:              Setup (Max at Slow Process Corner)
  Data Path Delay:        18.266ns  (logic 8.718ns (47.727%)  route 9.548ns (52.273%))
  Logic Levels:           12  (CARRY4=5 DSP48E1=2 FDRE=1 LUT2=2 LUT4=2)
  Clock Uncertainty:      0.286ns  ((TSJ^2 + DJ^2)^1/2) / 2 + PE
    Total System Jitter     (TSJ):    0.050ns
    Discrete Jitter          (DJ):    0.236ns
    Phase Error              (PE):    0.165ns

    Location             Delay type                Incr(ns)  Path(ns)    Netlist Resource(s)
  -------------------------------------------------------------------    -------------------
    SLICE_X13Y36         FDRE                         0.000     0.000 r  design_1_i/game_logic_0/U0/pellet_index_reg[3]/C
    SLICE_X13Y36         FDRE (Prop_fdre_C_Q)         0.419     0.419 r  design_1_i/game_logic_0/U0/pellet_index_reg[3]/Q
                         net (fo=61, routed)          2.682     3.101    design_1_i/game_logic_0/U0/Q[3]
    SLICE_X14Y30         LUT4 (Prop_lut4_I3_O)        0.329     3.430 r  design_1_i/game_logic_0/U0/pellet_x[6]_INST_0/O
                         net (fo=3, routed)           1.218     4.648    design_1_i/vga_controller_0/U0/pellet_x[6]
    SLICE_X11Y31         LUT2 (Prop_lut2_I1_O)        0.327     4.975 r  design_1_i/vga_controller_0/U0/i__carry__0_i_2__3/O
                         net (fo=1, routed)           0.000     4.975    design_1_i/vga_controller_0/U0/i__carry__0_i_2__3_n_0
    SLICE_X11Y31         CARRY4 (Prop_carry4_S[2]_CO[3])
                                                      0.398     5.373 r  design_1_i/vga_controller_0/U0/red3_inferred__2/i__carry__0/CO[3]
                         net (fo=1, routed)           0.000     5.373    design_1_i/vga_controller_0/U0/red3_inferred__2/i__carry__0_n_0
    SLICE_X11Y32         CARRY4 (Prop_carry4_CI_O[2])
                                                      0.239     5.612 r  design_1_i/vga_controller_0/U0/red3_inferred__2/i__carry__1/O[2]
                         net (fo=28, routed)          0.996     6.608    design_1_i/vga_controller_0/U0/red3_inferred__2/i__carry__1_n_5
    DSP48_X0Y12          DSP48E1 (Prop_dsp48e1_A[16]_PCOUT[47])
                                                      4.214    10.822 r  design_1_i/vga_controller_0/U0/red2/PCOUT[47]
                         net (fo=1, routed)           0.002    10.824    design_1_i/vga_controller_0/U0/red2_n_106
    DSP48_X0Y13          DSP48E1 (Prop_dsp48e1_PCIN[47]_P[4])
                                                      1.518    12.342 f  design_1_i/vga_controller_0/U0/red1/P[4]
                         net (fo=1, routed)           0.995    13.338    design_1_i/vga_controller_0/U0/red1_n_101
    SLICE_X9Y31          LUT2 (Prop_lut2_I1_O)        0.124    13.462 r  design_1_i/vga_controller_0/U0/red0_carry_i_6/O
                         net (fo=1, routed)           0.000    13.462    design_1_i/vga_controller_0/U0/red0_carry_i_6_n_0
    SLICE_X9Y31          CARRY4 (Prop_carry4_S[1]_CO[3])
                                                      0.550    14.012 r  design_1_i/vga_controller_0/U0/red0_carry/CO[3]
                         net (fo=1, routed)           0.000    14.012    design_1_i/vga_controller_0/U0/red0_carry_n_0
    SLICE_X9Y32          CARRY4 (Prop_carry4_CI_CO[3])
                                                      0.114    14.126 r  design_1_i/vga_controller_0/U0/red0_carry__0/CO[3]
                         net (fo=1, routed)           0.000    14.126    design_1_i/vga_controller_0/U0/red0_carry__0_n_0
    SLICE_X9Y33          CARRY4 (Prop_carry4_CI_CO[1])
                                                      0.157    14.283 r  design_1_i/vga_controller_0/U0/red0_carry__1/CO[1]
                         net (fo=2, routed)           1.048    15.331    design_1_i/vga_controller_0/U0/red0_carry__1_n_2
    SLICE_X12Y28         LUT4 (Prop_lut4_I2_O)        0.329    15.660 r  design_1_i/vga_controller_0/U0/blue[0]_INST_0/O
                         net (fo=16, routed)          2.606    18.266    design_1_i/hdmi_tx_0/inst/srldly_0/data_i[26]
    SLICE_X38Y7          SRL16E                                       r  design_1_i/hdmi_tx_0/inst/srldly_0/srl[39].srl16_i/D
  -------------------------------------------------------------------    -------------------

                         (clock clk_out25_design_1_clk_wiz_0_0 rise edge)
                                                      0.000     0.000 r  
    BUFGCTRL_X0Y16       BUFG                         0.000     0.000 r  design_1_i/processing_system7_0/inst/buffer_fclk_clk_0.FCLK_CLK_0_BUFG/O
                         net (fo=883, routed)         1.490     1.490    design_1_i/clk_wiz_0/inst/clk_in1
    MMCME2_ADV_X0Y0      MMCME2_ADV (Prop_mmcme2_adv_CLKIN1_CLKOUT0)
                                                     -3.177    -1.687 r  design_1_i/clk_wiz_0/inst/mmcm_adv_inst/CLKOUT0
                         net (fo=1, routed)           1.599    -0.088    design_1_i/clk_wiz_0/inst/clk_out25_design_1_clk_wiz_0_0
    BUFGCTRL_X0Y0        BUFG (Prop_bufg_I_O)         0.091     0.003 r  design_1_i/clk_wiz_0/inst/clkout1_buf/O
                         net (fo=184, routed)         1.574     1.577    design_1_i/hdmi_tx_0/inst/srldly_0/pix_clk
    SLICE_X38Y7          SRL16E                                       r  design_1_i/hdmi_tx_0/inst/srldly_0/srl[39].srl16_i/CLK

Slack:                    inf
  Source:                 design_1_i/game_logic_0/U0/pellet_index_reg[3]/C
                            (rising edge-triggered cell FDRE)
  Destination:            design_1_i/hdmi_tx_0/inst/srldly_0/srl[22].srl16_i/D
                            (rising edge-triggered cell SRL16E clocked by clk_out25_design_1_clk_wiz_0_0  {rise@0.000ns fall@20.000ns period=40.000ns})
  Path Group:             (none)
  Path Type:              Setup (Max at Slow Process Corner)
  Data Path Delay:        18.228ns  (logic 8.718ns (47.826%)  route 9.510ns (52.174%))
  Logic Levels:           12  (CARRY4=5 DSP48E1=2 FDRE=1 LUT2=2 LUT4=2)
  Clock Uncertainty:      0.286ns  ((TSJ^2 + DJ^2)^1/2) / 2 + PE
    Total System Jitter     (TSJ):    0.050ns
    Discrete Jitter          (DJ):    0.236ns
    Phase Error              (PE):    0.165ns

    Location             Delay type                Incr(ns)  Path(ns)    Netlist Resource(s)
  -------------------------------------------------------------------    -------------------
    SLICE_X13Y36         FDRE                         0.000     0.000 r  design_1_i/game_logic_0/U0/pellet_index_reg[3]/C
    SLICE_X13Y36         FDRE (Prop_fdre_C_Q)         0.419     0.419 r  design_1_i/game_logic_0/U0/pellet_index_reg[3]/Q
                         net (fo=61, routed)          2.682     3.101    design_1_i/game_logic_0/U0/Q[3]
    SLICE_X14Y30         LUT4 (Prop_lut4_I3_O)        0.329     3.430 r  design_1_i/game_logic_0/U0/pellet_x[6]_INST_0/O
                         net (fo=3, routed)           1.218     4.648    design_1_i/vga_controller_0/U0/pellet_x[6]
    SLICE_X11Y31         LUT2 (Prop_lut2_I1_O)        0.327     4.975 r  design_1_i/vga_controller_0/U0/i__carry__0_i_2__3/O
                         net (fo=1, routed)           0.000     4.975    design_1_i/vga_controller_0/U0/i__carry__0_i_2__3_n_0
    SLICE_X11Y31         CARRY4 (Prop_carry4_S[2]_CO[3])
                                                      0.398     5.373 r  design_1_i/vga_controller_0/U0/red3_inferred__2/i__carry__0/CO[3]
                         net (fo=1, routed)           0.000     5.373    design_1_i/vga_controller_0/U0/red3_inferred__2/i__carry__0_n_0
    SLICE_X11Y32         CARRY4 (Prop_carry4_CI_O[2])
                                                      0.239     5.612 r  design_1_i/vga_controller_0/U0/red3_inferred__2/i__carry__1/O[2]
                         net (fo=28, routed)          0.996     6.608    design_1_i/vga_controller_0/U0/red3_inferred__2/i__carry__1_n_5
    DSP48_X0Y12          DSP48E1 (Prop_dsp48e1_A[16]_PCOUT[47])
                                                      4.214    10.822 r  design_1_i/vga_controller_0/U0/red2/PCOUT[47]
                         net (fo=1, routed)           0.002    10.824    design_1_i/vga_controller_0/U0/red2_n_106
    DSP48_X0Y13          DSP48E1 (Prop_dsp48e1_PCIN[47]_P[4])
                                                      1.518    12.342 f  design_1_i/vga_controller_0/U0/red1/P[4]
                         net (fo=1, routed)           0.995    13.338    design_1_i/vga_controller_0/U0/red1_n_101
    SLICE_X9Y31          LUT2 (Prop_lut2_I1_O)        0.124    13.462 r  design_1_i/vga_controller_0/U0/red0_carry_i_6/O
                         net (fo=1, routed)           0.000    13.462    design_1_i/vga_controller_0/U0/red0_carry_i_6_n_0
    SLICE_X9Y31          CARRY4 (Prop_carry4_S[1]_CO[3])
                                                      0.550    14.012 r  design_1_i/vga_controller_0/U0/red0_carry/CO[3]
                         net (fo=1, routed)           0.000    14.012    design_1_i/vga_controller_0/U0/red0_carry_n_0
    SLICE_X9Y32          CARRY4 (Prop_carry4_CI_CO[3])
                                                      0.114    14.126 r  design_1_i/vga_controller_0/U0/red0_carry__0/CO[3]
                         net (fo=1, routed)           0.000    14.126    design_1_i/vga_controller_0/U0/red0_carry__0_n_0
    SLICE_X9Y33          CARRY4 (Prop_carry4_CI_CO[1])
                                                      0.157    14.283 r  design_1_i/vga_controller_0/U0/red0_carry__1/CO[1]
                         net (fo=2, routed)           1.048    15.331    design_1_i/vga_controller_0/U0/red0_carry__1_n_2
    SLICE_X12Y28         LUT4 (Prop_lut4_I2_O)        0.329    15.660 r  design_1_i/vga_controller_0/U0/blue[0]_INST_0/O
                         net (fo=16, routed)          2.568    18.228    design_1_i/hdmi_tx_0/inst/srldly_0/data_i[9]
    SLICE_X42Y6          SRL16E                                       r  design_1_i/hdmi_tx_0/inst/srldly_0/srl[22].srl16_i/D
  -------------------------------------------------------------------    -------------------

                         (clock clk_out25_design_1_clk_wiz_0_0 rise edge)
                                                      0.000     0.000 r  
    BUFGCTRL_X0Y16       BUFG                         0.000     0.000 r  design_1_i/processing_system7_0/inst/buffer_fclk_clk_0.FCLK_CLK_0_BUFG/O
                         net (fo=883, routed)         1.490     1.490    design_1_i/clk_wiz_0/inst/clk_in1
    MMCME2_ADV_X0Y0      MMCME2_ADV (Prop_mmcme2_adv_CLKIN1_CLKOUT0)
                                                     -3.177    -1.687 r  design_1_i/clk_wiz_0/inst/mmcm_adv_inst/CLKOUT0
                         net (fo=1, routed)           1.599    -0.088    design_1_i/clk_wiz_0/inst/clk_out25_design_1_clk_wiz_0_0
    BUFGCTRL_X0Y0        BUFG (Prop_bufg_I_O)         0.091     0.003 r  design_1_i/clk_wiz_0/inst/clkout1_buf/O
                         net (fo=184, routed)         1.576     1.579    design_1_i/hdmi_tx_0/inst/srldly_0/pix_clk
    SLICE_X42Y6          SRL16E                                       r  design_1_i/hdmi_tx_0/inst/srldly_0/srl[22].srl16_i/CLK

Slack:                    inf
  Source:                 design_1_i/game_logic_0/U0/pellet_index_reg[3]/C
                            (rising edge-triggered cell FDRE)
  Destination:            design_1_i/hdmi_tx_0/inst/srldly_0/srl[30].srl16_i/D
                            (rising edge-triggered cell SRL16E clocked by clk_out25_design_1_clk_wiz_0_0  {rise@0.000ns fall@20.000ns period=40.000ns})
  Path Group:             (none)
  Path Type:              Setup (Max at Slow Process Corner)
  Data Path Delay:        18.188ns  (logic 8.744ns (48.075%)  route 9.444ns (51.925%))
  Logic Levels:           12  (CARRY4=5 DSP48E1=2 FDRE=1 LUT2=2 LUT4=2)
  Clock Uncertainty:      0.286ns  ((TSJ^2 + DJ^2)^1/2) / 2 + PE
    Total System Jitter     (TSJ):    0.050ns
    Discrete Jitter          (DJ):    0.236ns
    Phase Error              (PE):    0.165ns

    Location             Delay type                Incr(ns)  Path(ns)    Netlist Resource(s)
  -------------------------------------------------------------------    -------------------
    SLICE_X13Y36         FDRE                         0.000     0.000 r  design_1_i/game_logic_0/U0/pellet_index_reg[3]/C
    SLICE_X13Y36         FDRE (Prop_fdre_C_Q)         0.419     0.419 r  design_1_i/game_logic_0/U0/pellet_index_reg[3]/Q
                         net (fo=61, routed)          2.682     3.101    design_1_i/game_logic_0/U0/Q[3]
    SLICE_X14Y30         LUT4 (Prop_lut4_I3_O)        0.329     3.430 r  design_1_i/game_logic_0/U0/pellet_x[6]_INST_0/O
                         net (fo=3, routed)           1.218     4.648    design_1_i/vga_controller_0/U0/pellet_x[6]
    SLICE_X11Y31         LUT2 (Prop_lut2_I1_O)        0.327     4.975 r  design_1_i/vga_controller_0/U0/i__carry__0_i_2__3/O
                         net (fo=1, routed)           0.000     4.975    design_1_i/vga_controller_0/U0/i__carry__0_i_2__3_n_0
    SLICE_X11Y31         CARRY4 (Prop_carry4_S[2]_CO[3])
                                                      0.398     5.373 r  design_1_i/vga_controller_0/U0/red3_inferred__2/i__carry__0/CO[3]
                         net (fo=1, routed)           0.000     5.373    design_1_i/vga_controller_0/U0/red3_inferred__2/i__carry__0_n_0
    SLICE_X11Y32         CARRY4 (Prop_carry4_CI_O[2])
                                                      0.239     5.612 r  design_1_i/vga_controller_0/U0/red3_inferred__2/i__carry__1/O[2]
                         net (fo=28, routed)          0.996     6.608    design_1_i/vga_controller_0/U0/red3_inferred__2/i__carry__1_n_5
    DSP48_X0Y12          DSP48E1 (Prop_dsp48e1_A[16]_PCOUT[47])
                                                      4.214    10.822 r  design_1_i/vga_controller_0/U0/red2/PCOUT[47]
                         net (fo=1, routed)           0.002    10.824    design_1_i/vga_controller_0/U0/red2_n_106
    DSP48_X0Y13          DSP48E1 (Prop_dsp48e1_PCIN[47]_P[4])
                                                      1.518    12.342 f  design_1_i/vga_controller_0/U0/red1/P[4]
                         net (fo=1, routed)           0.995    13.338    design_1_i/vga_controller_0/U0/red1_n_101
    SLICE_X9Y31          LUT2 (Prop_lut2_I1_O)        0.124    13.462 r  design_1_i/vga_controller_0/U0/red0_carry_i_6/O
                         net (fo=1, routed)           0.000    13.462    design_1_i/vga_controller_0/U0/red0_carry_i_6_n_0
    SLICE_X9Y31          CARRY4 (Prop_carry4_S[1]_CO[3])
                                                      0.550    14.012 r  design_1_i/vga_controller_0/U0/red0_carry/CO[3]
                         net (fo=1, routed)           0.000    14.012    design_1_i/vga_controller_0/U0/red0_carry_n_0
    SLICE_X9Y32          CARRY4 (Prop_carry4_CI_CO[3])
                                                      0.114    14.126 r  design_1_i/vga_controller_0/U0/red0_carry__0/CO[3]
                         net (fo=1, routed)           0.000    14.126    design_1_i/vga_controller_0/U0/red0_carry__0_n_0
    SLICE_X9Y33          CARRY4 (Prop_carry4_CI_CO[1])
                                                      0.157    14.283 r  design_1_i/vga_controller_0/U0/red0_carry__1/CO[1]
                         net (fo=2, routed)           1.048    15.331    design_1_i/vga_controller_0/U0/red0_carry__1_n_2
    SLICE_X12Y28         LUT4 (Prop_lut4_I3_O)        0.355    15.686 r  design_1_i/vga_controller_0/U0/green[0]_INST_0/O
                         net (fo=8, routed)           2.502    18.188    design_1_i/hdmi_tx_0/inst/srldly_0/data_i[17]
    SLICE_X38Y6          SRL16E                                       r  design_1_i/hdmi_tx_0/inst/srldly_0/srl[30].srl16_i/D
  -------------------------------------------------------------------    -------------------

                         (clock clk_out25_design_1_clk_wiz_0_0 rise edge)
                                                      0.000     0.000 r  
    BUFGCTRL_X0Y16       BUFG                         0.000     0.000 r  design_1_i/processing_system7_0/inst/buffer_fclk_clk_0.FCLK_CLK_0_BUFG/O
                         net (fo=883, routed)         1.490     1.490    design_1_i/clk_wiz_0/inst/clk_in1
    MMCME2_ADV_X0Y0      MMCME2_ADV (Prop_mmcme2_adv_CLKIN1_CLKOUT0)
                                                     -3.177    -1.687 r  design_1_i/clk_wiz_0/inst/mmcm_adv_inst/CLKOUT0
                         net (fo=1, routed)           1.599    -0.088    design_1_i/clk_wiz_0/inst/clk_out25_design_1_clk_wiz_0_0
    BUFGCTRL_X0Y0        BUFG (Prop_bufg_I_O)         0.091     0.003 r  design_1_i/clk_wiz_0/inst/clkout1_buf/O
                         net (fo=184, routed)         1.575     1.578    design_1_i/hdmi_tx_0/inst/srldly_0/pix_clk
    SLICE_X38Y6          SRL16E                                       r  design_1_i/hdmi_tx_0/inst/srldly_0/srl[30].srl16_i/CLK

Slack:                    inf
  Source:                 design_1_i/game_logic_0/U0/pellet_index_reg[3]/C
                            (rising edge-triggered cell FDRE)
  Destination:            design_1_i/hdmi_tx_0/inst/srldly_0/srl[26].srl16_i/D
                            (rising edge-triggered cell SRL16E clocked by clk_out25_design_1_clk_wiz_0_0  {rise@0.000ns fall@20.000ns period=40.000ns})
  Path Group:             (none)
  Path Type:              Setup (Max at Slow Process Corner)
  Data Path Delay:        18.088ns  (logic 8.744ns (48.341%)  route 9.344ns (51.659%))
  Logic Levels:           12  (CARRY4=5 DSP48E1=2 FDRE=1 LUT2=2 LUT4=2)
  Clock Uncertainty:      0.286ns  ((TSJ^2 + DJ^2)^1/2) / 2 + PE
    Total System Jitter     (TSJ):    0.050ns
    Discrete Jitter          (DJ):    0.236ns
    Phase Error              (PE):    0.165ns

    Location             Delay type                Incr(ns)  Path(ns)    Netlist Resource(s)
  -------------------------------------------------------------------    -------------------
    SLICE_X13Y36         FDRE                         0.000     0.000 r  design_1_i/game_logic_0/U0/pellet_index_reg[3]/C
    SLICE_X13Y36         FDRE (Prop_fdre_C_Q)         0.419     0.419 r  design_1_i/game_logic_0/U0/pellet_index_reg[3]/Q
                         net (fo=61, routed)          2.682     3.101    design_1_i/game_logic_0/U0/Q[3]
    SLICE_X14Y30         LUT4 (Prop_lut4_I3_O)        0.329     3.430 r  design_1_i/game_logic_0/U0/pellet_x[6]_INST_0/O
                         net (fo=3, routed)           1.218     4.648    design_1_i/vga_controller_0/U0/pellet_x[6]
    SLICE_X11Y31         LUT2 (Prop_lut2_I1_O)        0.327     4.975 r  design_1_i/vga_controller_0/U0/i__carry__0_i_2__3/O
                         net (fo=1, routed)           0.000     4.975    design_1_i/vga_controller_0/U0/i__carry__0_i_2__3_n_0
    SLICE_X11Y31         CARRY4 (Prop_carry4_S[2]_CO[3])
                                                      0.398     5.373 r  design_1_i/vga_controller_0/U0/red3_inferred__2/i__carry__0/CO[3]
                         net (fo=1, routed)           0.000     5.373    design_1_i/vga_controller_0/U0/red3_inferred__2/i__carry__0_n_0
    SLICE_X11Y32         CARRY4 (Prop_carry4_CI_O[2])
                                                      0.239     5.612 r  design_1_i/vga_controller_0/U0/red3_inferred__2/i__carry__1/O[2]
                         net (fo=28, routed)          0.996     6.608    design_1_i/vga_controller_0/U0/red3_inferred__2/i__carry__1_n_5
    DSP48_X0Y12          DSP48E1 (Prop_dsp48e1_A[16]_PCOUT[47])
                                                      4.214    10.822 r  design_1_i/vga_controller_0/U0/red2/PCOUT[47]
                         net (fo=1, routed)           0.002    10.824    design_1_i/vga_controller_0/U0/red2_n_106
    DSP48_X0Y13          DSP48E1 (Prop_dsp48e1_PCIN[47]_P[4])
                                                      1.518    12.342 f  design_1_i/vga_controller_0/U0/red1/P[4]
                         net (fo=1, routed)           0.995    13.338    design_1_i/vga_controller_0/U0/red1_n_101
    SLICE_X9Y31          LUT2 (Prop_lut2_I1_O)        0.124    13.462 r  design_1_i/vga_controller_0/U0/red0_carry_i_6/O
                         net (fo=1, routed)           0.000    13.462    design_1_i/vga_controller_0/U0/red0_carry_i_6_n_0
    SLICE_X9Y31          CARRY4 (Prop_carry4_S[1]_CO[3])
                                                      0.550    14.012 r  design_1_i/vga_controller_0/U0/red0_carry/CO[3]
                         net (fo=1, routed)           0.000    14.012    design_1_i/vga_controller_0/U0/red0_carry_n_0
    SLICE_X9Y32          CARRY4 (Prop_carry4_CI_CO[3])
                                                      0.114    14.126 r  design_1_i/vga_controller_0/U0/red0_carry__0/CO[3]
                         net (fo=1, routed)           0.000    14.126    design_1_i/vga_controller_0/U0/red0_carry__0_n_0
    SLICE_X9Y33          CARRY4 (Prop_carry4_CI_CO[1])
                                                      0.157    14.283 r  design_1_i/vga_controller_0/U0/red0_carry__1/CO[1]
                         net (fo=2, routed)           1.048    15.331    design_1_i/vga_controller_0/U0/red0_carry__1_n_2
    SLICE_X12Y28         LUT4 (Prop_lut4_I3_O)        0.355    15.686 r  design_1_i/vga_controller_0/U0/green[0]_INST_0/O
                         net (fo=8, routed)           2.402    18.088    design_1_i/hdmi_tx_0/inst/srldly_0/data_i[13]
    SLICE_X42Y6          SRL16E                                       r  design_1_i/hdmi_tx_0/inst/srldly_0/srl[26].srl16_i/D
  -------------------------------------------------------------------    -------------------

                         (clock clk_out25_design_1_clk_wiz_0_0 rise edge)
                                                      0.000     0.000 r  
    BUFGCTRL_X0Y16       BUFG                         0.000     0.000 r  design_1_i/processing_system7_0/inst/buffer_fclk_clk_0.FCLK_CLK_0_BUFG/O
                         net (fo=883, routed)         1.490     1.490    design_1_i/clk_wiz_0/inst/clk_in1
    MMCME2_ADV_X0Y0      MMCME2_ADV (Prop_mmcme2_adv_CLKIN1_CLKOUT0)
                                                     -3.177    -1.687 r  design_1_i/clk_wiz_0/inst/mmcm_adv_inst/CLKOUT0
                         net (fo=1, routed)           1.599    -0.088    design_1_i/clk_wiz_0/inst/clk_out25_design_1_clk_wiz_0_0
    BUFGCTRL_X0Y0        BUFG (Prop_bufg_I_O)         0.091     0.003 r  design_1_i/clk_wiz_0/inst/clkout1_buf/O
                         net (fo=184, routed)         1.576     1.579    design_1_i/hdmi_tx_0/inst/srldly_0/pix_clk
    SLICE_X42Y6          SRL16E                                       r  design_1_i/hdmi_tx_0/inst/srldly_0/srl[26].srl16_i/CLK

Slack:                    inf
  Source:                 design_1_i/game_logic_0/U0/pellet_index_reg[3]/C
                            (rising edge-triggered cell FDRE)
  Destination:            design_1_i/hdmi_tx_0/inst/srldly_0/srl[38].srl16_i/D
                            (rising edge-triggered cell SRL16E clocked by clk_out25_design_1_clk_wiz_0_0  {rise@0.000ns fall@20.000ns period=40.000ns})
  Path Group:             (none)
  Path Type:              Setup (Max at Slow Process Corner)
  Data Path Delay:        18.077ns  (logic 8.718ns (48.227%)  route 9.359ns (51.773%))
  Logic Levels:           12  (CARRY4=5 DSP48E1=2 FDRE=1 LUT2=2 LUT4=2)
  Clock Uncertainty:      0.286ns  ((TSJ^2 + DJ^2)^1/2) / 2 + PE
    Total System Jitter     (TSJ):    0.050ns
    Discrete Jitter          (DJ):    0.236ns
    Phase Error              (PE):    0.165ns

    Location             Delay type                Incr(ns)  Path(ns)    Netlist Resource(s)
  -------------------------------------------------------------------    -------------------
    SLICE_X13Y36         FDRE                         0.000     0.000 r  design_1_i/game_logic_0/U0/pellet_index_reg[3]/C
    SLICE_X13Y36         FDRE (Prop_fdre_C_Q)         0.419     0.419 r  design_1_i/game_logic_0/U0/pellet_index_reg[3]/Q
                         net (fo=61, routed)          2.682     3.101    design_1_i/game_logic_0/U0/Q[3]
    SLICE_X14Y30         LUT4 (Prop_lut4_I3_O)        0.329     3.430 r  design_1_i/game_logic_0/U0/pellet_x[6]_INST_0/O
                         net (fo=3, routed)           1.218     4.648    design_1_i/vga_controller_0/U0/pellet_x[6]
    SLICE_X11Y31         LUT2 (Prop_lut2_I1_O)        0.327     4.975 r  design_1_i/vga_controller_0/U0/i__carry__0_i_2__3/O
                         net (fo=1, routed)           0.000     4.975    design_1_i/vga_controller_0/U0/i__carry__0_i_2__3_n_0
    SLICE_X11Y31         CARRY4 (Prop_carry4_S[2]_CO[3])
                                                      0.398     5.373 r  design_1_i/vga_controller_0/U0/red3_inferred__2/i__carry__0/CO[3]
                         net (fo=1, routed)           0.000     5.373    design_1_i/vga_controller_0/U0/red3_inferred__2/i__carry__0_n_0
    SLICE_X11Y32         CARRY4 (Prop_carry4_CI_O[2])
                                                      0.239     5.612 r  design_1_i/vga_controller_0/U0/red3_inferred__2/i__carry__1/O[2]
                         net (fo=28, routed)          0.996     6.608    design_1_i/vga_controller_0/U0/red3_inferred__2/i__carry__1_n_5
    DSP48_X0Y12          DSP48E1 (Prop_dsp48e1_A[16]_PCOUT[47])
                                                      4.214    10.822 r  design_1_i/vga_controller_0/U0/red2/PCOUT[47]
                         net (fo=1, routed)           0.002    10.824    design_1_i/vga_controller_0/U0/red2_n_106
    DSP48_X0Y13          DSP48E1 (Prop_dsp48e1_PCIN[47]_P[4])
                                                      1.518    12.342 f  design_1_i/vga_controller_0/U0/red1/P[4]
                         net (fo=1, routed)           0.995    13.338    design_1_i/vga_controller_0/U0/red1_n_101
    SLICE_X9Y31          LUT2 (Prop_lut2_I1_O)        0.124    13.462 r  design_1_i/vga_controller_0/U0/red0_carry_i_6/O
                         net (fo=1, routed)           0.000    13.462    design_1_i/vga_controller_0/U0/red0_carry_i_6_n_0
    SLICE_X9Y31          CARRY4 (Prop_carry4_S[1]_CO[3])
                                                      0.550    14.012 r  design_1_i/vga_controller_0/U0/red0_carry/CO[3]
                         net (fo=1, routed)           0.000    14.012    design_1_i/vga_controller_0/U0/red0_carry_n_0
    SLICE_X9Y32          CARRY4 (Prop_carry4_CI_CO[3])
                                                      0.114    14.126 r  design_1_i/vga_controller_0/U0/red0_carry__0/CO[3]
                         net (fo=1, routed)           0.000    14.126    design_1_i/vga_controller_0/U0/red0_carry__0_n_0
    SLICE_X9Y33          CARRY4 (Prop_carry4_CI_CO[1])
                                                      0.157    14.283 r  design_1_i/vga_controller_0/U0/red0_carry__1/CO[1]
                         net (fo=2, routed)           1.048    15.331    design_1_i/vga_controller_0/U0/red0_carry__1_n_2
    SLICE_X12Y28         LUT4 (Prop_lut4_I2_O)        0.329    15.660 r  design_1_i/vga_controller_0/U0/blue[0]_INST_0/O
                         net (fo=16, routed)          2.417    18.077    design_1_i/hdmi_tx_0/inst/srldly_0/data_i[25]
    SLICE_X38Y7          SRL16E                                       r  design_1_i/hdmi_tx_0/inst/srldly_0/srl[38].srl16_i/D
  -------------------------------------------------------------------    -------------------

                         (clock clk_out25_design_1_clk_wiz_0_0 rise edge)
                                                      0.000     0.000 r  
    BUFGCTRL_X0Y16       BUFG                         0.000     0.000 r  design_1_i/processing_system7_0/inst/buffer_fclk_clk_0.FCLK_CLK_0_BUFG/O
                         net (fo=883, routed)         1.490     1.490    design_1_i/clk_wiz_0/inst/clk_in1
    MMCME2_ADV_X0Y0      MMCME2_ADV (Prop_mmcme2_adv_CLKIN1_CLKOUT0)
                                                     -3.177    -1.687 r  design_1_i/clk_wiz_0/inst/mmcm_adv_inst/CLKOUT0
                         net (fo=1, routed)           1.599    -0.088    design_1_i/clk_wiz_0/inst/clk_out25_design_1_clk_wiz_0_0
    BUFGCTRL_X0Y0        BUFG (Prop_bufg_I_O)         0.091     0.003 r  design_1_i/clk_wiz_0/inst/clkout1_buf/O
                         net (fo=184, routed)         1.574     1.577    design_1_i/hdmi_tx_0/inst/srldly_0/pix_clk
    SLICE_X38Y7          SRL16E                                       r  design_1_i/hdmi_tx_0/inst/srldly_0/srl[38].srl16_i/CLK

Slack:                    inf
  Source:                 design_1_i/game_logic_0/U0/pellet_index_reg[3]/C
                            (rising edge-triggered cell FDRE)
  Destination:            design_1_i/hdmi_tx_0/inst/srldly_0/srl[36].srl16_i/D
                            (rising edge-triggered cell SRL16E clocked by clk_out25_design_1_clk_wiz_0_0  {rise@0.000ns fall@20.000ns period=40.000ns})
  Path Group:             (none)
  Path Type:              Setup (Max at Slow Process Corner)
  Data Path Delay:        18.059ns  (logic 8.718ns (48.274%)  route 9.341ns (51.726%))
  Logic Levels:           12  (CARRY4=5 DSP48E1=2 FDRE=1 LUT2=2 LUT4=2)
  Clock Uncertainty:      0.286ns  ((TSJ^2 + DJ^2)^1/2) / 2 + PE
    Total System Jitter     (TSJ):    0.050ns
    Discrete Jitter          (DJ):    0.236ns
    Phase Error              (PE):    0.165ns

    Location             Delay type                Incr(ns)  Path(ns)    Netlist Resource(s)
  -------------------------------------------------------------------    -------------------
    SLICE_X13Y36         FDRE                         0.000     0.000 r  design_1_i/game_logic_0/U0/pellet_index_reg[3]/C
    SLICE_X13Y36         FDRE (Prop_fdre_C_Q)         0.419     0.419 r  design_1_i/game_logic_0/U0/pellet_index_reg[3]/Q
                         net (fo=61, routed)          2.682     3.101    design_1_i/game_logic_0/U0/Q[3]
    SLICE_X14Y30         LUT4 (Prop_lut4_I3_O)        0.329     3.430 r  design_1_i/game_logic_0/U0/pellet_x[6]_INST_0/O
                         net (fo=3, routed)           1.218     4.648    design_1_i/vga_controller_0/U0/pellet_x[6]
    SLICE_X11Y31         LUT2 (Prop_lut2_I1_O)        0.327     4.975 r  design_1_i/vga_controller_0/U0/i__carry__0_i_2__3/O
                         net (fo=1, routed)           0.000     4.975    design_1_i/vga_controller_0/U0/i__carry__0_i_2__3_n_0
    SLICE_X11Y31         CARRY4 (Prop_carry4_S[2]_CO[3])
                                                      0.398     5.373 r  design_1_i/vga_controller_0/U0/red3_inferred__2/i__carry__0/CO[3]
                         net (fo=1, routed)           0.000     5.373    design_1_i/vga_controller_0/U0/red3_inferred__2/i__carry__0_n_0
    SLICE_X11Y32         CARRY4 (Prop_carry4_CI_O[2])
                                                      0.239     5.612 r  design_1_i/vga_controller_0/U0/red3_inferred__2/i__carry__1/O[2]
                         net (fo=28, routed)          0.996     6.608    design_1_i/vga_controller_0/U0/red3_inferred__2/i__carry__1_n_5
    DSP48_X0Y12          DSP48E1 (Prop_dsp48e1_A[16]_PCOUT[47])
                                                      4.214    10.822 r  design_1_i/vga_controller_0/U0/red2/PCOUT[47]
                         net (fo=1, routed)           0.002    10.824    design_1_i/vga_controller_0/U0/red2_n_106
    DSP48_X0Y13          DSP48E1 (Prop_dsp48e1_PCIN[47]_P[4])
                                                      1.518    12.342 f  design_1_i/vga_controller_0/U0/red1/P[4]
                         net (fo=1, routed)           0.995    13.338    design_1_i/vga_controller_0/U0/red1_n_101
    SLICE_X9Y31          LUT2 (Prop_lut2_I1_O)        0.124    13.462 r  design_1_i/vga_controller_0/U0/red0_carry_i_6/O
                         net (fo=1, routed)           0.000    13.462    design_1_i/vga_controller_0/U0/red0_carry_i_6_n_0
    SLICE_X9Y31          CARRY4 (Prop_carry4_S[1]_CO[3])
                                                      0.550    14.012 r  design_1_i/vga_controller_0/U0/red0_carry/CO[3]
                         net (fo=1, routed)           0.000    14.012    design_1_i/vga_controller_0/U0/red0_carry_n_0
    SLICE_X9Y32          CARRY4 (Prop_carry4_CI_CO[3])
                                                      0.114    14.126 r  design_1_i/vga_controller_0/U0/red0_carry__0/CO[3]
                         net (fo=1, routed)           0.000    14.126    design_1_i/vga_controller_0/U0/red0_carry__0_n_0
    SLICE_X9Y33          CARRY4 (Prop_carry4_CI_CO[1])
                                                      0.157    14.283 r  design_1_i/vga_controller_0/U0/red0_carry__1/CO[1]
                         net (fo=2, routed)           1.048    15.331    design_1_i/vga_controller_0/U0/red0_carry__1_n_2
    SLICE_X12Y28         LUT4 (Prop_lut4_I2_O)        0.329    15.660 r  design_1_i/vga_controller_0/U0/blue[0]_INST_0/O
                         net (fo=16, routed)          2.399    18.059    design_1_i/hdmi_tx_0/inst/srldly_0/data_i[23]
    SLICE_X38Y6          SRL16E                                       r  design_1_i/hdmi_tx_0/inst/srldly_0/srl[36].srl16_i/D
  -------------------------------------------------------------------    -------------------

                         (clock clk_out25_design_1_clk_wiz_0_0 rise edge)
                                                      0.000     0.000 r  
    BUFGCTRL_X0Y16       BUFG                         0.000     0.000 r  design_1_i/processing_system7_0/inst/buffer_fclk_clk_0.FCLK_CLK_0_BUFG/O
                         net (fo=883, routed)         1.490     1.490    design_1_i/clk_wiz_0/inst/clk_in1
    MMCME2_ADV_X0Y0      MMCME2_ADV (Prop_mmcme2_adv_CLKIN1_CLKOUT0)
                                                     -3.177    -1.687 r  design_1_i/clk_wiz_0/inst/mmcm_adv_inst/CLKOUT0
                         net (fo=1, routed)           1.599    -0.088    design_1_i/clk_wiz_0/inst/clk_out25_design_1_clk_wiz_0_0
    BUFGCTRL_X0Y0        BUFG (Prop_bufg_I_O)         0.091     0.003 r  design_1_i/clk_wiz_0/inst/clkout1_buf/O
                         net (fo=184, routed)         1.575     1.578    design_1_i/hdmi_tx_0/inst/srldly_0/pix_clk
    SLICE_X38Y6          SRL16E                                       r  design_1_i/hdmi_tx_0/inst/srldly_0/srl[36].srl16_i/CLK

Slack:                    inf
  Source:                 design_1_i/game_logic_0/U0/pellet_index_reg[3]/C
                            (rising edge-triggered cell FDRE)
  Destination:            design_1_i/hdmi_tx_0/inst/srldly_0/srl[23].srl16_i/D
                            (rising edge-triggered cell SRL16E clocked by clk_out25_design_1_clk_wiz_0_0  {rise@0.000ns fall@20.000ns period=40.000ns})
  Path Group:             (none)
  Path Type:              Setup (Max at Slow Process Corner)
  Data Path Delay:        18.043ns  (logic 8.718ns (48.318%)  route 9.325ns (51.682%))
  Logic Levels:           12  (CARRY4=5 DSP48E1=2 FDRE=1 LUT2=2 LUT4=2)
  Clock Uncertainty:      0.286ns  ((TSJ^2 + DJ^2)^1/2) / 2 + PE
    Total System Jitter     (TSJ):    0.050ns
    Discrete Jitter          (DJ):    0.236ns
    Phase Error              (PE):    0.165ns

    Location             Delay type                Incr(ns)  Path(ns)    Netlist Resource(s)
  -------------------------------------------------------------------    -------------------
    SLICE_X13Y36         FDRE                         0.000     0.000 r  design_1_i/game_logic_0/U0/pellet_index_reg[3]/C
    SLICE_X13Y36         FDRE (Prop_fdre_C_Q)         0.419     0.419 r  design_1_i/game_logic_0/U0/pellet_index_reg[3]/Q
                         net (fo=61, routed)          2.682     3.101    design_1_i/game_logic_0/U0/Q[3]
    SLICE_X14Y30         LUT4 (Prop_lut4_I3_O)        0.329     3.430 r  design_1_i/game_logic_0/U0/pellet_x[6]_INST_0/O
                         net (fo=3, routed)           1.218     4.648    design_1_i/vga_controller_0/U0/pellet_x[6]
    SLICE_X11Y31         LUT2 (Prop_lut2_I1_O)        0.327     4.975 r  design_1_i/vga_controller_0/U0/i__carry__0_i_2__3/O
                         net (fo=1, routed)           0.000     4.975    design_1_i/vga_controller_0/U0/i__carry__0_i_2__3_n_0
    SLICE_X11Y31         CARRY4 (Prop_carry4_S[2]_CO[3])
                                                      0.398     5.373 r  design_1_i/vga_controller_0/U0/red3_inferred__2/i__carry__0/CO[3]
                         net (fo=1, routed)           0.000     5.373    design_1_i/vga_controller_0/U0/red3_inferred__2/i__carry__0_n_0
    SLICE_X11Y32         CARRY4 (Prop_carry4_CI_O[2])
                                                      0.239     5.612 r  design_1_i/vga_controller_0/U0/red3_inferred__2/i__carry__1/O[2]
                         net (fo=28, routed)          0.996     6.608    design_1_i/vga_controller_0/U0/red3_inferred__2/i__carry__1_n_5
    DSP48_X0Y12          DSP48E1 (Prop_dsp48e1_A[16]_PCOUT[47])
                                                      4.214    10.822 r  design_1_i/vga_controller_0/U0/red2/PCOUT[47]
                         net (fo=1, routed)           0.002    10.824    design_1_i/vga_controller_0/U0/red2_n_106
    DSP48_X0Y13          DSP48E1 (Prop_dsp48e1_PCIN[47]_P[4])
                                                      1.518    12.342 f  design_1_i/vga_controller_0/U0/red1/P[4]
                         net (fo=1, routed)           0.995    13.338    design_1_i/vga_controller_0/U0/red1_n_101
    SLICE_X9Y31          LUT2 (Prop_lut2_I1_O)        0.124    13.462 r  design_1_i/vga_controller_0/U0/red0_carry_i_6/O
                         net (fo=1, routed)           0.000    13.462    design_1_i/vga_controller_0/U0/red0_carry_i_6_n_0
    SLICE_X9Y31          CARRY4 (Prop_carry4_S[1]_CO[3])
                                                      0.550    14.012 r  design_1_i/vga_controller_0/U0/red0_carry/CO[3]
                         net (fo=1, routed)           0.000    14.012    design_1_i/vga_controller_0/U0/red0_carry_n_0
    SLICE_X9Y32          CARRY4 (Prop_carry4_CI_CO[3])
                                                      0.114    14.126 r  design_1_i/vga_controller_0/U0/red0_carry__0/CO[3]
                         net (fo=1, routed)           0.000    14.126    design_1_i/vga_controller_0/U0/red0_carry__0_n_0
    SLICE_X9Y33          CARRY4 (Prop_carry4_CI_CO[1])
                                                      0.157    14.283 r  design_1_i/vga_controller_0/U0/red0_carry__1/CO[1]
                         net (fo=2, routed)           1.048    15.331    design_1_i/vga_controller_0/U0/red0_carry__1_n_2
    SLICE_X12Y28         LUT4 (Prop_lut4_I2_O)        0.329    15.660 r  design_1_i/vga_controller_0/U0/blue[0]_INST_0/O
                         net (fo=16, routed)          2.383    18.043    design_1_i/hdmi_tx_0/inst/srldly_0/data_i[10]
    SLICE_X42Y6          SRL16E                                       r  design_1_i/hdmi_tx_0/inst/srldly_0/srl[23].srl16_i/D
  -------------------------------------------------------------------    -------------------

                         (clock clk_out25_design_1_clk_wiz_0_0 rise edge)
                                                      0.000     0.000 r  
    BUFGCTRL_X0Y16       BUFG                         0.000     0.000 r  design_1_i/processing_system7_0/inst/buffer_fclk_clk_0.FCLK_CLK_0_BUFG/O
                         net (fo=883, routed)         1.490     1.490    design_1_i/clk_wiz_0/inst/clk_in1
    MMCME2_ADV_X0Y0      MMCME2_ADV (Prop_mmcme2_adv_CLKIN1_CLKOUT0)
                                                     -3.177    -1.687 r  design_1_i/clk_wiz_0/inst/mmcm_adv_inst/CLKOUT0
                         net (fo=1, routed)           1.599    -0.088    design_1_i/clk_wiz_0/inst/clk_out25_design_1_clk_wiz_0_0
    BUFGCTRL_X0Y0        BUFG (Prop_bufg_I_O)         0.091     0.003 r  design_1_i/clk_wiz_0/inst/clkout1_buf/O
                         net (fo=184, routed)         1.576     1.579    design_1_i/hdmi_tx_0/inst/srldly_0/pix_clk
    SLICE_X42Y6          SRL16E                                       r  design_1_i/hdmi_tx_0/inst/srldly_0/srl[23].srl16_i/CLK





Min Delay Paths
--------------------------------------------------------------------------------------
Slack:                    inf
  Source:                 design_1_i/clk_wiz_0/inst/mmcm_adv_inst/LOCKED
                            (internal pin)
  Destination:            design_1_i/hdmi_tx_0/inst/encg/cnt_reg[3]/CLR
                            (removal check against rising-edge clock clk_out25_design_1_clk_wiz_0_0  {rise@0.000ns fall@20.000ns period=40.000ns})
  Path Group:             (none)
  Path Type:              Removal (Min at Fast Process Corner)
  Data Path Delay:        0.569ns  (logic 0.045ns (7.915%)  route 0.524ns (92.085%))
  Logic Levels:           1  (LUT2=1)
  Clock Uncertainty:      0.286ns  ((TSJ^2 + DJ^2)^1/2) / 2 + PE
    Total System Jitter     (TSJ):    0.050ns
    Discrete Jitter          (DJ):    0.236ns
    Phase Error              (PE):    0.165ns

    Location             Delay type                Incr(ns)  Path(ns)    Netlist Resource(s)
  -------------------------------------------------------------------    -------------------
    MMCME2_ADV_X0Y0      MMCME2_ADV                   0.000     0.000 r  design_1_i/clk_wiz_0/inst/mmcm_adv_inst/LOCKED
                         net (fo=1, routed)           0.344     0.344    design_1_i/hdmi_tx_0/inst/encr/pix_clk_locked
    SLICE_X43Y2          LUT2 (Prop_lut2_I1_O)        0.045     0.389 f  design_1_i/hdmi_tx_0/inst/encr/oserdes_m_i_1/O
                         net (fo=50, routed)          0.179     0.569    design_1_i/hdmi_tx_0/inst/encg/AR[0]
    SLICE_X40Y2          FDCE                                         f  design_1_i/hdmi_tx_0/inst/encg/cnt_reg[3]/CLR
  -------------------------------------------------------------------    -------------------

                         (clock clk_out25_design_1_clk_wiz_0_0 rise edge)
                                                      0.000     0.000 r  
    BUFGCTRL_X0Y16       BUFG                         0.000     0.000 r  design_1_i/processing_system7_0/inst/buffer_fclk_clk_0.FCLK_CLK_0_BUFG/O
                         net (fo=883, routed)         0.814     0.814    design_1_i/clk_wiz_0/inst/clk_in1
    MMCME2_ADV_X0Y0      MMCME2_ADV (Prop_mmcme2_adv_CLKIN1_CLKOUT0)
                                                     -1.369    -0.555 r  design_1_i/clk_wiz_0/inst/mmcm_adv_inst/CLKOUT0
                         net (fo=1, routed)           0.528    -0.027    design_1_i/clk_wiz_0/inst/clk_out25_design_1_clk_wiz_0_0
    BUFGCTRL_X0Y0        BUFG (Prop_bufg_I_O)         0.029     0.002 r  design_1_i/clk_wiz_0/inst/clkout1_buf/O
                         net (fo=184, routed)         0.862     0.864    design_1_i/hdmi_tx_0/inst/encg/pix_clk
    SLICE_X40Y2          FDCE                                         r  design_1_i/hdmi_tx_0/inst/encg/cnt_reg[3]/C

Slack:                    inf
  Source:                 design_1_i/clk_wiz_0/inst/mmcm_adv_inst/LOCKED
                            (internal pin)
  Destination:            design_1_i/hdmi_tx_0/inst/encg/cnt_reg[1]/CLR
                            (removal check against rising-edge clock clk_out25_design_1_clk_wiz_0_0  {rise@0.000ns fall@20.000ns period=40.000ns})
  Path Group:             (none)
  Path Type:              Removal (Min at Fast Process Corner)
  Data Path Delay:        0.591ns  (logic 0.045ns (7.617%)  route 0.546ns (92.383%))
  Logic Levels:           1  (LUT2=1)
  Clock Uncertainty:      0.286ns  ((TSJ^2 + DJ^2)^1/2) / 2 + PE
    Total System Jitter     (TSJ):    0.050ns
    Discrete Jitter          (DJ):    0.236ns
    Phase Error              (PE):    0.165ns

    Location             Delay type                Incr(ns)  Path(ns)    Netlist Resource(s)
  -------------------------------------------------------------------    -------------------
    MMCME2_ADV_X0Y0      MMCME2_ADV                   0.000     0.000 r  design_1_i/clk_wiz_0/inst/mmcm_adv_inst/LOCKED
                         net (fo=1, routed)           0.344     0.344    design_1_i/hdmi_tx_0/inst/encr/pix_clk_locked
    SLICE_X43Y2          LUT2 (Prop_lut2_I1_O)        0.045     0.389 f  design_1_i/hdmi_tx_0/inst/encr/oserdes_m_i_1/O
                         net (fo=50, routed)          0.201     0.591    design_1_i/hdmi_tx_0/inst/encg/AR[0]
    SLICE_X38Y2          FDCE                                         f  design_1_i/hdmi_tx_0/inst/encg/cnt_reg[1]/CLR
  -------------------------------------------------------------------    -------------------

                         (clock clk_out25_design_1_clk_wiz_0_0 rise edge)
                                                      0.000     0.000 r  
    BUFGCTRL_X0Y16       BUFG                         0.000     0.000 r  design_1_i/processing_system7_0/inst/buffer_fclk_clk_0.FCLK_CLK_0_BUFG/O
                         net (fo=883, routed)         0.814     0.814    design_1_i/clk_wiz_0/inst/clk_in1
    MMCME2_ADV_X0Y0      MMCME2_ADV (Prop_mmcme2_adv_CLKIN1_CLKOUT0)
                                                     -1.369    -0.555 r  design_1_i/clk_wiz_0/inst/mmcm_adv_inst/CLKOUT0
                         net (fo=1, routed)           0.528    -0.027    design_1_i/clk_wiz_0/inst/clk_out25_design_1_clk_wiz_0_0
    BUFGCTRL_X0Y0        BUFG (Prop_bufg_I_O)         0.029     0.002 r  design_1_i/clk_wiz_0/inst/clkout1_buf/O
                         net (fo=184, routed)         0.860     0.862    design_1_i/hdmi_tx_0/inst/encg/pix_clk
    SLICE_X38Y2          FDCE                                         r  design_1_i/hdmi_tx_0/inst/encg/cnt_reg[1]/C

Slack:                    inf
  Source:                 design_1_i/clk_wiz_0/inst/mmcm_adv_inst/LOCKED
                            (internal pin)
  Destination:            design_1_i/hdmi_tx_0/inst/encg/cnt_reg[4]/CLR
                            (removal check against rising-edge clock clk_out25_design_1_clk_wiz_0_0  {rise@0.000ns fall@20.000ns period=40.000ns})
  Path Group:             (none)
  Path Type:              Removal (Min at Fast Process Corner)
  Data Path Delay:        0.591ns  (logic 0.045ns (7.617%)  route 0.546ns (92.383%))
  Logic Levels:           1  (LUT2=1)
  Clock Uncertainty:      0.286ns  ((TSJ^2 + DJ^2)^1/2) / 2 + PE
    Total System Jitter     (TSJ):    0.050ns
    Discrete Jitter          (DJ):    0.236ns
    Phase Error              (PE):    0.165ns

    Location             Delay type                Incr(ns)  Path(ns)    Netlist Resource(s)
  -------------------------------------------------------------------    -------------------
    MMCME2_ADV_X0Y0      MMCME2_ADV                   0.000     0.000 r  design_1_i/clk_wiz_0/inst/mmcm_adv_inst/LOCKED
                         net (fo=1, routed)           0.344     0.344    design_1_i/hdmi_tx_0/inst/encr/pix_clk_locked
    SLICE_X43Y2          LUT2 (Prop_lut2_I1_O)        0.045     0.389 f  design_1_i/hdmi_tx_0/inst/encr/oserdes_m_i_1/O
                         net (fo=50, routed)          0.201     0.591    design_1_i/hdmi_tx_0/inst/encg/AR[0]
    SLICE_X39Y2          FDCE                                         f  design_1_i/hdmi_tx_0/inst/encg/cnt_reg[4]/CLR
  -------------------------------------------------------------------    -------------------

                         (clock clk_out25_design_1_clk_wiz_0_0 rise edge)
                                                      0.000     0.000 r  
    BUFGCTRL_X0Y16       BUFG                         0.000     0.000 r  design_1_i/processing_system7_0/inst/buffer_fclk_clk_0.FCLK_CLK_0_BUFG/O
                         net (fo=883, routed)         0.814     0.814    design_1_i/clk_wiz_0/inst/clk_in1
    MMCME2_ADV_X0Y0      MMCME2_ADV (Prop_mmcme2_adv_CLKIN1_CLKOUT0)
                                                     -1.369    -0.555 r  design_1_i/clk_wiz_0/inst/mmcm_adv_inst/CLKOUT0
                         net (fo=1, routed)           0.528    -0.027    design_1_i/clk_wiz_0/inst/clk_out25_design_1_clk_wiz_0_0
    BUFGCTRL_X0Y0        BUFG (Prop_bufg_I_O)         0.029     0.002 r  design_1_i/clk_wiz_0/inst/clkout1_buf/O
                         net (fo=184, routed)         0.860     0.862    design_1_i/hdmi_tx_0/inst/encg/pix_clk
    SLICE_X39Y2          FDCE                                         r  design_1_i/hdmi_tx_0/inst/encg/cnt_reg[4]/C

Slack:                    inf
  Source:                 design_1_i/clk_wiz_0/inst/mmcm_adv_inst/LOCKED
                            (internal pin)
  Destination:            design_1_i/hdmi_tx_0/inst/encg/dout_reg[0]/CLR
                            (removal check against rising-edge clock clk_out25_design_1_clk_wiz_0_0  {rise@0.000ns fall@20.000ns period=40.000ns})
  Path Group:             (none)
  Path Type:              Removal (Min at Fast Process Corner)
  Data Path Delay:        0.656ns  (logic 0.045ns (6.858%)  route 0.611ns (93.142%))
  Logic Levels:           1  (LUT2=1)
  Clock Uncertainty:      0.286ns  ((TSJ^2 + DJ^2)^1/2) / 2 + PE
    Total System Jitter     (TSJ):    0.050ns
    Discrete Jitter          (DJ):    0.236ns
    Phase Error              (PE):    0.165ns

    Location             Delay type                Incr(ns)  Path(ns)    Netlist Resource(s)
  -------------------------------------------------------------------    -------------------
    MMCME2_ADV_X0Y0      MMCME2_ADV                   0.000     0.000 r  design_1_i/clk_wiz_0/inst/mmcm_adv_inst/LOCKED
                         net (fo=1, routed)           0.344     0.344    design_1_i/hdmi_tx_0/inst/encr/pix_clk_locked
    SLICE_X43Y2          LUT2 (Prop_lut2_I1_O)        0.045     0.389 f  design_1_i/hdmi_tx_0/inst/encr/oserdes_m_i_1/O
                         net (fo=50, routed)          0.267     0.656    design_1_i/hdmi_tx_0/inst/encg/AR[0]
    SLICE_X42Y3          FDCE                                         f  design_1_i/hdmi_tx_0/inst/encg/dout_reg[0]/CLR
  -------------------------------------------------------------------    -------------------

                         (clock clk_out25_design_1_clk_wiz_0_0 rise edge)
                                                      0.000     0.000 r  
    BUFGCTRL_X0Y16       BUFG                         0.000     0.000 r  design_1_i/processing_system7_0/inst/buffer_fclk_clk_0.FCLK_CLK_0_BUFG/O
                         net (fo=883, routed)         0.814     0.814    design_1_i/clk_wiz_0/inst/clk_in1
    MMCME2_ADV_X0Y0      MMCME2_ADV (Prop_mmcme2_adv_CLKIN1_CLKOUT0)
                                                     -1.369    -0.555 r  design_1_i/clk_wiz_0/inst/mmcm_adv_inst/CLKOUT0
                         net (fo=1, routed)           0.528    -0.027    design_1_i/clk_wiz_0/inst/clk_out25_design_1_clk_wiz_0_0
    BUFGCTRL_X0Y0        BUFG (Prop_bufg_I_O)         0.029     0.002 r  design_1_i/clk_wiz_0/inst/clkout1_buf/O
                         net (fo=184, routed)         0.861     0.863    design_1_i/hdmi_tx_0/inst/encg/pix_clk
    SLICE_X42Y3          FDCE                                         r  design_1_i/hdmi_tx_0/inst/encg/dout_reg[0]/C

Slack:                    inf
  Source:                 design_1_i/clk_wiz_0/inst/mmcm_adv_inst/LOCKED
                            (internal pin)
  Destination:            design_1_i/hdmi_tx_0/inst/encg/dout_reg[1]/CLR
                            (removal check against rising-edge clock clk_out25_design_1_clk_wiz_0_0  {rise@0.000ns fall@20.000ns period=40.000ns})
  Path Group:             (none)
  Path Type:              Removal (Min at Fast Process Corner)
  Data Path Delay:        0.656ns  (logic 0.045ns (6.858%)  route 0.611ns (93.142%))
  Logic Levels:           1  (LUT2=1)
  Clock Uncertainty:      0.286ns  ((TSJ^2 + DJ^2)^1/2) / 2 + PE
    Total System Jitter     (TSJ):    0.050ns
    Discrete Jitter          (DJ):    0.236ns
    Phase Error              (PE):    0.165ns

    Location             Delay type                Incr(ns)  Path(ns)    Netlist Resource(s)
  -------------------------------------------------------------------    -------------------
    MMCME2_ADV_X0Y0      MMCME2_ADV                   0.000     0.000 r  design_1_i/clk_wiz_0/inst/mmcm_adv_inst/LOCKED
                         net (fo=1, routed)           0.344     0.344    design_1_i/hdmi_tx_0/inst/encr/pix_clk_locked
    SLICE_X43Y2          LUT2 (Prop_lut2_I1_O)        0.045     0.389 f  design_1_i/hdmi_tx_0/inst/encr/oserdes_m_i_1/O
                         net (fo=50, routed)          0.267     0.656    design_1_i/hdmi_tx_0/inst/encg/AR[0]
    SLICE_X42Y3          FDCE                                         f  design_1_i/hdmi_tx_0/inst/encg/dout_reg[1]/CLR
  -------------------------------------------------------------------    -------------------

                         (clock clk_out25_design_1_clk_wiz_0_0 rise edge)
                                                      0.000     0.000 r  
    BUFGCTRL_X0Y16       BUFG                         0.000     0.000 r  design_1_i/processing_system7_0/inst/buffer_fclk_clk_0.FCLK_CLK_0_BUFG/O
                         net (fo=883, routed)         0.814     0.814    design_1_i/clk_wiz_0/inst/clk_in1
    MMCME2_ADV_X0Y0      MMCME2_ADV (Prop_mmcme2_adv_CLKIN1_CLKOUT0)
                                                     -1.369    -0.555 r  design_1_i/clk_wiz_0/inst/mmcm_adv_inst/CLKOUT0
                         net (fo=1, routed)           0.528    -0.027    design_1_i/clk_wiz_0/inst/clk_out25_design_1_clk_wiz_0_0
    BUFGCTRL_X0Y0        BUFG (Prop_bufg_I_O)         0.029     0.002 r  design_1_i/clk_wiz_0/inst/clkout1_buf/O
                         net (fo=184, routed)         0.861     0.863    design_1_i/hdmi_tx_0/inst/encg/pix_clk
    SLICE_X42Y3          FDCE                                         r  design_1_i/hdmi_tx_0/inst/encg/dout_reg[1]/C

Slack:                    inf
  Source:                 design_1_i/clk_wiz_0/inst/mmcm_adv_inst/LOCKED
                            (internal pin)
  Destination:            design_1_i/hdmi_tx_0/inst/encg/dout_reg[8]/CLR
                            (removal check against rising-edge clock clk_out25_design_1_clk_wiz_0_0  {rise@0.000ns fall@20.000ns period=40.000ns})
  Path Group:             (none)
  Path Type:              Removal (Min at Fast Process Corner)
  Data Path Delay:        0.656ns  (logic 0.045ns (6.858%)  route 0.611ns (93.142%))
  Logic Levels:           1  (LUT2=1)
  Clock Uncertainty:      0.286ns  ((TSJ^2 + DJ^2)^1/2) / 2 + PE
    Total System Jitter     (TSJ):    0.050ns
    Discrete Jitter          (DJ):    0.236ns
    Phase Error              (PE):    0.165ns

    Location             Delay type                Incr(ns)  Path(ns)    Netlist Resource(s)
  -------------------------------------------------------------------    -------------------
    MMCME2_ADV_X0Y0      MMCME2_ADV                   0.000     0.000 r  design_1_i/clk_wiz_0/inst/mmcm_adv_inst/LOCKED
                         net (fo=1, routed)           0.344     0.344    design_1_i/hdmi_tx_0/inst/encr/pix_clk_locked
    SLICE_X43Y2          LUT2 (Prop_lut2_I1_O)        0.045     0.389 f  design_1_i/hdmi_tx_0/inst/encr/oserdes_m_i_1/O
                         net (fo=50, routed)          0.267     0.656    design_1_i/hdmi_tx_0/inst/encg/AR[0]
    SLICE_X42Y3          FDCE                                         f  design_1_i/hdmi_tx_0/inst/encg/dout_reg[8]/CLR
  -------------------------------------------------------------------    -------------------

                         (clock clk_out25_design_1_clk_wiz_0_0 rise edge)
                                                      0.000     0.000 r  
    BUFGCTRL_X0Y16       BUFG                         0.000     0.000 r  design_1_i/processing_system7_0/inst/buffer_fclk_clk_0.FCLK_CLK_0_BUFG/O
                         net (fo=883, routed)         0.814     0.814    design_1_i/clk_wiz_0/inst/clk_in1
    MMCME2_ADV_X0Y0      MMCME2_ADV (Prop_mmcme2_adv_CLKIN1_CLKOUT0)
                                                     -1.369    -0.555 r  design_1_i/clk_wiz_0/inst/mmcm_adv_inst/CLKOUT0
                         net (fo=1, routed)           0.528    -0.027    design_1_i/clk_wiz_0/inst/clk_out25_design_1_clk_wiz_0_0
    BUFGCTRL_X0Y0        BUFG (Prop_bufg_I_O)         0.029     0.002 r  design_1_i/clk_wiz_0/inst/clkout1_buf/O
                         net (fo=184, routed)         0.861     0.863    design_1_i/hdmi_tx_0/inst/encg/pix_clk
    SLICE_X42Y3          FDCE                                         r  design_1_i/hdmi_tx_0/inst/encg/dout_reg[8]/C

Slack:                    inf
  Source:                 design_1_i/clk_wiz_0/inst/mmcm_adv_inst/LOCKED
                            (internal pin)
  Destination:            design_1_i/hdmi_tx_0/inst/encg/dout_reg[9]/CLR
                            (removal check against rising-edge clock clk_out25_design_1_clk_wiz_0_0  {rise@0.000ns fall@20.000ns period=40.000ns})
  Path Group:             (none)
  Path Type:              Removal (Min at Fast Process Corner)
  Data Path Delay:        0.656ns  (logic 0.045ns (6.858%)  route 0.611ns (93.142%))
  Logic Levels:           1  (LUT2=1)
  Clock Uncertainty:      0.286ns  ((TSJ^2 + DJ^2)^1/2) / 2 + PE
    Total System Jitter     (TSJ):    0.050ns
    Discrete Jitter          (DJ):    0.236ns
    Phase Error              (PE):    0.165ns

    Location             Delay type                Incr(ns)  Path(ns)    Netlist Resource(s)
  -------------------------------------------------------------------    -------------------
    MMCME2_ADV_X0Y0      MMCME2_ADV                   0.000     0.000 r  design_1_i/clk_wiz_0/inst/mmcm_adv_inst/LOCKED
                         net (fo=1, routed)           0.344     0.344    design_1_i/hdmi_tx_0/inst/encr/pix_clk_locked
    SLICE_X43Y2          LUT2 (Prop_lut2_I1_O)        0.045     0.389 f  design_1_i/hdmi_tx_0/inst/encr/oserdes_m_i_1/O
                         net (fo=50, routed)          0.267     0.656    design_1_i/hdmi_tx_0/inst/encg/AR[0]
    SLICE_X42Y3          FDCE                                         f  design_1_i/hdmi_tx_0/inst/encg/dout_reg[9]/CLR
  -------------------------------------------------------------------    -------------------

                         (clock clk_out25_design_1_clk_wiz_0_0 rise edge)
                                                      0.000     0.000 r  
    BUFGCTRL_X0Y16       BUFG                         0.000     0.000 r  design_1_i/processing_system7_0/inst/buffer_fclk_clk_0.FCLK_CLK_0_BUFG/O
                         net (fo=883, routed)         0.814     0.814    design_1_i/clk_wiz_0/inst/clk_in1
    MMCME2_ADV_X0Y0      MMCME2_ADV (Prop_mmcme2_adv_CLKIN1_CLKOUT0)
                                                     -1.369    -0.555 r  design_1_i/clk_wiz_0/inst/mmcm_adv_inst/CLKOUT0
                         net (fo=1, routed)           0.528    -0.027    design_1_i/clk_wiz_0/inst/clk_out25_design_1_clk_wiz_0_0
    BUFGCTRL_X0Y0        BUFG (Prop_bufg_I_O)         0.029     0.002 r  design_1_i/clk_wiz_0/inst/clkout1_buf/O
                         net (fo=184, routed)         0.861     0.863    design_1_i/hdmi_tx_0/inst/encg/pix_clk
    SLICE_X42Y3          FDCE                                         r  design_1_i/hdmi_tx_0/inst/encg/dout_reg[9]/C

Slack:                    inf
  Source:                 design_1_i/clk_wiz_0/inst/mmcm_adv_inst/LOCKED
                            (internal pin)
  Destination:            design_1_i/hdmi_tx_0/inst/encb/dout_reg[0]/CLR
                            (removal check against rising-edge clock clk_out25_design_1_clk_wiz_0_0  {rise@0.000ns fall@20.000ns period=40.000ns})
  Path Group:             (none)
  Path Type:              Removal (Min at Fast Process Corner)
  Data Path Delay:        0.689ns  (logic 0.045ns (6.530%)  route 0.644ns (93.470%))
  Logic Levels:           1  (LUT2=1)
  Clock Uncertainty:      0.286ns  ((TSJ^2 + DJ^2)^1/2) / 2 + PE
    Total System Jitter     (TSJ):    0.050ns
    Discrete Jitter          (DJ):    0.236ns
    Phase Error              (PE):    0.165ns

    Location             Delay type                Incr(ns)  Path(ns)    Netlist Resource(s)
  -------------------------------------------------------------------    -------------------
    MMCME2_ADV_X0Y0      MMCME2_ADV                   0.000     0.000 r  design_1_i/clk_wiz_0/inst/mmcm_adv_inst/LOCKED
                         net (fo=1, routed)           0.344     0.344    design_1_i/hdmi_tx_0/inst/encr/pix_clk_locked
    SLICE_X43Y2          LUT2 (Prop_lut2_I1_O)        0.045     0.389 f  design_1_i/hdmi_tx_0/inst/encr/oserdes_m_i_1/O
                         net (fo=50, routed)          0.300     0.689    design_1_i/hdmi_tx_0/inst/encb/AR[0]
    SLICE_X42Y8          FDCE                                         f  design_1_i/hdmi_tx_0/inst/encb/dout_reg[0]/CLR
  -------------------------------------------------------------------    -------------------

                         (clock clk_out25_design_1_clk_wiz_0_0 rise edge)
                                                      0.000     0.000 r  
    BUFGCTRL_X0Y16       BUFG                         0.000     0.000 r  design_1_i/processing_system7_0/inst/buffer_fclk_clk_0.FCLK_CLK_0_BUFG/O
                         net (fo=883, routed)         0.814     0.814    design_1_i/clk_wiz_0/inst/clk_in1
    MMCME2_ADV_X0Y0      MMCME2_ADV (Prop_mmcme2_adv_CLKIN1_CLKOUT0)
                                                     -1.369    -0.555 r  design_1_i/clk_wiz_0/inst/mmcm_adv_inst/CLKOUT0
                         net (fo=1, routed)           0.528    -0.027    design_1_i/clk_wiz_0/inst/clk_out25_design_1_clk_wiz_0_0
    BUFGCTRL_X0Y0        BUFG (Prop_bufg_I_O)         0.029     0.002 r  design_1_i/clk_wiz_0/inst/clkout1_buf/O
                         net (fo=184, routed)         0.860     0.862    design_1_i/hdmi_tx_0/inst/encb/pix_clk
    SLICE_X42Y8          FDCE                                         r  design_1_i/hdmi_tx_0/inst/encb/dout_reg[0]/C

Slack:                    inf
  Source:                 design_1_i/clk_wiz_0/inst/mmcm_adv_inst/LOCKED
                            (internal pin)
  Destination:            design_1_i/hdmi_tx_0/inst/encb/dout_reg[4]/CLR
                            (removal check against rising-edge clock clk_out25_design_1_clk_wiz_0_0  {rise@0.000ns fall@20.000ns period=40.000ns})
  Path Group:             (none)
  Path Type:              Removal (Min at Fast Process Corner)
  Data Path Delay:        0.689ns  (logic 0.045ns (6.530%)  route 0.644ns (93.470%))
  Logic Levels:           1  (LUT2=1)
  Clock Uncertainty:      0.286ns  ((TSJ^2 + DJ^2)^1/2) / 2 + PE
    Total System Jitter     (TSJ):    0.050ns
    Discrete Jitter          (DJ):    0.236ns
    Phase Error              (PE):    0.165ns

    Location             Delay type                Incr(ns)  Path(ns)    Netlist Resource(s)
  -------------------------------------------------------------------    -------------------
    MMCME2_ADV_X0Y0      MMCME2_ADV                   0.000     0.000 r  design_1_i/clk_wiz_0/inst/mmcm_adv_inst/LOCKED
                         net (fo=1, routed)           0.344     0.344    design_1_i/hdmi_tx_0/inst/encr/pix_clk_locked
    SLICE_X43Y2          LUT2 (Prop_lut2_I1_O)        0.045     0.389 f  design_1_i/hdmi_tx_0/inst/encr/oserdes_m_i_1/O
                         net (fo=50, routed)          0.300     0.689    design_1_i/hdmi_tx_0/inst/encb/AR[0]
    SLICE_X42Y8          FDCE                                         f  design_1_i/hdmi_tx_0/inst/encb/dout_reg[4]/CLR
  -------------------------------------------------------------------    -------------------

                         (clock clk_out25_design_1_clk_wiz_0_0 rise edge)
                                                      0.000     0.000 r  
    BUFGCTRL_X0Y16       BUFG                         0.000     0.000 r  design_1_i/processing_system7_0/inst/buffer_fclk_clk_0.FCLK_CLK_0_BUFG/O
                         net (fo=883, routed)         0.814     0.814    design_1_i/clk_wiz_0/inst/clk_in1
    MMCME2_ADV_X0Y0      MMCME2_ADV (Prop_mmcme2_adv_CLKIN1_CLKOUT0)
                                                     -1.369    -0.555 r  design_1_i/clk_wiz_0/inst/mmcm_adv_inst/CLKOUT0
                         net (fo=1, routed)           0.528    -0.027    design_1_i/clk_wiz_0/inst/clk_out25_design_1_clk_wiz_0_0
    BUFGCTRL_X0Y0        BUFG (Prop_bufg_I_O)         0.029     0.002 r  design_1_i/clk_wiz_0/inst/clkout1_buf/O
                         net (fo=184, routed)         0.860     0.862    design_1_i/hdmi_tx_0/inst/encb/pix_clk
    SLICE_X42Y8          FDCE                                         r  design_1_i/hdmi_tx_0/inst/encb/dout_reg[4]/C

Slack:                    inf
  Source:                 design_1_i/clk_wiz_0/inst/mmcm_adv_inst/LOCKED
                            (internal pin)
  Destination:            design_1_i/hdmi_tx_0/inst/encb/dout_reg[5]/CLR
                            (removal check against rising-edge clock clk_out25_design_1_clk_wiz_0_0  {rise@0.000ns fall@20.000ns period=40.000ns})
  Path Group:             (none)
  Path Type:              Removal (Min at Fast Process Corner)
  Data Path Delay:        0.689ns  (logic 0.045ns (6.530%)  route 0.644ns (93.470%))
  Logic Levels:           1  (LUT2=1)
  Clock Uncertainty:      0.286ns  ((TSJ^2 + DJ^2)^1/2) / 2 + PE
    Total System Jitter     (TSJ):    0.050ns
    Discrete Jitter          (DJ):    0.236ns
    Phase Error              (PE):    0.165ns

    Location             Delay type                Incr(ns)  Path(ns)    Netlist Resource(s)
  -------------------------------------------------------------------    -------------------
    MMCME2_ADV_X0Y0      MMCME2_ADV                   0.000     0.000 r  design_1_i/clk_wiz_0/inst/mmcm_adv_inst/LOCKED
                         net (fo=1, routed)           0.344     0.344    design_1_i/hdmi_tx_0/inst/encr/pix_clk_locked
    SLICE_X43Y2          LUT2 (Prop_lut2_I1_O)        0.045     0.389 f  design_1_i/hdmi_tx_0/inst/encr/oserdes_m_i_1/O
                         net (fo=50, routed)          0.300     0.689    design_1_i/hdmi_tx_0/inst/encb/AR[0]
    SLICE_X42Y8          FDCE                                         f  design_1_i/hdmi_tx_0/inst/encb/dout_reg[5]/CLR
  -------------------------------------------------------------------    -------------------

                         (clock clk_out25_design_1_clk_wiz_0_0 rise edge)
                                                      0.000     0.000 r  
    BUFGCTRL_X0Y16       BUFG                         0.000     0.000 r  design_1_i/processing_system7_0/inst/buffer_fclk_clk_0.FCLK_CLK_0_BUFG/O
                         net (fo=883, routed)         0.814     0.814    design_1_i/clk_wiz_0/inst/clk_in1
    MMCME2_ADV_X0Y0      MMCME2_ADV (Prop_mmcme2_adv_CLKIN1_CLKOUT0)
                                                     -1.369    -0.555 r  design_1_i/clk_wiz_0/inst/mmcm_adv_inst/CLKOUT0
                         net (fo=1, routed)           0.528    -0.027    design_1_i/clk_wiz_0/inst/clk_out25_design_1_clk_wiz_0_0
    BUFGCTRL_X0Y0        BUFG (Prop_bufg_I_O)         0.029     0.002 r  design_1_i/clk_wiz_0/inst/clkout1_buf/O
                         net (fo=184, routed)         0.860     0.862    design_1_i/hdmi_tx_0/inst/encb/pix_clk
    SLICE_X42Y8          FDCE                                         r  design_1_i/hdmi_tx_0/inst/encb/dout_reg[5]/C





